issue,url,title,state,created,closed,labels,thread_type,verdict,duplicate_of,n_causes,cause_ids,categories,strengths,evidence_kinds,n_ruled_out,ruled_out_findings,summary,evidence
1,https://github.com/mrdoob/three.js/issues/1,SVG support?,CLOSED,2010-04-25,2010-04-26,,perf_feature_request,cause_asserted_unverified,,1,O-04,other,speculative,hypothetical,0,,"Discussion of SVG vs Canvas renderer; mrdoob speculates SVG can render without antialiasing, which could boost performance.","mrdoob: ""lets you render without antialias which can boost performance (and <canvas> doesn't have non-antialias option)"""
16,https://github.com/mrdoob/three.js/issues/16,Make vector class chainable,CLOSED,2010-09-26,2010-09-30,,perf_question_or_help,ruled_out_or_no_cause,,0,,,,,1,Returning `this` from Vector3 math methods adds no measurable per-call overhead in hot math loops (10M-iteration benchmark shows chainable equal or slightly faster),"Chainable vector methods proposed; micro-benchmark showed returning `this` is not slower (marginally faster), so change was merged.",
25,https://github.com/mrdoob/three.js/issues/25,webgl renderer has gotten very slow?,CLOSED,2010-11-15,2010-12-02,Bug,perf_regression_report,cause_asserted_unverified,,3,SPC-08; DBD-03; SPC-01,shader_program_compilation; device_browser_driver; shader_program_compilation,speculative; reporter_asserted; speculative,hypothetical; observed_cost; hypothetical,0,,"WebGL renderer became much slower after the multi-light commit, but only on an old ATI Radeon HD 2600 on OS X; attributed to shader complexity/uniform-bounded loops rubbing the GPU driver the wrong way.","""for multilights I use uniforms as loop boundaries. This is supposed to be supported in GPUs only since some time"" — alteredq is a maintainer but frames it as a suspicion (""I suspect what what could be going on""), never confirmed || ""the only one having this problem is my old MacBookPro with an ATI Radeon HD 2600 Pro""; ""old three.js webgl - 100 fps"" vs ""new three.js webgl - 30 fps"" — numbers show slowdown but do not isolate the driver mechanism || ""shader will be compiled to handle default of 1 directional + 4 point lights (which will be empty, but code may be executed anyways)"" — hedged with ""may be executed"""
36,https://github.com/mrdoob/three.js/issues/36,Matrix4 ⟶ Float32Array,CLOSED,2010-11-30,2010-12-02,Question,perf_feature_request,cause_established,,3,CAH-10; PFAG-01; MWU-03,core_algorithmic_hotpath; per_frame_allocation_gc; matrix_world_updates,reporter_asserted; maintainer_confirmed; maintainer_confirmed,proposed_optimization; proposed_optimization; hypothetical,0,,"Proposal to back Matrix4/Vector with typed arrays; jsperf shows object-based matrix math much slower, GC churn from allocating temporaries identified, and gero3's optimizations landed a ~22% win.","body: ""having it object based is 80-90% slower"" || alteredq: ""Biggest point for fast math in JS is not creating / destroying objects / arrays all the time and cache access."" || alteredq: ""Per-object math (modelview and normal matrix) is computed in JS.   So this can indeed become a bottleneck when you have many objects."""
37,https://github.com/mrdoob/three.js/issues/37,Crowd-source example performance,CLOSED,2010-11-30,2010-12-02,,perf_feature_request,no_mechanism,,0,,,,,0,,Suggestion to crowd-source FPS statistics from examples; closed by maintainer without discussing any cost mechanism.,
43,https://github.com/mrdoob/three.js/issues/43,Implement depth buffering in CanvasRenderer,CLOSED,2010-12-02,2010-12-02,,perf_feature_request,cause_established,,1,RTP-03,render_target_postprocessing,maintainer_confirmed,hypothetical,0,,Request for a depth buffer in CanvasRenderer instead of painter's-algorithm sorting; mrdoob argues a depth pass plus per-pixel sorting would be prohibitively expensive in canvas 2D.,"mrdoob: ""The DepthMaterial alone requires drawing the whole scene twice. Using bitmap draws, that would decrease the performance by 90% at least."""
60,https://github.com/mrdoob/three.js/issues/60,Rotation with cube !,CLOSED,2010-12-16,2011-01-13,Question,perf_question_or_help,incidental,,0,,,,,0,,Question about snapping cube rotation to a face; an aside notes that face subdivision for correct texture interpolation in canvas is very costly.,
63,https://github.com/mrdoob/three.js/issues/63,COLLADA import?,CLOSED,2010-12-21,2011-09-03,Enhancement,perf_feature_request,incidental,,0,,,,,0,,COLLADA import request; performance mentioned only as an aside praising three.js over O3D and asking about shadow maps.,
79,https://github.com/mrdoob/three.js/issues/79,WebGLRenderer: Update geometry?,CLOSED,2011-01-05,2011-02-12,Question,perf_question_or_help,cause_established,,4,GBU-01; GBU-02; GBU-09; GBU-06,geometry_buffer_updates; geometry_buffer_updates; geometry_buffer_updates; geometry_buffer_updates,maintainer_confirmed; measured; measured; measured,observed_cost; observed_cost; observed_cost; observed_cost,0,,"How to update geometry per frame; deleting/recreating VBOs each frame allocates GPU buffers per frame and leaks, and profiling showed the real bottleneck is converting three.js geometry structures into typed arrays in setBuffers.","mrdoob: ""it's allocating buffers on the gpu per frame"" || alteredq: ""Bottleneck seems to be translation from Three.js internal data formats into typed arrays (loops in `WebGLRenderer.setBuffers`)."" || alteredq: ""Looks like factor of 10 drop in performance"" || alteredq: ""When updating also normals, there is a big performance drop to ~7.5K vertices at 60 fps."""
90,https://github.com/mrdoob/three.js/issues/90,WebGL renderer for inside sides of a sphere,CLOSED,2011-01-15,2011-01-17,Question,perf_question_or_help,cause_established,,1,CASI-05,culling_and_spatial_index,maintainer_confirmed,observed_cost,0,,"Rendering the inside of a sphere; resolved via face culling / flipSided. Aside establishes that in the Minecraft demo hand-made face culling avoids uploading unneeded geometry, which is the bottleneck.","mrdoob: ""The reason of doing the culling handmade in that case is to avoid sending unneeded geometry to the graphics card. At that level you can gain a lot of fps."" and alteredq: ""It seems in this demo bottleneck is geometry"""
92,https://github.com/mrdoob/three.js/issues/92,MeshBasicMaterial with both stroke and fill,CLOSED,2011-01-17,2011-03-30,Question,perf_feature_request,cause_established,,1,TUD-12,texture_upload_decode,maintainer_confirmed,hypothetical,0,,Request for stroke+fill materials; solved by multi-material mesh. Asides about thick lines in WebGL and canvas texture cost.,"alteredq: ""there textures are expensive and lines are nice"""
108,https://github.com/mrdoob/three.js/issues/108,WebGLRenderer renders slower than CanvasRenderer,CLOSED,2011-02-02,2011-02-04,Question,perf_question_or_help,cause_established,,2,DCO-01; GBU-01,draw_call_overhead; geometry_buffer_updates,measured; reporter_asserted,observed_cost; observed_cost,0,,WebGLRenderer slower than CanvasRenderer with 1000 cubes; cause is one draw call per mesh — merging geometry into one mesh gave 10000 cubes at 85fps.,"flexelektro: ""i now achieved to run 10000 boxes with webgl with 85fps."" || flexelektro: ""yes, as expected its also very slow. 4ps at 1000 objects."""
143,https://github.com/mrdoob/three.js/issues/143,How to use Blender export script?,CLOSED,2011-03-27,2011-03-29,Question,other_nonperf,incidental,,0,,,,,0,,Blender exporter installation help; 'bad performance' only appears inside a pasted Blender addon warning string.,
151,https://github.com/mrdoob/three.js/issues/151,Transparent canvas texture background,CLOSED,2011-03-30,2011-04-01,Question,correctness_bug,incidental,,0,,,,,0,,Transparent canvas texture background; fixed by explicit transparent flag and sorting. A later aside asks whether depthTest vs depthWrite has a perf difference; never answered with a mechanism.,
154,https://github.com/mrdoob/three.js/issues/154,JSONLoader.js transparent texture,CLOSED,2011-04-03,2011-04-10,Question,perf_question_or_help,cause_established,,1,TS-05,transparency_sorting,maintainer_confirmed,hypothetical,0,,"Transparent texture artifacts in WebGL; explained as lack of per-triangle depth sorting, which would be prohibitively expensive in JS.","alteredq: ""performance would go down the drain as sorting has to be done in JavaScript and also in each frame WebGL buffers would have to be reset"""
161,https://github.com/mrdoob/three.js/issues/161,Questions regarding the ParticleSystem (WebGL),CLOSED,2011-04-05,2011-04-06,Question,perf_question_or_help,cause_asserted_unverified,,1,DCO-04,draw_call_overhead,reporter_asserted,observed_cost,0,,Per-particle textures/sizes not supported; workaround of one ParticleSystem per particle kills performance for 7000 particles.,"""Unfortunately I have over 7000 particles, and that basically kills the performance if I do it that way"""
162,https://github.com/mrdoob/three.js/issues/162,SVGRenderer WebGLrenders and textures,CLOSED,2011-04-05,2011-04-06,Question,perf_question_or_help,incidental,,0,,,,,0,,Texture/text not rendering in WebGL; needsUpdate misuse and Particle unsupported in WebGLRenderer. ParticleSystem's batched structure cited as the performance reason.,
167,https://github.com/mrdoob/three.js/issues/167,Question about performance tuning,CLOSED,2011-04-09,2011-04-12,Question,perf_question_or_help,cause_established,,4,MWU-02; DCO-04; GBU-04; LUU-04,matrix_world_updates; draw_call_overhead; geometry_buffer_updates; lights_uniforms_ubo,maintainer_confirmed; maintainer_confirmed; maintainer_confirmed; speculative,proposed_optimization; observed_cost; observed_cost; proposed_optimization,0,,"Large 3D graph perf tuning: per-object matrix auto-update, one ParticleSystem/Line per element, and lack of dynamic geometry growth support.","mrdoob: ""If an mesh position is not going to change you can disable the matrix computation"" || alteredq: ""it seems you add each point as a single `ParticleSystem` and each line as separate `Line`"" || alteredq: ""For dynamically growing geometries new buffers will need to get allocated, which is going to be slow"" || alteredq: ""you can try directional ones, these should be somehow cheaper than point lights"""
174,https://github.com/mrdoob/three.js/issues/174,Uncaught ReferenceError: requestAnimationFrame is not defined,CLOSED,2011-04-15,2011-04-18,,other_nonperf,incidental,,0,,,,,0,,"requestAnimationFrame polyfill missing in README example; discussion of bundling it into three.js, with a page-load performance aside.",
189,https://github.com/mrdoob/three.js/issues/189,Rendering the same scene to two different renderers.,CLOSED,2011-04-26,2015-07-05,Enhancement,correctness_bug,cause_established,,2,GBU-08; O-08,geometry_buffer_updates; other,maintainer_confirmed; maintainer_confirmed,observed_cost; observed_cost,0,,Same scene cannot be rendered by two WebGLRenderers because GL buffers are stored on the objects themselves and are not shareable across contexts; workaround was cloning scenes (expensive). Fixed by #6723.,"mrdoob: ""The buffers are being stored in the objects themselves. So a new renderer tries to use the buffers that have been created in another context."" || alteredq: ""You can't really share WebGL objects between multiple WebGL contexts"""
202,https://github.com/mrdoob/three.js/issues/202,Apply different materials to faces of a plane,CLOSED,2011-05-12,2011-05-17,Question,perf_question_or_help,incidental,,0,,,,,0,,Per-face material changes not applied at runtime in WebGLRenderer; side discussion notes raycasting uses static geometry because morph/skinning is done on GPU and CPU blending would be needed.,
203,https://github.com/mrdoob/three.js/issues/203,Feedback/Optimization,CLOSED,2011-05-13,2011-05-26,Question,perf_question_or_help,cause_asserted_unverified,,1,TS-02,transparency_sorting,speculative,proposed_optimization,0,,User asks why their particle demo is slow; mrdoob suggests removing particle sorting.,"mrdoob: ""If you're doing everything using additive blending try removing this `particles.sortParticles = true;`"""
213,https://github.com/mrdoob/three.js/issues/213,Text for Three.js,CLOSED,2011-05-22,2011-05-27,Enhancement,perf_feature_request,no_mechanism,,0,,,,,0,,"Adding 3D text geometry support; performance mentioned only in passing (doubleSided, Face3 vs Face4 questions never answered with a cost mechanism).",
225,https://github.com/mrdoob/three.js/issues/225,Creating HUD over 3d Scene (WebGLRenderer) ?,CLOSED,2011-05-29,2011-06-02,Question,perf_question_or_help,cause_asserted_unverified,,2,RTP-08; O-04,render_target_postprocessing; other,speculative; reporter_asserted,hypothetical; observed_cost,0,,How to build a HUD over a 3D scene; later comments discuss relative costs of HTML overlay compositing vs a second full-screen render pass.,"trinketmage: ""cause a second renderer of size of screen multiplied by the pixel ratio"" || there is a ""compositing cost"" but as long as you don't have too much overlay (if i use 4 times/ 5 times sizes of screen overlays it get laggy on Chrome with Mac Book Pro Retina mid 2015)"
228,https://github.com/mrdoob/three.js/issues/228,Depth-of-field and ribbons examples performance regress,CLOSED,2011-05-30,2011-05-30,,perf_regression_report,cause_established,,1,CGSS-03,cpu_gpu_sync_stall,measured,observed_cost,0,,"DOF and ribbons examples regressed ~2x in fps; profiling showed gl.finish() calls, added for sync reasons, consumed 70-80% of frame time.",alteredq: 'I tried to profile this and it seems culprit is `finish` - takes 70 - 80 % of time!' and 'webgl_interactive_cubes` went from 26 to 47 fps'
242,https://github.com/mrdoob/three.js/issues/242,THREE.SceneUtils.addMesh,CLOSED,2011-06-07,2011-06-07,,perf_question_or_help,incidental,,0,,,,,0,,Question about geometry semantics and instancing; answer is to reuse one Geometry across many Meshes to save memory.,
244,https://github.com/mrdoob/three.js/issues/244,Drawing lattice structures fast,CLOSED,2011-06-08,2011-06-09,Question,perf_question_or_help,cause_established,,2,DCO-04; RP-06,draw_call_overhead; raycasting_picking,maintainer_confirmed; speculative,observed_cost; hypothetical,0,,"Lattice of many Line and ParticleSystem objects is slow; advice is to merge into single Line/ParticleSystem geometries to cut draw calls, and use GPU color-id picking instead of per-object colliders.","alteredq: 'the key to performance is to put many vertices into single `ParticleSystem` object' || alteredq: 'If you do this extra render pass just on click event, performance should be pretty good.'"
275,https://github.com/mrdoob/three.js/issues/275,How to copy a mesh,CLOSED,2011-06-17,2011-06-17,,perf_question_or_help,incidental,,0,,,,,0,,How to clone a mesh without reloading geometry; answer: share one Geometry across multiple Meshes.,
280,https://github.com/mrdoob/three.js/issues/280,Approach for Multiple Small Viewports in Three.js?,CLOSED,2011-06-20,2011-06-21,Question,perf_question_or_help,cause_asserted_unverified,,1,AAM-03,app_api_misuse,speculative,hypothetical,0,,"Asks whether to use many small renderers or one scene with viewports for ~20 3D figures on a page; mrdoob suggests setViewport, noting per-figure renderers cost more memory.","""it'll eat more memory I guess"""
285,https://github.com/mrdoob/three.js/issues/285,Performance question (individual meshes vs merged),CLOSED,2011-06-21,2011-06-28,Question,perf_question_or_help,cause_established,,2,CAH-05; DCO-02,core_algorithmic_hotpath; draw_call_overhead,reporter_asserted; maintainer_confirmed,observed_cost; observed_cost,0,,"Merging 700-800 textured meshes into one geometry performed worse than separate meshes; profiling pointed at per-frame updateObject iterating all geometry groups, and maintainer explained state changes (many materials/textures) dominate; fix is a texture atlas + single material.","body: ""the biggest culprit is the repeated updateObject calls which iterates over all geometrygroups of the merged mesh"" ... ""When I instrument this function to only be evaluated once, performance improves quite a bit"" ... ""about 30 frames per second"" || alteredq: ""state changes are expensive - a lot of simple things will have much worse performance than few complex things"""
291,https://github.com/mrdoob/three.js/issues/291,"Need unminified threecanvas.js to modify it to include camera.right vector, etc.",CLOSED,2011-06-24,2011-06-25,,perf_question_or_help,cause_asserted_unverified,,1,AAM-06,app_api_misuse,reporter_asserted,proposed_optimization,0,,User asks for unminified source; mentions in passing that computing camera look-at/right vectors via cross products each frame is slow. Thread resolves as build/source-location help.,"body: ""I'm having to calculate the lookAt direction vector and the right vector the hard way -- via cross products"""
299,https://github.com/mrdoob/three.js/issues/299,Object intersection - invisible/disappeared faces,CLOSED,2011-06-27,2011-06-27,Question,correctness_bug,cause_asserted_unverified,,1,TS-05,transparency_sorting,speculative,hypothetical,0,,"CanvasRenderer draws faces sorted by face-centroid z, producing wrong order for intersecting cubes; a commenter asserts proper per-triangle splitting/occlusion testing was avoided because it would be too CPU-expensive.","""My assumption as to the cause of this was that the overhead of calculating everything correctly would severely hamper performance"" and ""all of which would take a lot of processing power"""
323,https://github.com/mrdoob/three.js/issues/323,ExtrudeGeometry,CLOSED,2011-07-04,2011-10-07,Enhancement,perf_feature_request,cause_established,,7,PFAG-01; CAH-03; AAM-10; DCO-04; GBU-10; RTP-01; CAH-11,per_frame_allocation_gc; core_algorithmic_hotpath; app_api_misuse; draw_call_overhead; geometry_buffer_updates; render_target_postprocessing; core_algorithmic_hotpath,maintainer_confirmed; measured; maintainer_confirmed; maintainer_confirmed; maintainer_confirmed; speculative; speculative,observed_cost; observed_cost; observed_cost; proposed_optimization; hypothetical; hypothetical; hypothetical,0,,"Design discussion for splitting extrusion out of TextGeometry into ExtrudeGeometry; profiling revealed GC churn from temporary vectors, an O(n^2) Vector2 comparison loop in triangulateShape, and a lost curveSegments parameter causing over-tessellation. Side discussion on SSAO/AO cost.","alteredq: ""tons of time is spent in garbage collection. I think it may come from creating all these temporary vectors in `ExtrudeGeometry` (both explicitly via ""new"" and implicitly via ""clone"")"" || alteredq: ""refactoring of vertex index finding loops in `Shape.Utils.triangulateShape` to use hashmap (these loops were doing hundreds of thousands Vector2 comparisons"" || alteredq: ""Canvas text example got slow as it was running with default segmentation of 12 instead of application specified 2."" || alteredq: ""createPathGeometry code is not efficient - it should be a single `Line` object for the whole path"" || alteredq: ""generic geometry merging via `GeometryUtils` is quite slow"" || alteredq: ""I guess as they tend to be fragment shader and texture bandwidth heavy?"" || alteredq: ""you could do this part in JavaScript, though it could be slow"""
325,https://github.com/mrdoob/three.js/issues/325,Problems generating terrains procedurally,CLOSED,2011-07-05,2011-07-15,Question,perf_question_or_help,cause_established,,2,SGS-01; DBD-02,scene_graph_scale; device_browser_driver,maintainer_confirmed; speculative,observed_cost; hypothetical,0,,"1000x1000 PlaneGeometry terrain (2M triangles) exhausts memory in Chrome stable and takes very long to initialize; maintainer says such geometry counts are impractical and recommends chunking/LOD/streaming, noting integrated Intel GPUs choke on large geometries.","""Chrome stable doesn't even allow to run terrain with 1000 x 1000 grid, it tells \""script on the page used too much memory\""."" and ""Chrome canary runs 1000 x 1000 terrain ok, just it takes a long time to initialize."" || ""Some GPUs, like integrated Intel ones may have troubles with large geometries."""
341,https://github.com/mrdoob/three.js/issues/341,"Google Closure Compiler ""externs"" file for three.js ?",CLOSED,2011-07-10,2011-09-02,Question,perf_feature_request,cause_asserted_unverified,,1,BSLT-07,bundle_size_load_time,speculative,proposed_optimization,0,,"Long-running request for a Closure Compiler externs file / advanced-optimizations support; contributors argue advanced mode's inlining, constant folding and renaming would reduce lookup cost and code size, but this is never measured and mrdoob rejects per-function annotations.","tschw: ""Lookup is comparatively expensive in JavaScript. The combination of renaming, constant folding and inlining will remove a lot of lookup plus numerous function calls."""
342,https://github.com/mrdoob/three.js/issues/342,Dynamic faces,CLOSED,2011-07-10,2011-07-14,Question,perf_question_or_help,cause_established,,1,GBU-04,geometry_buffer_updates,maintainer_confirmed,hypothetical,0,,"Adding faces at runtime doesn't update WebGLRenderer; maintainer explains VBOs are fixed-size so adding faces requires recreating buffers, which is far slower than updating existing ones, and suggests pre-allocated face pools or renderBufferImmediate.","alteredq: ""this would require creating new buffers, which is much slower than just setting values in existing buffers (this is what dirty flags are used for)"""
349,https://github.com/mrdoob/three.js/issues/349,Attribute for each vertex (Particle) in Vertex shader,CLOSED,2011-07-12,2011-07-14,Enhancement,perf_feature_request,cause_established,,1,DCO-04,draw_call_overhead,maintainer_confirmed,hypothetical,1,"gl.POINTS require one vertex per quad vs at least 4 (indexed) or 6 (unindexed) vertices per quad, reducing vertex/buffer cost",Custom attributes not supported for ParticleSystem; added. Discussion establishes draw-call cost differences between Sprite and ParticleSystem.,"alteredq: ""Every single `Sprite` is one draw call (including expensive state setting)."""
368,https://github.com/mrdoob/three.js/issues/368,Few questions on Canvas particles,CLOSED,2011-07-19,2011-07-20,,perf_question_or_help,cause_established,,2,CAH-16; SGS-01,core_algorithmic_hotpath; scene_graph_scale,maintainer_confirmed; maintainer_confirmed,observed_cost; observed_cost,0,,CanvasRenderer redraws whole scene each render; 5000 particles too many for CanvasRenderer. Caching to an offscreen canvas suggested.,"mrdoob: ""Nope... how do we know if there aren't particles on top of it that need to be redrawn too?"" || mrdoob: ""5000 particles is a lot of particles for `CanvasRenderer` I'm afraid."""
375,https://github.com/mrdoob/three.js/issues/375,Particles vs ParticleSystem,CLOSED,2011-07-24,2011-09-05,Question,perf_question_or_help,cause_established,,2,TS-02; TUD-13,transparency_sorting; texture_upload_decode,maintainer_confirmed; reporter_asserted,proposed_optimization; observed_cost,0,,"Particle vs ParticleSystem performance question; sortParticles identified as a major performance drain, dirty flags needed for dynamic updates.","alteredq: ""But if you don't need sorting, it's better not to have it enabled, it's a major performance drain."" || zz85: ""The tests results seems to show that imagedata performances quite good."" with http://jsperf.com/texture-sources (dead link)"
387,https://github.com/mrdoob/three.js/issues/387,Models don't loaded properly,CLOSED,2011-07-29,2011-10-07,Question,perf_defect_report,cause_established,,1,LPC-01,loader_parse_cost,maintainer_confirmed,observed_cost,0,,"Loading 36 large JSON models (105MB) crashes the tab; missing close() in worker-based JSONLoader models keeps workers alive, plus browser memory limits.","alteredq: ""Not having `close()` in JSONs will cause loading to hang for a long time when having many models (as it takes a while for Workers to get garbage collected and there is limited pool of Workers)."""
397,https://github.com/mrdoob/three.js/issues/397,Ray intersection instability,CLOSED,2011-08-04,2011-08-04,Question,correctness_bug,incidental,,0,,,,,0,,"Ray intersection instability from unprojecting with z=0.5; precision issue, fixed by using z=1. Only 'performance' appears in a pasted page title.",
403,https://github.com/mrdoob/three.js/issues/403,Texture reuse,CLOSED,2011-08-04,2011-08-29,Question,perf_question_or_help,cause_asserted_unverified,,1,TUD-02,texture_upload_decode,reporter_asserted,observed_cost,0,,Question on reusing textures across objects; duplicate texture instances from same URL cause redundant GPU uploads/memory.,"russellsavage: ""it reuses the textures that share the same url. This has greatly increased performance for me"""
413,https://github.com/mrdoob/three.js/issues/413,"Model Object JSON ""Array Initialisor too large"" - Only Firefox",CLOSED,2011-08-09,2011-11-20,Enhancement,perf_defect_report,no_mechanism,,0,,,,,0,,Firefox 'array initialiser too large' for huge model JSON; workaround emits vertices as a string parsed at runtime. mrdoob asked for timing comparison but none was provided.,
420,https://github.com/mrdoob/three.js/issues/420,WebGLRenderer Vertex Colors not updating,CLOSED,2011-08-12,2011-08-14,Question,perf_question_or_help,cause_asserted_unverified,,1,DCO-02,draw_call_overhead,reporter_asserted,observed_cost,0,,Vertex colors not updating without mesh.dynamic + __dirtyColors; reporter also mentions per-section materials causing performance issues.,"""I was originally doing this by setting different materials for each section of the tree, but that was causing some performance issues."""
423,https://github.com/mrdoob/three.js/issues/423,Naming Mesh and Particle,CLOSED,2011-08-13,2011-08-19,Question,other_nonperf,incidental,,0,,,,,0,,API naming discussion for Mesh/Particle/Sprite; performance mentioned only as an aside about particle system code paths.,
429,https://github.com/mrdoob/three.js/issues/429,Textures slightly inconstant on faces,CLOSED,2011-08-15,2011-08-15,Question,perf_question_or_help,cause_established,,1,DCO-07,draw_call_overhead,maintainer_confirmed,hypothetical,0,,"CanvasRenderer texture affine transform artifact; workaround is higher tessellation, which costs performance.","alteredq: ""you can try to have higher tessellation of the geometry ... though performance will be slower"""
430,https://github.com/mrdoob/three.js/issues/430,How to control culling in WebGLRenderer,CLOSED,2011-08-15,2011-08-15,Question,perf_question_or_help,cause_established,,0,,,,,0,,Objects disappearing due to stale/incorrect bounding sphere used for frustum culling; also note backface culling default improves speed.,
456,https://github.com/mrdoob/three.js/issues/456,Canvas PointLight (rotation within a Object3D dummy),CLOSED,2011-08-25,2012-02-10,Enhancement,correctness_bug,no_mechanism,,0,,,,,0,,PointLight not following parent Object3D rotation; reporter wonders about perf cost of manual world-matrix updates but no mechanism given.,
465,https://github.com/mrdoob/three.js/issues/465,How to create a custom color for mesh faces,CLOSED,2011-08-26,2011-08-29,Help (please use the forum),perf_question_or_help,cause_asserted_unverified,,1,DCO-02,draw_call_overhead,speculative,hypothetical,0,,Per-face colors; suggestion to use one material per face is noted as fine for CanvasRenderer but a 'huge no-no' for WebGLRenderer.,"alteredq: ""This would be a huge no-no for WebGLRenderer but for CanvasRenderer I think it shouldn't affect the performance."""
478,https://github.com/mrdoob/three.js/issues/478,Web Worker compatibility,CLOSED,2011-09-01,2011-09-05,Enhancement,perf_feature_request,cause_asserted_unverified,,1,AAM-14,app_api_misuse,reporter_asserted,proposed_optimization,0,,Request to make three.js importable in Web Workers so heavy geometry generation doesn't block the main thread; blocked by window references.,"""We had to tweak THREE.js to remove all usages of window object, to be able to use it in the worker."""
492,https://github.com/mrdoob/three.js/issues/492,Quick and Dirty Vertex Shader,CLOSED,2011-09-04,2011-09-04,Question,perf_question_or_help,no_mechanism,,0,,,,,0,,User hitting CanvasRenderer limits asks about vertex shaders; answer is to use nested Object3D scaling. No cost mechanism established.,
507,https://github.com/mrdoob/three.js/issues/507,Implementing chunked LOD terrain system & speed,CLOSED,2011-09-06,2012-01-13,Question,perf_question_or_help,cause_asserted_unverified,,2,SGS-02; DBD-01,scene_graph_scale; device_browser_driver,reporter_asserted; upstream_bug,observed_cost; observed_cost,0,,Chunked LOD terrain: traversing the whole quadtree each frame to reset .visible flags was the bottleneck; solved with immediate-mode rendering and shared geometry with per-chunk uniforms.,"NINE78: ""meant traversing the entire quadtree to reset the attributes"" || chandlerprall: ""Something in ANGLE at the time was making geometry creation slow after a certain number of polygons were created"""
509,https://github.com/mrdoob/three.js/issues/509,Raytracer / Pathtracer for Three.js,CLOSED,2011-09-07,2014-05-11,Question,perf_feature_request,cause_asserted_unverified,,2,CAH-03; SPC-01,core_algorithmic_hotpath; shader_program_compilation,speculative; reporter_asserted,hypothetical; hypothetical,0,,Proposal for a ray/path tracing renderer; discussion of why tracing arbitrary triangle meshes in fragment shaders is slow without acceleration structures.,"a data structure like kd-tree would be quite tricky to implement -- actually I'm not sure if it'd be possible on the current GLSL version or if it'd help performance || skrat: ""adding or removing would require shader recompile"""
516,https://github.com/mrdoob/three.js/issues/516,Resize Performance Hack,CLOSED,2011-09-09,2011-09-15,Enhancement,perf_feature_request,cause_established,,1,FOR-03,fillrate_overdraw_resolution,reporter_asserted,observed_cost,0,,"Proposal for rendering at half resolution and CSS-upscaling the canvas to cut fragment/rasterization cost; measured ~5fps gain, mrdoob prefers doing it by hand.","body: ""it seems I'm able to get about 5fps improvements for canvas renderer for 2x scaling in my particles example in ff and chrome"""
549,https://github.com/mrdoob/three.js/issues/549,Fast Renderer for iPhone/iPad,CLOSED,2011-09-17,2011-11-22,Enhancement,perf_feature_request,cause_established,,1,DBD-08,device_browser_driver,reporter_asserted,observed_cost,0,,Request for a fast renderer on iOS since WebGL is unavailable and CanvasRenderer is too slow; CSS3D suggested as backend.,"body: ""WebGL doesn´t work and the CanvasRenderer is very, very, very slow."""
568,https://github.com/mrdoob/three.js/issues/568,Question about antialiasing when using postprocessing,CLOSED,2011-09-22,2011-09-23,Question,perf_question_or_help,cause_established,,1,RTP-06,render_target_postprocessing,maintainer_confirmed,observed_cost,0,,"Render targets lack browser antialiasing; FXAA added as a postprocess, with quality/performance tradeoff discussed.","alteredq: ""shader was 4x longer and used about twice as many texture samples, which was causing noticeable framerate drop for fullscreen render targets"""
598,https://github.com/mrdoob/three.js/issues/598,Impossible to add light at runtime?,CLOSED,2011-09-30,2012-03-31,Enhancement,perf_feature_request,cause_established,,2,SPC-01; LUU-04,shader_program_compilation; lights_uniforms_ubo,maintainer_confirmed; speculative,hypothetical; hypothetical,0,,Adding lights at runtime requires shader rebuild; discussion of the cost of recompiling shaders and why three.js leaves the trigger to the app.,"alteredq: ""Shaders compilation is potentially very costly"" ... ""everything may freeze for a while"" || samuelgrigolato: ""Here we have a maximum of 10 cycles wasted per for structure on older hardware"""
629,https://github.com/mrdoob/three.js/issues/629,webgl_performance.html leaving trails on the screen,CLOSED,2011-10-07,2011-10-07,,correctness_bug,incidental,,0,,,,,0,,Trails in webgl_performance.html example due to autoClearColor=false; 'performance' is only the example filename.,
642,https://github.com/mrdoob/three.js/issues/642,Limit framerate and Frame-skipping,CLOSED,2011-10-11,2011-10-11,Question,perf_question_or_help,cause_established,,4,GBU-03; PFAG-02; AAM-02; O-02,geometry_buffer_updates; per_frame_allocation_gc; app_api_misuse; other,measured; measured; reporter_asserted; measured,observed_cost; observed_cost; observed_cost; proposed_optimization,0,,"How to cap framerate/skip frames; wide-ranging discussion of timers, getters, GC and buffer upload costs.","alteredq: ""25 fps with just dirty flag (new buffers are sent to GPU every frame)"" || alteredq: ""7 fps with just JS computation (new values are computed every frame but not sent to GPU)"" || benbucksch: ""The CPU usage drops from 2 cores with 100% each to almost nothing"" || alteredq: ""Here regular properties are noticeably faster (63x in Chrome, 3x in Firefox):"""
643,https://github.com/mrdoob/three.js/issues/643,More than three directional lights?,CLOSED,2011-10-11,2012-12-13,Question,perf_question_or_help,cause_established,,3,LUU-04; MWU-03; PFAG-03,lights_uniforms_ubo; matrix_world_updates; per_frame_allocation_gc,maintainer_confirmed; maintainer_confirmed; speculative,observed_cost; observed_cost; hypothetical,0,,How to use more than 3-4 directional lights; limits stem from varying counts and per-light shading cost.,"alteredq: ""4 used to be safe limit not to blow over maximum varyings allowed by ANGLE / DirectX 9 when all other material features were turned on"" and ""bear in mind lights are expensive"" || mrdoob: ""I removed the matrixRotation calculation out of `matrixUpdate()` (only needed in Canvasrenderer) which improved quite a bit webgl performance examples"" || alteredq: ""Hopefully we'll be able to make it without driving garbage collector crazy."""
679,https://github.com/mrdoob/three.js/issues/679,WebGL Performance: Caching vertex attribute calls,CLOSED,2011-10-23,2012-05-26,Suggestion,perf_feature_request,cause_asserted_unverified,,1,DCO-03,draw_call_overhead,speculative,proposed_optimization,0,,Suggestion to cache vertex attribute state to avoid redundant WebGL attribute calls per draw.,"body: ""I have read on a Google Group that caching vertex attribute calls improves drawing perfromance in WebGL"" — secondhand, unverified (""I might have missed it, I was in a hurry"")"
687,https://github.com/mrdoob/three.js/issues/687,cross origin error on canary,CLOSED,2011-10-27,2011-11-07,Bug,other_nonperf,incidental,,0,,,,,0,,CORS cross-origin image load errors from image.crossOrigin setting; not a performance thread.,
706,https://github.com/mrdoob/three.js/issues/706,Using material.uniforms.diffuse not longer changes object color,CLOSED,2011-10-30,2011-11-07,,perf_question_or_help,cause_asserted_unverified,,1,GBU-06,geometry_buffer_updates,maintainer_confirmed,hypothetical,0,,Custom ShaderMaterial vertex displacement breaks lighting; discussion of the cost of recomputing normals.,"alteredq: ""The easiest and slowest solution is to forget about doing any vertex displacements in vertex shader and just recompute normals in JavaScript using standard `geometry` methods"""
711,https://github.com/mrdoob/three.js/issues/711,CanvasRenderer got slower?,CLOSED,2011-10-31,2011-11-03,Question,perf_regression_report,cause_established,,2,DBD-08; CRB-01,device_browser_driver; cpu_rasterizer_backends,maintainer_confirmed; maintainer_confirmed,observed_cost; observed_cost,0,,Canvas examples got slower; suspected Chrome GPU-accelerated 2D canvas and context.clip() antialiasing rather than three.js changes.,"mrdoob: ""got slower since Chrome added antialiasing to the `context.clip()`""; and ""Dev channel had GPU acceleration for 2D canvas an it was either buggy or super slow"" || mrdoob: ""Particles got slower when they started using `ParticleCanvasMaterial`"""
720,https://github.com/mrdoob/three.js/issues/720,Handling many elements on screen,CLOSED,2011-11-03,2011-11-25,Question,perf_question_or_help,cause_established,,2,DCO-01; PFAG-02,draw_call_overhead; per_frame_allocation_gc,measured; maintainer_confirmed,observed_cost; observed_cost,0,,Rendering tens of thousands of individually movable cubes; per-object draw calls and uniform matrix uploads cap out at a few thousand objects; batching via attributes suggested.,"alteredq: ""on my notebook, max numbers are 7000 static objects and 2650 dynamic objects at 60 fps - 7000 is pretty much raw WebGL JS=>GPU boundary limit"" || alteredq (maintainer): ""garbage collection starts to dominate costs, even if you yourself don't create any new objects"""
733,https://github.com/mrdoob/three.js/issues/733,is there a way to identify faces?,CLOSED,2011-11-07,2011-11-21,Question,perf_question_or_help,cause_established,,1,CAH-03,core_algorithmic_hotpath,speculative,hypothetical,0,,Question about identifying faces; nested loop comparison of face references flagged as a performance hazard.,"alteredq (maintainer): ""Though with nested loops your performance will go down the drain."""
751,https://github.com/mrdoob/three.js/issues/751,Multi-materials,CLOSED,2011-11-12,2011-11-20,Question,perf_question_or_help,cause_established,,1,DCO-14,draw_call_overhead,maintainer_confirmed,hypothetical,0,,Multi-material removal; workaround of multiple meshes per geometry incurs extra draw calls.,"alteredq: ""Functionally yes, by using multiple meshes. Performance wise though there is a penalty"""
780,https://github.com/mrdoob/three.js/issues/780,Blender export with textures and animation example for Three.js?,CLOSED,2011-11-20,2011-11-25,Question,perf_question_or_help,incidental,,0,,,,,0,,Request for a Blender-exported textured animated character example; only incidental mention of a WebGL 'PERFORMANCE WARNING' console message from a broken model.,
789,https://github.com/mrdoob/three.js/issues/789,WebGlRenderer has become much slower?!,CLOSED,2011-11-23,2011-11-29,Question,perf_regression_report,cause_established,,2,AAM-10; TUD-03,app_api_misuse; texture_upload_decode,reporter_asserted; maintainer_confirmed,observed_cost; observed_cost,0,,User's gallery slower after upgrade; ultimately caused by an app-side empty-geometry MeshFaceMaterial mesh plus many non-power-of-two textures preventing mipmapping.,"""I removed it and now firefox is much faster."" ... ""It was my mistake."" || alteredq: ""If textures are not power-of-2, GPU can't do mipmapping (at least in WebGL), so even when images take tiny space on the screen, textures have to be sampled from the full image."""
807,https://github.com/mrdoob/three.js/issues/807,Best way to store animation data for efficient playback?,CLOSED,2011-11-28,2012-02-21,Question,perf_question_or_help,cause_asserted_unverified,,1,O-01,other,speculative,proposed_optimization,0,,How to store per-frame animation data efficiently; flat typed arrays vs object-of-objects.,"""The most efficient way is probably an array of arrays. I had a similar setup and created a small performance test for this: http://jsperf.com/object-vs-array-ludi"" — hedged with ""probably"", and the jsperf link is dead (no numbers in thread)"
814,https://github.com/mrdoob/three.js/issues/814,Viewing SVGs?,CLOSED,2011-11-29,2012-01-13,Question,perf_question_or_help,cause_asserted_unverified,,1,O-04,other,speculative,hypothetical,0,,How to display SVG in three.js; CSS3D transforms on SVG asserted to be slow due to DOM overhead and naive re-rasterization on zoom.,"""CSS 3D Transforms will generally not be smart about which parts of the SVG needs to be rendered. So as you zoom you may get loss of performance or low-resolution scaling."""
817,https://github.com/mrdoob/three.js/issues/817,low fps in project with many textured objects,CLOSED,2011-11-30,2012-01-04,Question,perf_defect_report,cause_established,,2,TUD-03; DCO-09,texture_upload_decode; draw_call_overhead,maintainer_confirmed; maintainer_confirmed,observed_cost; proposed_optimization,0,,"Low FPS with many textured buildings; models had hundreds of tiny non-POT textures, forcing canvas resizing at load and huge numbers of texture/material state changes.","alteredq: ""there were 1227 requests, tons of tiny textures, most of them not power of 2 sized (which means Loader will need to create thousand 2d canvases and use them instead of just use images)"" || alteredq: ""What we don't do well out-of-box is dealing with many different materials (this can be helped by turning off depth-based sorting and manual sorting of scene graph by material)"""
865,https://github.com/mrdoob/three.js/issues/865,Three.js do not work on MAC?,CLOSED,2011-12-07,2011-12-31,,perf_defect_report,cause_established,,1,DBD-08,device_browser_driver,measured,observed_cost,0,,"CanvasRenderer textured examples extremely slow on macOS, especially Safari; attributed to lack of hardware-accelerated 2D canvas / Safari itself.","WestLangley: ""I get a frame rate of **2** on OSX 10.8 with Safari 7.0 (9537.71)"" ... ""With Chrome 31.0.1650.48, the frame rate is **16**."" and ""I expect this is a Safari issue.""; mrdoob: ""you should be reporting the bug to the Safari project instead then"""
884,https://github.com/mrdoob/three.js/issues/884,Speed issues with Firefox,CLOSED,2011-12-10,2011-12-26,,perf_question_or_help,cause_established,,2,DBD-03; PFAG-02,device_browser_driver; per_frame_allocation_gc,reporter_asserted; maintainer_confirmed,observed_cost; observed_cost,0,,Reporter sees 60fps in Chrome vs 40fps in Firefox for same WebGL game; maintainer attributes browser differences to GC pauses and frame-rate stability rather than a three.js cause.,"body: ""60 fps on Chrome and 40 fps on Firefox"" || alteredq: ""the only big outstanding performance problems are garbage collection and frame rate stability"""
888,https://github.com/mrdoob/three.js/issues/888,Flare + Composer?,CLOSED,2011-12-11,2011-12-12,Question,perf_question_or_help,incidental,,0,,,,,0,,"Lens flares invisible with EffectComposer because default render target uses RGB format, not RGBA; a later comment speculates about the perf cost of defaulting to RGBA.",
894,https://github.com/mrdoob/three.js/issues/894,Cube with rounded corners,CLOSED,2011-12-12,2011-12-12,Question,perf_question_or_help,cause_asserted_unverified,,1,CRB-02,cpu_rasterizer_backends,speculative,hypothetical,0,,"How to make rounded cubes; SubdivisionModifier suggested, with a note that it would be slow under CanvasRenderer.","alteredq: ""Subdivision should work also with CanvasRenderer, just performance will probably be quite bad."""
897,https://github.com/mrdoob/three.js/issues/897,How to draw a point using THREE.JS?,CLOSED,2011-12-13,2011-12-26,,perf_question_or_help,cause_asserted_unverified,,1,DCO-04,draw_call_overhead,reporter_asserted,observed_cost,0,,User created one particle object per picked vertex (~1000) and saw performance collapse; solved by using a single ParticleSystem with per-vertex color attributes.,"body: ""So I just create particle on the point I clicked, but the performance is drastically down, when I have some 1000 vertices."""
906,https://github.com/mrdoob/three.js/issues/906,Petition to add Worker loading option to JSONLoader,CLOSED,2011-12-14,2011-12-26,Question,perf_feature_request,cause_asserted_unverified,,2,LPC-01; WO-01,loader_parse_cost; worker_offloading,reporter_asserted; reporter_asserted,proposed_optimization; observed_cost,0,,Request to load JSON models in a Web Worker to avoid blocking the main thread; maintainer explains workers were removed due to tab crashes from too many workers and little measured speedup.,"body: ""I need to load/unload various models avoiding main JS thread to get blocked (models are a little heavy in MB)"" || rogercodina: ""JSON communication between Worker and main thread can handle non standart attributes like functions"""
909,https://github.com/mrdoob/three.js/issues/909,Canvas examples don't seem to work on IE9 but MS Galactic demo does,CLOSED,2011-12-14,2011-12-31,Bug,correctness_bug,incidental,,0,,,,,0,,"Canvas examples show black screens on IE9 because console is undefined without dev tools, and loaders called an unsupported method; fixed by guarding the call. 'Performance' only appears in a Microsoft demo URL.",
911,https://github.com/mrdoob/three.js/issues/911,Intersection with ParticleSystem - Update?,CLOSED,2011-12-14,2011-12-27,Question,perf_question_or_help,cause_asserted_unverified,,1,RP-05,raycasting_picking,speculative,hypothetical,0,,"Picking individual particles in a 5000-particle ParticleSystem; suggested workaround of invisible collision spheres, with warnings about brute-force ray tests, plus an unrelated Ray.js Face4 null bug already fixed.","renegademaster88: ""With 5000 particles you would need some way to divide them spatially as 5000 ray intersects is going to be slow."""
924,https://github.com/mrdoob/three.js/issues/924,none of the controls support touch events,CLOSED,2011-12-17,2013-10-18,Enhancement,perf_feature_request,incidental,,0,,,,,0,,Request for touch event support in controls; 'performance' only appears in an example filename (webgl_performance.html).,
929,https://github.com/mrdoob/three.js/issues/929,Object combined from group of objects,CLOSED,2011-12-18,2011-12-28,Question,perf_question_or_help,incidental,,0,,,,,0,,"How to combine many shapes into one object; GeometryUtils.merge recommended, with a note that merging vs CSG each have performance tradeoffs.",
953,https://github.com/mrdoob/three.js/issues/953,about loaders and materials,CLOSED,2011-12-22,2012-04-17,Question,perf_question_or_help,cause_asserted_unverified,,2,TS-01; DCO-09,transparency_sorting; draw_call_overhead,speculative; speculative,hypothetical; hypothetical,0,,Discussion of scene vs geometry material handling in loaders; maintainer notes state-change sorting tradeoffs and JS sorting overhead as performance factors in WebGLRenderer.,"alteredq: ""sorting itself in JavaScript brings non-trivial overhead"" || alteredq: ""if you don't do silly things when constructing the scene (like alternating geometries / materials), it should mostly work quite close to optimal performance"""
966,https://github.com/mrdoob/three.js/issues/966,Make an event occur when a region on a sphere object is hovered over.,CLOSED,2011-12-26,2011-12-29,Question,perf_question_or_help,cause_established,,2,RP-01; CGSS-01,raycasting_picking; cpu_gpu_sync_stall,speculative; speculative,hypothetical; hypothetical,0,,Hover picking on a detailed sphere: raycasting cost per frame vs GPU color-picking with readPixels.,"alteredq: ""Hover means picking needs to be done every frame."" || alteredq: ""such rendered image will need to be read on CPU side, so you'll suffer CPU-GPU synchronization issues."""
968,https://github.com/mrdoob/three.js/issues/968,CanvasRenderer and THREE.Sprite,CLOSED,2011-12-27,2013-10-17,Enhancement,perf_feature_request,cause_established,,1,DCO-04,draw_call_overhead,maintainer_confirmed,hypothetical,0,,Merging Particle and Sprite for CanvasRenderer; concern that refactor could regress sprite rendering speed.,"alteredq: ""you need to take special care of not doing unnecessary GL API calls as this is the bottleneck"""
969,https://github.com/mrdoob/three.js/issues/969,shadow for skeletal animation,CLOSED,2011-12-27,2012-07-28,Enhancement,perf_feature_request,incidental,,0,,,,,0,,"Request for shadow map support for skinned/skeletal meshes, plus large pasted model JSON and OGRE-to-JSON converter source. Only mention of performance is an aside about building a demo to test performance; no mechanism discussed.",
1003,https://github.com/mrdoob/three.js/issues/1003,Terrain from Heightmap,CLOSED,2012-01-02,2012-01-02,Question,perf_question_or_help,no_mechanism,,0,,,,,0,,"How to build terrain from a heightmap; answered with examples, no cost mechanism identified.",
1051,https://github.com/mrdoob/three.js/issues/1051,change material on mesh,CLOSED,2012-01-08,2012-01-13,Question,perf_question_or_help,cause_asserted_unverified,,1,DCO-14,draw_call_overhead,maintainer_confirmed,hypothetical,0,,Material swapping makes mesh disappear (buffer/attribute ordering); side question about multi-material objects' cost.,"It depends on a performance profile of your application. It'll be slower but if you don't have too many objects, it should be still quite ok. Try and see."
1055,https://github.com/mrdoob/three.js/issues/1055,Toggle shadowmap on/off dynamic on runtime ?,CLOSED,2012-01-09,2012-01-10,Question,perf_question_or_help,cause_established,,2,SM-02; SPC-01,shadow_maps; shader_program_compilation,maintainer_confirmed; maintainer_confirmed,proposed_optimization; proposed_optimization,0,,"Toggling shadow maps at runtime: shader-baked shadow code can't be disabled, only shadow map rendering.","alteredq: ""you would still save shadow map rendering costs"" || alteredq: ""both these just have effect on baking of shaders (on first render of objects)"""
1065,https://github.com/mrdoob/three.js/issues/1065,Changing bloom size,CLOSED,2012-01-10,2012-01-13,Question,perf_question_or_help,incidental,,0,,,,,0,,Increasing BloomPass kernel size is capped by kMaxKernelSize; bigger kernels cost more.,
1089,https://github.com/mrdoob/three.js/issues/1089,Add transparent flag to convert_obj_three.py,CLOSED,2012-01-12,2012-01-12,Enhancement,perf_feature_request,cause_asserted_unverified,,0,,,,,0,,Request to set transparent flag in OBJ converter; user speculates blanket transparency hurts rendering.,
1091,https://github.com/mrdoob/three.js/issues/1091,Dynamically updating vertex coordinates on a Mesh' Geometry? ,CLOSED,2012-01-12,2012-01-13,Question,perf_question_or_help,cause_asserted_unverified,,1,GBU-01,geometry_buffer_updates,reporter_asserted,observed_cost,0,,Updating vertices needs dynamic + dirty flags; rebuilding geometry/mesh each frame was the slow workaround.,"fabrantes: ""Yeah that works. Thanks a lot, it's so much faster!!!!"""
1103,https://github.com/mrdoob/three.js/issues/1103,Remove the need for the 'new' keyword,CLOSED,2012-01-13,2012-01-14,Suggestion,perf_feature_request,incidental,,0,,,,,0,,Suggestion to allow omitting 'new'; factory-returning-object pattern noted as slow.,
1104,https://github.com/mrdoob/three.js/issues/1104,WebGLRenderer' alpha: false by default?,CLOSED,2012-01-14,2012-01-20,Suggestion,perf_feature_request,ruled_out_or_no_cause,,0,,,,,1,Omitting the alpha channel in the drawbuffer/render target reduces memory bandwidth; RGB render target was made EffectComposer default for better performance,Proposal to default WebGLRenderer alpha:false; analogy to RGB render targets being faster but bug-prone.,
1121,https://github.com/mrdoob/three.js/issues/1121,performance/framerate problem,CLOSED,2012-01-17,2012-01-20,Question,perf_question_or_help,cause_established,,1,DCO-02,draw_call_overhead,maintainer_confirmed,observed_cost,0,,Large CAD model rendered at 5fps; model had 4685 materials causing 4685 draw calls for a single object.,"mrdoob: ""Seems like the object has 4685 different materials. If you do `console.log( renderer.info.render.calls )` it logs 4685"""
1152,https://github.com/mrdoob/three.js/issues/1152,Using UPERCASE_STYLE for constants?,CLOSED,2012-01-20,2015-07-01,Suggestion,other_nonperf,incidental,,0,,,,,0,,Naming discussion for constants/REVISION; only an aside about Dart performance.,
1154,https://github.com/mrdoob/three.js/issues/1154,Regarding disabling vsync,CLOSED,2012-01-20,2012-01-20,,perf_question_or_help,no_mechanism,,0,,,,,0,,How to disable vsync for performance measurement; answered via Chrome flags.,
1157,https://github.com/mrdoob/three.js/issues/1157,Cinema4d exporter,CLOSED,2012-01-21,2012-02-14,Question,perf_question_or_help,cause_established,,1,AS-02,animation_skinning,speculative,hypothetical,0,,C4D export/morph target help thread; aside notes morph normals cost extra vertex attributes.,"alteredq: ""Just there would be more shuffling of buffers, so performance would be worse."""
1160,https://github.com/mrdoob/three.js/issues/1160,My simple cloth simulation using THREE.js,CLOSED,2012-01-21,2012-02-08,,perf_question_or_help,cause_established,,1,DCO-07,draw_call_overhead,maintainer_confirmed,observed_cost,0,,"Cloth demo at ~30fps under CanvasRenderer; using Face4 instead of Face3 halves the number of canvas paths, and switching to WebGLRenderer raised fps to 50-60.","mrdoob: ""Because `CanvasRenderer` draws one path per face. By using `Face4` instead of `Face3` in this case you're reducing the paths by half."""
1167,https://github.com/mrdoob/three.js/issues/1167,It would be nice to have a THREE.Group object that doesn't add objects to the scene,CLOSED,2012-01-23,2012-02-06,Suggestion,perf_feature_request,no_mechanism,,0,,,,,0,,Request for grouping/hitbox picking objects; Ray hierarchy support removed. Performance only vaguely mentioned.,
1183,https://github.com/mrdoob/three.js/issues/1183,FBO Particles in Three.js,CLOSED,2012-01-25,2012-08-17,Suggestion,perf_feature_request,cause_established,,1,CAH-11,core_algorithmic_hotpath,measured,observed_cost,1,Reading from and writing to the same texture in one pass gives undefined/desynchronized results due to GPU read/write cache parallelism; double buffering required,"Proposal for GPU/FBO particle simulation; CPU-side particle simulation limits framerate, moving to shaders raised <5fps to 30fps.","zz85: ""before was running < 5fps on my macbook air, now its running at 30fps"""
1264,https://github.com/mrdoob/three.js/issues/1264,ParticleSystem Ray Intersection,CLOSED,2012-02-07,2012-02-10,Question,perf_question_or_help,ruled_out_or_no_cause,,0,,,,,1,"Picking among 1-5M particles requires brute-force per-point ray tests; a spatial index (octree) was suggested to cull most points, though the reporter found brute force fast enough","Picking among 1-5M points in a ParticleSystem; Ray lacks ParticleSystem support, brute-force loop suggested/implemented, octree spatial index proposed.",
1266,https://github.com/mrdoob/three.js/issues/1266,Does the power of two rule count for WebGLRenderTargets as well?,CLOSED,2012-02-07,2012-02-07,Question,perf_question_or_help,cause_established,,1,TUD-03,texture_upload_decode,maintainer_confirmed,observed_cost,0,,Question whether POT rule applies to render targets; NPOT textures prevent mipmaps and slow down heavy-texture cases.,"alteredq: ""Most notable example was ro.me where for video textures this made a big difference"" and ""noticeably slower with lots of NPOT textures"""
1278,https://github.com/mrdoob/three.js/issues/1278,merging and vertices,CLOSED,2012-02-08,2012-02-10,Question,perf_question_or_help,cause_asserted_unverified,,1,GBU-10,geometry_buffer_updates,speculative,hypothetical,0,,Merged geometry has duplicate vertices; asked how to dedupe. mrdoob suggests mergeVertices().,"""some of the vertices of the merged geometry are used twice. Since this could be a performance disadvantage"""
1324,https://github.com/mrdoob/three.js/issues/1324,Lighting,CLOSED,2012-02-14,2012-02-20,Enhancement,correctness_bug,cause_established,,2,DCO-11; CAH-04,draw_call_overhead; core_algorithmic_hotpath,measured; measured,observed_cost; observed_cost,0,,Double-sided lighting bug; discussion of fix approaches with measured FPS costs for each.,"""two pass approach gets ~35 fps"" vs ""current `doubleSided` implementation gets ~50 fps"" || ""two varyings and  `if` based on `gl_FrontFacing` in fragment shader gets ~43 fps"""
1370,https://github.com/mrdoob/three.js/issues/1370,Performance with drawing lines,CLOSED,2012-02-21,2012-02-21,Question,perf_question_or_help,cause_established,,1,DCO-01,draw_call_overhead,maintainer_confirmed,observed_cost,0,,800 separate THREE.Line objects were slow; merging into one Geometry with LinePieces fixed it.,"alteredq: ""800 edges should be no problem at all, you just need to make them using single `Geometry`."""
1376,https://github.com/mrdoob/three.js/issues/1376,Three.js on Iphone performance...,CLOSED,2012-02-22,2012-02-24,Question,perf_question_or_help,cause_established,,1,DBD-08,device_browser_driver,maintainer_confirmed,observed_cost,0,,"CanvasRenderer runs at 2-4 FPS on iPhone because iOS Safari lacks WebGL, forcing the slow 2D canvas path.","mrdoob: ""It's a iOS problem rather than a library ""bug"". Hopefully they'll allow WebGL soon.""; reporter: ""on Iphone the project do works...with the bug I mentioned and really slowly (FPS = 2 - 5)"""
1419,https://github.com/mrdoob/three.js/issues/1419,Opera Mobile 12,CLOSED,2012-02-28,2012-04-05,Question,perf_question_or_help,cause_asserted_unverified,,2,FOR-04; TUD-07,fillrate_overdraw_resolution; texture_upload_decode,speculative; speculative,proposed_optimization; hypothetical,0,,Opera Mobile WebGL discussion; mobile optimization tips listed from an external blog.,"alteredq: ""matrix calculations in shader are expensive"" || mrdoob: ""I suspect some things are about textures being too large."""
1459,https://github.com/mrdoob/three.js/issues/1459,Z-sorting and culling issue,CLOSED,2012-03-06,2012-05-24,Enhancement,correctness_bug,cause_asserted_unverified,,1,MWU-07,matrix_world_updates,speculative,hypothetical,0,,"Off-center geometry breaks z-sorting/culling; proposed boundingSphere.position, with concern about added per-object transform cost.","""one extra transform for every object"" — prefaced by ""that's what I'm concerned about"" and ""as long as it wouldn't decrease performance ... but we'll see how the implementation goes and performs"""
1473,https://github.com/mrdoob/three.js/issues/1473,strange problem with __dirtyVertices = true!,CLOSED,2012-03-08,2012-03-09,Question,perf_question_or_help,ruled_out_or_no_cause,,0,,,,,1,"Renderer discards internal typed-array buffers after first upload unless geometry.dynamic is set before first render, so subsequent vertex updates are not applied",geometry.dynamic must be set before first render; explains why typed-array buffers are discarded for static geometry.,
1509,https://github.com/mrdoob/three.js/issues/1509,Shading issue,CLOSED,2012-03-14,2012-03-23,Question,perf_question_or_help,cause_asserted_unverified,,2,SM-01; SPC-08,shadow_maps; shader_program_compilation,speculative; speculative,hypothetical; hypothetical,0,,Shadow map artifacts on an alpha-tested character; tuning bias/frustum/light direction. Side remarks on shader branching and variance shadow map cost.,"""And they are more expensive"" ... ""I think this is done by raycasting using heightmap and in general is really slow"" || ""probably bad for performance, branching in shaders is no-no, the less of it the better"""
1522,https://github.com/mrdoob/three.js/issues/1522,Context into Particle,CLOSED,2012-03-16,2012-04-26,Question,perf_question_or_help,cause_established,,1,TUD-10,texture_upload_decode,maintainer_confirmed,proposed_optimization,0,,ParticleCanvasMaterial program composites an image every frame; maintainer says pre-render to a canvas texture once.,"mrdoob: ""Right now you're trying to do the compositing every frame, which won't give you good performance."""
1524,https://github.com/mrdoob/three.js/issues/1524,Visibility do not apply to child objects,CLOSED,2012-03-16,2012-09-25,Enhancement,correctness_bug,cause_asserted_unverified,,1,PFAG-03,per_frame_allocation_gc,speculative,hypothetical,0,,parent.visible not honored by WebGLRenderer; explained as a deliberate avoidance of rebuilding per-frame render lists like Projector does.,"""there is the concern that updating an array with the objects that need to be rendered every frame may decrease the performance considerably"" — hedged as a ""concern""; mrdoob adds ""I'm supposed to do some more performance tests some day"""
1531,https://github.com/mrdoob/three.js/issues/1531,Access all scene triangles in fragment shader via Buffer Object?,CLOSED,2012-03-16,2012-03-27,Question,perf_question_or_help,cause_established,,2,RP-06; LUU-03,raycasting_picking; lights_uniforms_ubo,reporter_asserted; maintainer_confirmed,observed_cost; observed_cost,0,,User asks how to pass whole-scene geometry to a fragment shader for raytracing; discussion of WebGL uniform limits and CPU raycasting being too slow.,"n4m3l3ss-b0t: ""On a 500x500 frame, shooting a ray through each pixel and getting the intersections, takes 400s on average."" || alteredq: ""With uniforms, you only get something over 200 x vector4 (in ANGLE, with OpenGL you get more, but not by that much). So the only feasible option seems to be textures."""
1534,https://github.com/mrdoob/three.js/issues/1534,How to remove a fog?,CLOSED,2012-03-17,2012-03-18,Question,perf_question_or_help,cause_established,,1,SPC-01,shader_program_compilation,maintainer_confirmed,observed_cost,0,,"Removing scene fog requires shader rebuild since fog is baked into the shader; maintainer notes shader recompilation is the real cost, not fog.","alteredq: ""Rebuilding shader on the other hand you'll notice, shader compilation is pretty slow, especially on ANGLE."""
1562,https://github.com/mrdoob/three.js/issues/1562,intersectScene with BufferedGeometry,CLOSED,2012-03-21,2012-03-31,Question,perf_question_or_help,cause_asserted_unverified,,1,GBU-17,geometry_buffer_updates,speculative,hypothetical,0,,"Reporter measures 60fps with BufferGeometry vs 20fps with Geometry; cause speculated as different render path/memory layout, never confirmed (models not shared).","alteredq: ""if \""classic\"" models are bigger than available memory / cache, then this could cause some swapping between faster / slower storage"" — explicitly hedged (""could be"", ""comes to mind""), unresolved pending profiling"
1592,https://github.com/mrdoob/three.js/issues/1592,WebGL Performance,CLOSED,2012-03-27,2012-03-31,Question,perf_question_or_help,no_mechanism,,0,,,,,0,,Question whether hosting server affects framerate; maintainer says it only affects load time.,
1598,https://github.com/mrdoob/three.js/issues/1598,Multiple WebGLRenderers,CLOSED,2012-03-28,2012-03-31,Question,perf_question_or_help,incidental,,0,,,,,0,,User avoids preserveDrawingBuffer for perf reasons by using two renderers; only the first renders. No fix.,
1601,https://github.com/mrdoob/three.js/issues/1601,CanvasRenderer Spritesheets with Rotation,CLOSED,2012-03-28,2012-04-02,Question,perf_defect_report,cause_established,,1,TUD-12,texture_upload_decode,maintainer_confirmed,observed_cost,0,,"CanvasRenderer fills triangles with a canvas pattern; updating a large texture requires recreating the pattern each frame, dominating profile time. Worked around with a custom clipImage path.","mrdoob: ""because CanvasRenderer now fills triangles with pattern and the only way to update the texture is by creating a new pattern, big textures are a problem"" (reporter profiled: ""over 90% of the processing is in the Vc function where it creates the pattern"")"
1621,https://github.com/mrdoob/three.js/issues/1621,LatitudeReflectionMapping,CLOSED,2012-04-02,2012-04-04,Enhancement,perf_feature_request,cause_established,,1,RTP-07,render_target_postprocessing,maintainer_confirmed,observed_cost,0,,"Latitude reflection mapping shader; while debugging ANGLE cubemap mipmap issues, mipmap generation timing was found to cause a black face and bad performance, later fixed.","alteredq: ""Mipmap generated after rendering into each cube face resulted in one of the faces being black (and bad performance)."""
1625,https://github.com/mrdoob/three.js/issues/1625,Black outline in Sprites using transparent PNGs as Textures,CLOSED,2012-04-02,2012-04-04,Question,correctness_bug,incidental,,0,,,,,0,,Black outline around transparent PNG sprites due to linear filtering interpolating baked black transparent pixels / premultiplied alpha. No performance mechanism.,
1631,https://github.com/mrdoob/three.js/issues/1631,webgl examples no worky on swiftshader,CLOSED,2012-04-04,2012-04-04,Question,perf_defect_report,cause_asserted_unverified,,1,MLD-05,memory_leak_disposal,speculative,observed_cost,0,,"Chrome/SwiftShader crashes on three.js examples; maintainers note repeated reloads degrade performance and grow memory, suspected GL resources not cleaned up between page reloads.","""I think some GL stuff is not getting cleaned up properly between page reloads."""
1703,https://github.com/mrdoob/three.js/issues/1703,Vertex to extend Vector3?,CLOSED,2012-04-11,2012-04-13,Suggestion,perf_feature_request,cause_established,,3,CAH-09; PFAG-05; O-01,core_algorithmic_hotpath; per_frame_allocation_gc; other,measured; measured; measured,observed_cost; observed_cost; observed_cost,0,,"Discussion of making Vertex extend Vector3; benchmarks showed prototype inheritance and the nested vertex.position object are much slower than plain Vector3, leading to Vertex = Vector3.","chandlerprall: ""I'm seeing ~200ms for the Vector3 and ~650ms for Vertex"" || zz85: ""This emulates the current way we have vertex.position. Which is slower compare to plain old Vector."" || toji: ""TypedArray's are fairly expensive to create"""
1711,https://github.com/mrdoob/three.js/issues/1711,THREE Octree?,CLOSED,2012-04-12,2012-07-01,Question,perf_question_or_help,cause_asserted_unverified,,1,RP-01,raycasting_picking,reporter_asserted,observed_cost,0,,Raycasting against a 3000-6000 face world mesh is linear per frame; user asks for an octree and eventually builds threeoctree.,"""ray picking code is not really optimized as it take a linear time with the number of triangles"""
1740,https://github.com/mrdoob/three.js/issues/1740,Canvas Z Sort Centre Of Gravity,CLOSED,2012-04-17,2012-04-21,Question,perf_question_or_help,incidental,,0,,,,,0,,CanvasRenderer face sorting by centroid; user asks how to override sort point. Performance only mentioned in passing about an old Flash app.,
1751,https://github.com/mrdoob/three.js/issues/1751,LoadTracker,CLOSED,2012-04-17,2013-05-27,Enhancement,perf_feature_request,incidental,,0,,,,,0,,API design discussion for a LoadingMonitor / loader completion tracking; no performance mechanism discussed.,
1778,https://github.com/mrdoob/three.js/issues/1778,How stable is the format defined in BinaryLoader?,CLOSED,2012-04-21,2012-05-14,Question,perf_question_or_help,cause_established,,2,LPC-08; LPC-01,loader_parse_cost; loader_parse_cost,speculative; maintainer_confirmed,hypothetical; hypothetical,0,,Question about the BinaryLoader format stability and load-time performance vs OpenCTM/UTF8; maintainer gives hedged guidance on parse cost and workers.,"alteredq: ""though initialization may be somehow slower, not sure"" || alteredq: ""usually they are not worth it until you have more things done in parallel (so one big model should be faster without worker, many smaller one with workers, but you have to take care not to have too ma"""
1804,https://github.com/mrdoob/three.js/issues/1804,Less than maxMorphTargets enables all attribute pointers,CLOSED,2012-04-24,2012-04-24,Question,correctness_bug,cause_asserted_unverified,,1,GBU-07,geometry_buffer_updates,reporter_asserted,proposed_optimization,0,,"All 8 morph target attribute pointers are enabled even when the geometry has only 2 morph targets, producing artifacts; a PR limiting active morph targets fixes it and is claimed to also improve performance.","body: ""all 8 morphTarget attribute pointers are active"""
1807,https://github.com/mrdoob/three.js/issues/1807,Improving performance ,CLOSED,2012-04-24,2012-05-13,Question,perf_question_or_help,cause_asserted_unverified,,2,DCO-05; SGS-01,draw_call_overhead; scene_graph_scale,speculative; speculative,hypothetical; hypothetical,0,,User with ~35 converted OBJ->JSON objects reports slow load and camera movement; maintainer suggests too many materials/textures or triangles; never reproduced.,"alteredq: ""Usual unexpected slowness comes from having too many materials or textures"" || alteredq: ""Usual expected slowness comes from having too many triangles"""
1812,https://github.com/mrdoob/three.js/issues/1812,Way of coding glsl code?,CLOSED,2012-04-24,2012-04-25,Suggestion,perf_feature_request,ruled_out_or_no_cause,,0,,,,,1,Shader chunks stored as arrays joined into strings at library load time may add init-time cost; never profiled and largely negated by closure compiler merging the join,Discussion about storing GLSL as arrays joined at load time vs concatenated strings; init cost of joins is debated and dismissed since closure compiler merges them.,
1820,https://github.com/mrdoob/three.js/issues/1820,Merged Geometry Hit Detection ?,CLOSED,2012-04-26,2012-04-26,Question,perf_question_or_help,cause_asserted_unverified,,1,IBL-03,instancing_batching_limits,reporter_asserted,proposed_optimization,0,,User merges 100 cubes into one geometry for performance and asks how to keep per-cube picking; answer is to tag faces with an original object id.,"ColasMarko: ""i'm merging these buildings in some sort of octree for performances and this works perfectly"""
1825,https://github.com/mrdoob/three.js/issues/1825,TextGeometry performance,CLOSED,2012-04-27,2012-05-03,Question,perf_question_or_help,cause_established,,2,LPC-07; MWU-02,loader_parse_cost; matrix_world_updates,maintainer_confirmed; speculative,observed_cost; hypothetical,0,,Hundreds of TextGeometry objects load extremely slowly; cause is per-sentence shape triangulation. Caching per-character geometry fixes load but drops framerate due to scene graph/matrix update cost of many objects.,"zz85: ""Text geometries mesh generations are a little costly, since there's shapes triangulations etc."" || alteredq: ""your bottleneck may be scene graph"""
1828,https://github.com/mrdoob/three.js/issues/1828,Update shadows when using morph targets?,CLOSED,2012-04-27,2012-05-15,Question,perf_question_or_help,cause_asserted_unverified,,1,LPC-07,loader_parse_cost,reporter_asserted,observed_cost,0,,Morph target shading issue solved via morphNormals; reporter notes computeMorphNormals() is prohibitively slow and moves to precomputing normals in the exporter.,"""prohibitively slow performance hit from computeMorphNormals"""
1837,https://github.com/mrdoob/three.js/issues/1837,Ray.intersectObject does not sort,CLOSED,2012-04-30,2012-05-05,Suggestion,perf_feature_request,no_mechanism,,0,,,,,0,,"Request that Ray.intersectObject sort its hit list; sorting cost mentioned only in passing, no mechanism established.",
1878,https://github.com/mrdoob/three.js/issues/1878,Stroke material w/ morphs,CLOSED,2012-05-07,2012-05-08,Question,perf_question_or_help,cause_established,,2,AAM-05; AS-02,app_api_misuse; animation_skinning,maintainer_confirmed; maintainer_confirmed,proposed_optimization; proposed_optimization,0,,How to overlay wireframe stroke on a morph-target mesh; maintainer notes morphNormals on MeshBasicMaterial is wasted work.,"alteredq: ""`MeshBasicMaterial` is unlit so it doesn't need normals and `morphNormals` just waste performance"" || alteredq: ""it's more costly than using only static normals from the first animation frame"""
1890,https://github.com/mrdoob/three.js/issues/1890,renderBufferImmediate vs renderBufferDirect (for indexed draw),CLOSED,2012-05-09,2012-05-24,Question,perf_question_or_help,no_mechanism,,0,,,,,0,,Question on renderBufferImmediate vs renderBufferDirect; maintainer explains ImmediateRenderObject suits variable triangle counts (drawArrays) while BufferGeometry suits large static indexed geometry.,
1898,https://github.com/mrdoob/three.js/issues/1898,Precision issue with r49,CLOSED,2012-05-11,2013-08-18,Bug,perf_regression_report,cause_established,,2,CAH-10; PFAG-06,core_algorithmic_hotpath; per_frame_allocation_gc,measured; speculative,observed_cost; proposed_optimization,0,,"r49 matrix optimization switched Matrix3/4 to Float32Array, causing precision artifacts far from origin; Float64Array fixes precision but measurably slows rendering.","alteredq: ""I'm getting much lower performance with 64 bit floats - 35 fps vs 60 fps on `webgl_performance` stress test""; reporter: ""6-10ms with Float32Array but precision issue / 8-12ms with Float64Array"" || mshopf: ""I'd just suggest to use a local conversion Float32Array, so that you don't need to create a new Object every time"""
1927,https://github.com/mrdoob/three.js/issues/1927,shadows are not filtered,CLOSED,2012-05-16,2012-05-24,Question,perf_question_or_help,cause_established,,2,SM-04; SM-01,shadow_maps; shadow_maps,maintainer_confirmed; reporter_asserted,observed_cost; observed_cost,0,,"Blocky shadows; discussion of PCF filtering cost since shadow maps can't use hardware texture filtering (RGBA-packed depth), and custom 4-tap bilinear PCF is more costly.","alteredq: ""You have to do everything yourself in the shader and it's rather costly. We btw use 9-tap PCF"" || It's better, but there are some artifacts, and it's more costly."
1945,https://github.com/mrdoob/three.js/issues/1945,Turn off lights with WebGL renderer,CLOSED,2012-05-19,2012-05-21,Question,perf_question_or_help,cause_established,,1,SPC-01,shader_program_compilation,maintainer_confirmed,hypothetical,0,,Request for light.visible in WebGLRenderer; maintainer explains toggling light count forces shader program rebuilds for all materials.,"alteredq: ""In WebGL majority of costs come from shaders and for these to change you would need to rebuild the programs in all your materials (this comes with a cost though)"""
1955,https://github.com/mrdoob/three.js/issues/1955,Z-ordering with multiple particlesystems,CLOSED,2012-05-21,2012-05-21,Question,perf_question_or_help,ruled_out_or_no_cause,,0,,,,,1,"Sorting is done only within a single particle system because each system is a single fixed-size buffer object — an intentional design tradeoff for performance, so cross-system z-ordering is unsupporte","Cross-particle-system z-sorting is unsupported by design because each ParticleSystem is one fixed-size buffer object sorted internally, for performance.",
1959,https://github.com/mrdoob/three.js/issues/1959,HUD over render in webgl,CLOSED,2012-05-21,2012-05-24,Question,perf_question_or_help,cause_established,,1,DBD-01,device_browser_driver,reporter_asserted,observed_cost,0,,"HUD approach comparison; DOM overlays over a WebGL canvas cost ~10 FPS per element in Firefox (compositing), while Chrome composites on GPU with no measurable hit — traced to a Mozilla bug.","djone010: ""firefox drops ~10 FPS for every overlayed UI element"""
1960,https://github.com/mrdoob/three.js/issues/1960,White Paper for Three.js?,CLOSED,2012-05-21,2012-05-23,Question,other_nonperf,incidental,,0,,,,,0,,History/goals discussion of three.js; performance mentioned only in passing about Chrome's JS speed.,
1987,https://github.com/mrdoob/three.js/issues/1987,Support custom buffer/attribute management,CLOSED,2012-05-25,2016-08-17,Enhancement,perf_feature_request,cause_asserted_unverified,,1,GBU-14,geometry_buffer_updates,reporter_asserted,proposed_optimization,0,,Request for interleaved/custom buffer management; discussion of whether interleaving helps.,"greggman: ""It would instead have to update 4 buffers if the buffers are not interleaved so I know that would be slower."""
1992,https://github.com/mrdoob/three.js/issues/1992,Artifacts between faces of different lengths,CLOSED,2012-05-27,2012-05-28,Bug,correctness_bug,incidental,,0,,,,,0,,T-junction artifacts attributed to GPU float precision; 64-bit floats noted as costly.,
2023,https://github.com/mrdoob/three.js/issues/2023,shadowMap crashes Safari 5.1.7,CLOSED,2012-06-03,2012-07-28,Bug,perf_defect_report,cause_established,,1,SM-09,shadow_maps,reporter_asserted,observed_cost,0,,Shadow maps crash Safari 5.1.7 (Cg compiler fatal error); soft shadows give ~1 FPS in Safari only.,"hedral: ""fatal error C9999: marking a sampler that is not a scalar"""
2035,https://github.com/mrdoob/three.js/issues/2035,Draw text 3D like Object without geometry/triangles,CLOSED,2012-06-06,2012-06-19,Help (please use the forum),perf_question_or_help,cause_asserted_unverified,,1,DCO-07,draw_call_overhead,reporter_asserted,observed_cost,0,,User wants vector text without triangles because TextGeometry is too heavy for CanvasRenderer; closed as forum question.,"Josema: ""the text have so much triangles for the CanvasRenderer. His performance is so low with TextGeometry"""
2044,https://github.com/mrdoob/three.js/issues/2044,get file texture name ,CLOSED,2012-06-08,2012-06-11,Help (please use the forum),perf_question_or_help,incidental,,0,,,,,0,,Question about getting texture filename on click; 'performance' mentioned only as an aside about using jQuery.,
2069,https://github.com/mrdoob/three.js/issues/2069,started seeing: WebGL: INVALID_FRAMEBUFFER_OPERATION,CLOSED,2012-06-15,2012-06-15,Question,perf_defect_report,cause_asserted_unverified,,1,DBD-01,device_browser_driver,reporter_asserted,observed_cost,0,,Chrome Canary regression caused INVALID_FRAMEBUFFER_OPERATION errors and slowdowns; fixed upstream in a later Chromium build.,"alteredq: ""lots of examples are completely broken and also performance seems to suffer :S"" — hedged (""seems""), no bug tracker link or named upstream bug"
2079,https://github.com/mrdoob/three.js/issues/2079,Why __dirty* is needed?,CLOSED,2012-06-19,2012-06-19,Question,perf_question_or_help,cause_established,,1,GBU-03,geometry_buffer_updates,maintainer_confirmed,observed_cost,0,,Explains why dirty/needsUpdate flags exist: geometry attribute re-uploads are expensive.,"alteredq: ""changes to geometry are expensive"" ... ""this is often the bottleneck, so if you can update just one attribute instead of two, voila, you just doubled the performance"""
2080,https://github.com/mrdoob/three.js/issues/2080,Object.create() instead of new THREE.Object3D()?,CLOSED,2012-06-19,2012-06-26,Suggestion,perf_feature_request,cause_asserted_unverified,,1,CAH-09,core_algorithmic_hotpath,reporter_asserted,proposed_optimization,0,,Switching prototype chaining to Object.create avoids running base constructors (side effects like GeometryCount); jsperf shows Object.create is slower but only run at load.,"""Object.create is without a doubt slower then just calling a lightweight constructor like THREE.Geometry"" (jsperf link now dead)"
2083,https://github.com/mrdoob/three.js/issues/2083,OBJ Vertex Coloring Parsing Problem,CLOSED,2012-06-19,2012-07-04,Enhancement,perf_feature_request,cause_established,,1,DCO-02,draw_call_overhead,maintainer_confirmed,hypothetical,0,,OBJ vertex colors unsupported; noted that emulating them with per-face materials is slow.,"alteredq: ""what you can do is to have per-face materials with different colors. But this is really horrible from performance point of view."""
2096,https://github.com/mrdoob/three.js/issues/2096,Google I/O 2011: WebGL Techniques and Performance,CLOSED,2012-06-21,2012-06-23,,other_nonperf,incidental,,0,,,,,0,,Link to a Google I/O 2011 talk on WebGL techniques and performance; no content.,
2106,https://github.com/mrdoob/three.js/issues/2106,Working on SkeletonAnimation - JSONFormat,CLOSED,2012-06-23,2015-09-03,Question,perf_question_or_help,cause_asserted_unverified,,2,AS-04; AS-09,animation_skinning; animation_skinning,maintainer_confirmed; maintainer_confirmed,observed_cost; proposed_optimization,0,,"Skeletal animation export work; doubling bone count exhausts vertex shader uniforms on hardware limited to 254, and Animation.js JITCompile matrix caching was buggy and had to be disabled.","""Probably your hardware only supports 254 vertex shader uniforms, which is the most common limit"" || ""The JITCompile should increase animation update performance by at lot"""
2112,https://github.com/mrdoob/three.js/issues/2112,Project 2D coordinates to 3D - How to get the width/height of a particle?,CLOSED,2012-06-24,2012-06-26,Help (please use the forum),perf_question_or_help,no_mechanism,,0,,,,,0,,User asks how to get apparent width of a Particle for 2D collision; redirected to StackOverflow. Perf only mentioned as WebGL vs Canvas2D aside.,
2148,https://github.com/mrdoob/three.js/issues/2148,Three Octree!,CLOSED,2012-07-01,2013-07-14,Enhancement,perf_feature_request,cause_established,,2,RP-01; O-02,raycasting_picking; other,reporter_asserted; speculative,observed_cost; proposed_optimization,0,,"Octree addon offered for merging; raycasting over all faces is the hotspot, and Object.defineProperty is noted as slow.","body: ""increased my raycasting speed by about 50x in a scene of 5 - 10k faces"" || gero3: ""object.definePropert(y|ies): This is slow compared to a simple function."""
2155,https://github.com/mrdoob/three.js/issues/2155,Picking and a large terrain mesh.,CLOSED,2012-07-02,2012-07-13,Question,perf_question_or_help,cause_asserted_unverified,,1,RP-02,raycasting_picking,reporter_asserted,observed_cost,0,,Picking over 64x64 separate tile meshes was slow; merging into one geometry fixed perf but broke picking. Never explained.,"""performance was bad when I grew the terrain to 64x64 tiles"" ... ""I used THREE.GeometryUtils.merge to merge all my 1-plane geometries in one large terrain mesh. \nPerformance is great!"""
2159,https://github.com/mrdoob/three.js/issues/2159,Improved Soft Shadow Mapping,CLOSED,2012-07-03,2015-09-03,Suggestion,perf_feature_request,cause_established,,1,SM-04,shadow_maps,maintainer_confirmed,proposed_optimization,1,WEBGL_depth_texture extension does not meaningfully improve shadow map performance; full RGBA float shadow targets are too bandwidth-heavy,"Proposal for improved soft shadows (linear depth, ESM, PCSS, VSM); discussion of RGBA-packed depth vs float textures and blur pass cost.","alteredq: ""You can't do blur on RGBA encoded values."""
2181,https://github.com/mrdoob/three.js/issues/2181,Performance Testing,CLOSED,2012-07-10,2012-07-28,Question,perf_question_or_help,no_mechanism,,0,,,,,0,,"Question about how the team does performance testing; answered with tooling list (stats.js, Chrome profiler, jsperf), no cost mechanism.",
2212,https://github.com/mrdoob/three.js/issues/2212,Upgraded to r49 today - increased CPU usage,CLOSED,2012-07-19,2012-07-20,Question,perf_regression_report,cause_asserted_unverified,,1,DBD-06,device_browser_driver,speculative,hypothetical,0,,"CPU usage jumped after r48->r49 on OSX Chrome with 400-500 objects, especially when unfocused; maintainer suspects a Chromium bug rather than three.js.","mrdoob: ""I suspect this is the problem:"""
2244,https://github.com/mrdoob/three.js/issues/2244,How can I optimise this?,CLOSED,2012-07-25,2012-08-14,Help (please use the forum),perf_question_or_help,cause_established,,2,DCO-05; GBU-08,draw_call_overhead; geometry_buffer_updates,measured; speculative,observed_cost; proposed_optimization,0,,Game slow due to over-segmented models producing many materials (draw calls) and per-object geometry duplication.,"""I now get around 30 - 35 fps, so roughly double what I had before"" || gero3: ""You create a new geometry for every new turrret  which means that it needs to switch them every frame"""
2266,https://github.com/mrdoob/three.js/issues/2266,CanvasRenderer Performance Improvements Wish List,CLOSED,2012-08-01,2012-12-13,Suggestion,perf_feature_request,cause_established,,1,MLD-04,memory_leak_disposal,reporter_asserted,hypothetical,0,,"Wish list of CanvasRenderer performance ideas; mrdoob rejects most; alleged Scene __objectsAdded/__objectsRemoved leak deemed a pool, not a leak.","""When objects are removed from the Scene they are placed on internal arrays and never garbage collected"" — disputed by mrdoob (""that's not a leak... It's a pool."") and never resolved; no isolated test provided"
2280,https://github.com/mrdoob/three.js/issues/2280,ColladaLoader doesn't set doubleSided,CLOSED,2012-08-03,2012-08-07,Enhancement,correctness_bug,cause_asserted_unverified,,1,FOR-02,fillrate_overdraw_resolution,maintainer_confirmed,proposed_optimization,0,,ColladaLoader double_sided support; aside notes double-sided rendering cost and GL state changes.,"alteredq: ""rendering is more expensive, so less of it the better"""
2291,https://github.com/mrdoob/three.js/issues/2291,Performance on android devices and touch controls,CLOSED,2012-08-07,2012-08-14,Question,perf_question_or_help,no_mechanism,,0,,,,,0,,"Android CanvasRenderer performance question; no mechanism identified, concluded CanvasMol is already as optimized as possible.",
2295,https://github.com/mrdoob/three.js/issues/2295,Multiple Voxels with different texture. Performance,CLOSED,2012-08-07,2012-08-07,Help (please use the forum),perf_question_or_help,duplicate,,0,,,,,0,,Many voxels with unique textures slow; closed as duplicate of #1979.,
2329,https://github.com/mrdoob/three.js/issues/2329,skeletal animations,CLOSED,2012-08-16,2014-05-11,Question,perf_question_or_help,cause_asserted_unverified,,1,AS-05,animation_skinning,reporter_asserted,proposed_optimization,0,,Character built from 6 separate skinned meshes recomputes the same skeletal animation per mesh; merging geometries suggested.,"body: ""it has to calculate the skeletal animation of each mesh separately while all the meshes uses the same bones and animation. i think this can be optimized"""
2354,https://github.com/mrdoob/three.js/issues/2354,BufferGeometry.dynamic still default to false,CLOSED,2012-08-27,2012-08-29,Suggestion,perf_feature_request,cause_established,,1,MLD-11,memory_leak_disposal,reporter_asserted,hypothetical,0,,Request to make BufferGeometry.dynamic default true rejected; dynamic=true keeps all attribute arrays in memory.,"gero3 (maintainer): ""That default message is enough to make it fat because when this is set then all attributes are kept in memory."""
2425,https://github.com/mrdoob/three.js/issues/2425,Global setting of eulerOrder,CLOSED,2012-09-15,2012-09-25,Suggestion,perf_feature_request,cause_asserted_unverified,,1,O-02,other,speculative,hypothetical,0,,Global eulerOrder default request; proposal withdrawn over per-Object3D construction cost of a window lookup.,"ViliamKopecky: ""It would bring slight performance decrease with each instance of Object3D made."""
2434,https://github.com/mrdoob/three.js/issues/2434,webgl and canvas rendering performance issue,CLOSED,2012-09-18,2012-09-18,Help (please use the forum),perf_question_or_help,no_mechanism,,0,,,,,0,,Link-only report pointing to StackOverflow; no mechanism discussed.,
2435,https://github.com/mrdoob/three.js/issues/2435,Namespace performance suggestion,CLOSED,2012-09-18,2012-09-19,Suggestion,perf_feature_request,cause_established,,1,PFAG-01,per_frame_allocation_gc,maintainer_confirmed,hypothetical,1,Each THREE.X reference costs an associative array lookup on the namespace object; jsPerf shows ~15% in a synthetic 50-class loop but virtually nothing under realistic load,"Proposal to flatten THREE namespace to avoid property lookups; jsPerf showed gains only in unrealistic class-creation-heavy loops, negligible in three.js usage.","alteredq: ""Associative array lookups are nothing compared to memory allocations and subsequent garbage collections."""
2454,https://github.com/mrdoob/three.js/issues/2454,Take dot product of face normal and light direction into account when calculating shadows.,CLOSED,2012-09-26,2015-10-28,Enhancement,correctness_bug,no_mechanism,,0,,,,,0,,Shadow artifacts on faces facing away from light; discussion of front-face culling tradeoffs and shadowDarkness. Performance only mentioned in passing.,
2459,https://github.com/mrdoob/three.js/issues/2459,matrixAutoUpdate,CLOSED,2012-09-27,2012-09-28,Suggestion,perf_question_or_help,cause_established,,1,MWU-02,matrix_world_updates,maintainer_confirmed,hypothetical,0,,"Discussion of matrixAutoUpdate: recomputing local matrices from position/rotation/scale every frame for every object is costly for large static scene graphs, hence the opt-out flag.","gero3 (maintainer): 'it recalculates the matrices every frame of the object but that are a lot of calculation when you are using a large scenegraph'; mrdoob: 'matrixAutoUpdate` forces the computation of the local matrix out of `position`, `rotation` and `scale` every update when set to `true`'"
2463,https://github.com/mrdoob/three.js/issues/2463,iOS fps rate,CLOSED,2012-09-28,2012-09-28,Question,perf_question_or_help,no_mechanism,,0,,,,,0,,iPad2 ~1fps for a three.js example (no WebGL on iOS at the time); advice to use CSS3DRenderer. No mechanism established beyond platform lacking WebGL.,
2476,https://github.com/mrdoob/three.js/issues/2476,"DoubleSide, transparent material produces artefacts between overlapping front and back faces",CLOSED,2012-10-02,2012-10-02,Question,perf_question_or_help,cause_established,,2,TS-05; DCO-05,transparency_sorting; draw_call_overhead,maintainer_confirmed; maintainer_confirmed,hypothetical; hypothetical,0,,"Self-transparency artifacts on a DoubleSide transparent sphere; maintainers explain three.js sorts per-object only because per-triangle sorting every frame would be prohibitively expensive, and suggest splitting geometry at the cost of extra draw calls.","Which would be a performance killer, that's why we don't do this and only sort per-object. || alteredq: ""it would be a single material and chunk transforms can be static, so overhead should be mostly just extra draw calls"""
2535,https://github.com/mrdoob/three.js/issues/2535,Playbook 2.0.1: Browser crashed when using Phong material with SpotLight,CLOSED,2012-10-19,2012-10-25,Bug,correctness_bug,cause_asserted_unverified,,0,,,,,0,,"Browser crash on PlayBook 2.0.1 with Phong + SpotLight; speculated the generated shader exceeds limited mobile GPU resources, but reporter notes it works on 2.1 suggesting a platform software bug.",
2543,https://github.com/mrdoob/three.js/issues/2543,Feature Request - extra functions in Three.Vector3,CLOSED,2012-10-21,2012-10-21,Suggestion,perf_feature_request,cause_established,,1,PFAG-01,per_frame_allocation_gc,maintainer_confirmed,proposed_optimization,0,,Request for non-mutating Vector3 plus/minus; rejected because allocating new vectors in hot loops causes GC pressure — three.js math classes are designed for object reuse.,"alteredq: ""Garbage collection and new object creation penalty is much worse than little bit more verbose code. Pre-allocate instead all objects you expect you would need and then just reuse them."""
2568,https://github.com/mrdoob/three.js/issues/2568,Flickering ParticuleSystems,CLOSED,2012-10-29,2012-10-29,Help (please use the forum),correctness_bug,cause_established,,1,TS-04,transparency_sorting,upstream_bug,observed_cost,1,"Using object.id as a tie-breaker in the sort comparator, benchmarked with negligible performance effect at typical object counts (5,000 monkeys)","Flickering particle systems at identical positions due to V8's unstable Array.sort for arrays >10; discussion of implementing a stable JS sort and its cost, resolved by tie-breaking on object.id with negligible perf impact.","gero3: ""The sorting algoritm in google chrome isn't stable which actually doesn't conform with the specification"" plus link http://code.google.com/p/v8/issues/detail?id=90"
2575,https://github.com/mrdoob/three.js/issues/2575,Other common OpenGL matrix values for ShaderMaterials - inverse xforms especially,CLOSED,2012-10-31,2012-11-09,Question,perf_feature_request,no_mechanism,,0,,,,,0,,"Request to expose inverse/inverse-transpose matrices to ShaderMaterials; asked whether it slows things down, author concluded little impact but no mechanism established.",
2598,https://github.com/mrdoob/three.js/issues/2598,Is there a way to use Index Buffer Objects?,CLOSED,2012-11-06,2013-02-15,Question,perf_question_or_help,cause_established,,1,DCO-01,draw_call_overhead,maintainer_confirmed,hypothetical,0,,"Question about index buffers for drawing many curves; maintainer notes Line uses drawArrays and that draw calls are usually the bottleneck, suggesting LINE primitives to batch into one call.",alteredq: 'Anyways you would need separate draw calls for each line. Draw calls are usually the bottleneck.'
2613,https://github.com/mrdoob/three.js/issues/2613,Vector Normalization Following a Normal-Matrix Transform,CLOSED,2012-11-09,2012-11-12,Suggestion,correctness_bug,ruled_out_or_no_cause,,0,,,,,2,Adding normalize() of normalMatrix*normal in the vertex shader costs GPU time; measured FPS table across six scenes on ANGLE and OpenGL shows ~0-4 fps delta (negligible) || Original removal of vertex-shader normalization may have been a workaround for buggy drivers causing artefacts on some computers,"Normals must be re-normalized in vertex shader after normalMatrix transform; alteredq benchmarked the added normalize() across six examples on ANGLE and OpenGL and found the cost negligible, so the change was kept.",
2621,https://github.com/mrdoob/three.js/issues/2621,Problem with removing mesh,CLOSED,2012-11-11,2012-11-16,Question,perf_question_or_help,no_mechanism,,0,,,,,0,,Removing/deallocating a mesh causes WebGL errors; reporter closes as related to #2633. Perf only mentioned in passing ('haven't noticed any immediate performance hits').,
2624,https://github.com/mrdoob/three.js/issues/2624,Basic deferred rendering,CLOSED,2012-11-12,2024-09-12,Enhancement,perf_feature_request,cause_established,,3,RTP-12; RTP-04; DBD-14,render_target_postprocessing; render_target_postprocessing; device_browser_driver,maintainer_confirmed; maintainer_confirmed; reporter_asserted,observed_cost; observed_cost; observed_cost,0,,"Deferred rendering example contributed; discussion establishes that light-proxy overdraw in the lighting pass, not geometry passes, dominates cost, and that WebGL1 lacks MRT support.","comment by alteredq: ""the single biggest bottleneck seems to be overdraw of light proxies in the lighting pass"" || comment by alteredq: ""mixing `RGB` and `RGBA` for various render passes made it slower"" || bhouston: ""I think the issue is WebGL 1.0 doesn't really support multiple render targets"""
2633,https://github.com/mrdoob/three.js/issues/2633,Bug in r53Dev when you use deallocateObject,CLOSED,2012-11-15,2012-11-16,Bug,correctness_bug,cause_established,,1,DCO-03,draw_call_overhead,maintainer_confirmed,observed_cost,0,,"WebGL errors after deallocateObject caused by three.js never disabling vertex attributes between draw calls; the naive fix was slow, so smarter attribute state management was needed.","alteredq: ""Doing it the naive ""right"" way makes errors go away but performance hit is terrible. We will need some smarter buffer / attributes GL state management."""
2638,https://github.com/mrdoob/three.js/issues/2638,Performance regress in r53?,CLOSED,2012-11-16,2012-12-04,Bug,perf_regression_report,cause_established,,2,DCO-02; MWU-01,draw_call_overhead; matrix_world_updates,maintainer_confirmed; reporter_asserted,observed_cost; observed_cost,0,,"r53 regression: CubeGeometry assigned per-face material indices, causing WebGLRenderer to split each cube into 6 geometry chunks and 6x the draw calls. Fixed by splitting only when MeshFaceMaterial is used. A follow-up report (#2712) about a 15k-object scene was traced to heap growth/scene-graph cost and moved to #2712.","""all cubes are broken down into 6 individual sides, thus increasing the GL API call load 6x"" — and ""Ok, changed, we are fast again"" || ""45.46% of render time in R53 is spent in the method setupMatrices while the same method is responsible only for 3.14% of rendering with R51"""
2643,https://github.com/mrdoob/three.js/issues/2643,Is it possible to dynamically change the skinning property?,CLOSED,2012-11-17,2014-05-11,Question,perf_question_or_help,no_mechanism,,0,,,,,0,,Question about dynamically toggling skinning/morphTargets on a material; performance only mentioned as being irrelevant to the asker. No mechanism discussed.,
2668,https://github.com/mrdoob/three.js/issues/2668,Problems with objects rendering order,CLOSED,2012-11-22,2013-10-18,Suggestion,correctness_bug,ruled_out_or_no_cause,,0,,,,,1,"Renderer splits opaque and transparent objects into separate queues; opaque sorted front-to-back deliberately for early z-rejection performance, transparent back-to-front for correctness, with object.",Confusion over transparent vs opaque render ordering; maintainer explains opaque objects are deliberately sorted front-to-back for early z-rejection and transparent back-to-front for correctness.,
2687,https://github.com/mrdoob/three.js/issues/2687,WebGL(and three.js WebGLRenderer) on iOS,CLOSED,2012-11-27,2012-12-13,,perf_feature_request,no_mechanism,,0,,,,,0,,"Effort to run WebGL/three.js on iOS via Ejecta; JavaScriptCore lacks typed arrays, so an opaque shim is used and native Obj-C math is proposed to avoid the cost.",
2689,https://github.com/mrdoob/three.js/issues/2689,Elegant code,CLOSED,2012-11-27,2012-12-07,Question,perf_question_or_help,cause_asserted_unverified,,1,CAH-17,core_algorithmic_hotpath,reporter_asserted,proposed_optimization,0,,"Code-style critique; asserts repeated `this` and extra vars inflate minified library size, and a commenter suggests replacing divisions in loops with precomputed reciprocal multiplies citing a jsperf.","davidberneda: ""replace divisions inside loops with reciprocal multiplies pre-calculated outside the loop"""
2697,https://github.com/mrdoob/three.js/issues/2697,THREE.PhongShading?,CLOSED,2012-11-28,2014-05-11,Suggestion,perf_question_or_help,cause_asserted_unverified,,1,GBU-05,geometry_buffer_updates,maintainer_confirmed,observed_cost,0,,Naming discussion about shading types; alteredq notes flat shading is emulated by duplicating geometry (costly with BufferGeometry) and proposes dropping the per-vertex Phong path except possibly for mobile.,"alteredq: ""we mess with geometry to make it look like flat shading (sidenote: using more `BufferGeometry` made me realize how costly flat shading feature is)"""
2706,https://github.com/mrdoob/three.js/issues/2706,Plane class specifications,CLOSED,2012-11-29,2012-12-03,Enhancement,perf_feature_request,no_mechanism,,0,,,,,0,,Proposal for a Plane class to centralize frustum/plane math; only a passing note that frustum perf should be tested.,
2709,https://github.com/mrdoob/three.js/issues/2709,Box3 class specification (Axis Aligned Bounding Box),CLOSED,2012-11-29,2012-12-03,Enhancement,perf_feature_request,no_mechanism,,0,,,,,0,,Proposal for a Box3 AABB class; mentions culling/BSP could improve rendering perf but no mechanism established.,
2712,https://github.com/mrdoob/three.js/issues/2712,r53 performance decrease?,CLOSED,2012-11-30,2012-12-04,Bug,perf_regression_report,cause_established,,3,MLD-06; O-08; GBU-09,memory_leak_disposal; other; geometry_buffer_updates,measured; speculative; maintainer_confirmed,observed_cost; observed_cost; proposed_optimization,0,,"r53 perf drop caused by THREE.GeometryLibrary/ObjectLibrary retaining references to temporary merged geometries, preventing GC and pushing Chrome past a memory cliff; explicit deallocate restored 60fps.","'Thanks, it worked! Adding these three lines did the trick, and frame rate is back to 60fps.' || 'I assume due to some swapping or something like that.' || 'if you don't need to change the geometry after the creation you can also decrease the memory use by setting'"
2729,https://github.com/mrdoob/three.js/issues/2729,Ray3 geometry primitive (first part of splitting current Ray into separate classes),CLOSED,2012-12-03,2012-12-05,Enhancement,perf_feature_request,no_mechanism,,0,,,,,0,,"Split Ray into Ray primitive + Raycaster; discussion of not regressing raycast performance and of building a benchmark suite, but no mechanism named.",
2730,https://github.com/mrdoob/three.js/issues/2730,"Color4 class to complement Color/Color3, how best to centralize conversion code?",CLOSED,2012-12-03,2013-02-04,Suggestion,perf_feature_request,cause_established,,2,O-01; TS-02,other; transparency_sorting,maintainer_confirmed; maintainer_confirmed,observed_cost; observed_cost,0,,"Color4 proposal rejected; RGBA colors asserted to cost extra memory/data transfer versus RGB+opacity, and particle depth sorting noted as costly.","alteredq: ""saved a third of all color related memory + data transfers"" || alteredq: ""it does come with a considerable performance penalty though"""
2735,https://github.com/mrdoob/three.js/issues/2735,Ray - Box intersection/hit testing,CLOSED,2012-12-03,2014-05-12,Enhancement,perf_feature_request,cause_asserted_unverified,,1,RP-03,raycasting_picking,reporter_asserted,proposed_optimization,0,,Request for ray-box intersection to accelerate hit testing; commenter asserts 6-plane box tests are costly and proposes a 3-plane approximation.,"body: ""To accelerate hit testing, one usually needs to intersect rays (Ray.js) with AABB boxes (Box3.js).  This is a performance critical check."""
2736,https://github.com/mrdoob/three.js/issues/2736,Ray - Sphere intersection testing.,CLOSED,2012-12-03,2012-12-05,Enhancement,perf_feature_request,ruled_out_or_no_cause,,0,,,,,1,Ray-sphere (bounding sphere) intersection is used as an early-out so full geometry hit testing is skipped; this check is performance critical,Ray-sphere intersection as a bounding-sphere early-out to avoid per-triangle geometry tests during picking.,
2745,https://github.com/mrdoob/three.js/issues/2745,Change *Library Arrays to Objects.,CLOSED,2012-12-04,2012-12-05,Suggestion,perf_feature_request,cause_established,,2,CAH-12; PFAG-09,core_algorithmic_hotpath; per_frame_allocation_gc,maintainer_confirmed; reporter_asserted,proposed_optimization; observed_cost,0,,"Changing *Library arrays to objects; discussion of for-in over hash maps being slower than indexed array iteration, and of closures-per-instance causing GC pressure.","alteredq: 'Regular arrays are faster to iterate over all elements and they have a guaranteed order of iteration'; 'this is noticeably slower' || ggHj: 'On my scenario, highCost leads to terminate by taskmanager ... lowcost not.'"
2750,https://github.com/mrdoob/three.js/issues/2750,Triangle3 geometry primitive specification,CLOSED,2012-12-05,2012-12-13,Enhancement,perf_feature_request,no_mechanism,,0,,,,,0,,"Triangle3 primitive proposal; author checked interactive examples with no measurable perf degradation, but no cost mechanism named.",
2752,https://github.com/mrdoob/three.js/issues/2752,Optimize geometric primitives via optionalTarget parameter,CLOSED,2012-12-05,2013-02-04,Suggestion,perf_feature_request,cause_established,,1,PFAG-01,per_frame_allocation_gc,reporter_asserted,proposed_optimization,0,,"Adds optionalTarget parameters so math methods don't allocate a new object per call, reducing GC pressure in per-frame loops.",alteredq: 'always a good idea to have also GC-less path for repeated executions'; body: 'Many methods on geometric primitives will create new objects.  This can be impose a GC cost.'
2762,https://github.com/mrdoob/three.js/issues/2762,Three.js Performance Test Suite with Individual + Combined Score (could be very popular),CLOSED,2012-12-06,2013-02-04,Suggestion,perf_feature_request,cause_established,,1,DBD-03,device_browser_driver,reporter_asserted,observed_cost,0,,Proposal for a three.js performance benchmark suite; maintainers note existing stress-test examples and an unexplained fps regression in a demo.,"alteredq: ""Despite ""on paper"" browser performance improving over the time, this demo got from almost 60 fps down to ~45 fps"""
2769,https://github.com/mrdoob/three.js/issues/2769,Three.js examples program linking failure on mobile devices because of mismatched type/precision on 'renderType' uniform,CLOSED,2012-12-07,2014-10-19,Bug,correctness_bug,cause_established,,1,O-08,other,reporter_asserted,observed_cost,2,int uniform 'renderType' declared without explicit precision qualifier causes vertex/fragment precision mismatch and linkProgram failure on mobile drivers || highp in fragment shaders unsupported on many ES2 mobile drivers; testing showed no perf or quality difference vs mediump on Nexus S / Galaxy Nexus,Shader program link failure on mobile due to renderType int uniform lacking explicit precision; discussion of highp vs mediump precision cost and Ejecta profiling.,"phoboslab: ""Unpacking plain JS arrays in native code seems to be a bottleneck"""
2784,https://github.com/mrdoob/three.js/issues/2784,"Non-renderable PolyMesh intermediate class to make factories, importers, exporters and modifiers more generic?",CLOSED,2012-12-11,2015-09-03,Suggestion,perf_feature_request,no_mechanism,,0,,,,,0,,Proposal for a non-renderable PolyMesh intermediate geometry class; author claims minimal runtime perf cost but no mechanism discussed.,
2800,https://github.com/mrdoob/three.js/issues/2800,Merging THREE.Mesh with THREE.Line possible?,CLOSED,2012-12-13,2012-12-21,Question,perf_question_or_help,cause_asserted_unverified,,1,DCO-01,draw_call_overhead,reporter_asserted,observed_cost,0,,User asks about merging Mesh with Line to avoid duplicating thousands of objects for outlines; answered as not possible.,"body: ""this way I'm duplicating the elements on the scene which has a negative impact on the performance"""
2813,https://github.com/mrdoob/three.js/issues/2813,Typed buffers (idea and prototype implementation),CLOSED,2012-12-17,2012-12-18,Suggestion,perf_feature_request,cause_established,,1,CAH-06,core_algorithmic_hotpath,measured,observed_cost,0,,"Proposed Vector3Buffer typed-array accessor helpers; benchmark showed ~4x slowdown vs direct Float32Array access, so closed.","bhouston: ""about 4x slower than the alternative of direct Float32Array access using local literals"""
2832,https://github.com/mrdoob/three.js/issues/2832,"Bitwise shift and inline concat, instead of Math.round() and Array.join()",CLOSED,2012-12-23,2012-12-23,Suggestion,perf_feature_request,cause_asserted_unverified,,1,CAH-26,core_algorithmic_hotpath,reporter_asserted,proposed_optimization,0,,Suggestion to replace Math.round+Array.join with bitwise shift and string concat in Geometry.mergeVertices key building; rejected as not hot path.,"body: ""It would work a 2+ times faster"""
2860,https://github.com/mrdoob/three.js/issues/2860,matrix.multiplyVector3() to vector.multiplyMatrix4(),CLOSED,2012-12-29,2013-01-07,Suggestion,perf_feature_request,cause_established,,2,CAH-06; O-02,core_algorithmic_hotpath; other,measured; measured,proposed_optimization; hypothetical,0,,API redesign of matrix/vector multiplication naming; jsperf tests informed avoiding copy().multiply() chains and keeping two-argument methods.,"""The results on my system are: 1) is a bad idea"" || ""get/set` variant is the best and ~30% of the raw access (75k ops vs 243k ops)"""
2875,https://github.com/mrdoob/three.js/issues/2875,THREE.Line missing morphTargets,CLOSED,2013-01-02,2020-05-22,Enhancement,perf_feature_request,cause_asserted_unverified,,1,GBU-01,geometry_buffer_updates,reporter_asserted,observed_cost,0,,Request for morphTargets support on THREE.Line; a later commenter says re-rendering the line each frame as a workaround has performance issues.,"""I rerender the line in loop, but it's a kind of dirty hack and has performance issues"""
2883,https://github.com/mrdoob/three.js/issues/2883,R.55dev Method Name Changes,CLOSED,2013-01-04,2013-01-09,Suggestion,perf_feature_request,ruled_out_or_no_cause,,0,,,,,1,Adding an extra-argument check inside hot Vector3 math methods was feared to add per-call overhead,"Discussion of adding deprecation warnings for renamed vector/matrix methods; concern that arity checks in hot math methods cost performance, tested via jsperf.",
2900,https://github.com/mrdoob/three.js/issues/2900,TypeScript documentation generation,CLOSED,2013-01-08,2015-09-03,Suggestion,perf_question_or_help,incidental,,0,,,,,0,,TypeScript documentation generation idea; question about prototype-chain cost answered — .d.ts files emit no runtime code.,
2916,https://github.com/mrdoob/three.js/issues/2916,[r54] I'd like a way to override material diffuse (color) from the mesh level.,CLOSED,2013-01-10,2017-05-02,Question,perf_feature_request,cause_established,,2,DCO-03; AAM-01,draw_call_overhead; app_api_misuse,measured; maintainer_confirmed,observed_cost; observed_cost,0,,"Cloning a material per mesh (to tint each mesh individually) halves framerate; WebGL Inspector shows the many-materials case issues many redundant uniform/state GL calls because uniforms are re-uploaded per material rather than cached per program. Also, creating one geometry per mesh instead of sharing wastes memory and slows init/render.","""The slow case, using a lot of cloned materials, makes a lot more redundant calls."" plus GL call logs from WebGL Inspector and fps numbers: ""many-materials=false (faster) => 45 fps"" / ""many-materials=true (slow case) => 20 fps"" || mrdoob: ""Why are you creating 1000 identical geometries??? You should create just one and reuse it."""
2936,https://github.com/mrdoob/three.js/issues/2936,Adopt JavaScript Closures to hide static variables in Math library used for GC optimizations,CLOSED,2013-01-16,2013-01-22,Suggestion,perf_feature_request,cause_asserted_unverified,,1,PFAG-01,per_frame_allocation_gc,speculative,proposed_optimization,0,,"Proposal to replace public static scratch variables in the math library with per-function closures for GC avoidance; jsperf results were mixed across browser versions and never settled, though closures were adopted mostly for correctness/readability.","""we use them to optimize locations in the code that would otherwise require a new Vector3() to be allocated""; later ""With further tests in other browsers, there does not seem to be a performance improvement."""
2948,https://github.com/mrdoob/three.js/issues/2948,Make Object3D.visible a bitmask for multipass rendering and scene filtering,CLOSED,2013-01-18,2014-10-19,,perf_feature_request,no_mechanism,,0,,,,,0,,"Request for a visibility bitmask for multipass rendering/scene filtering; only generic advice to render on demand, no cost mechanism established.",
2952,https://github.com/mrdoob/three.js/issues/2952,Abstracting rotation for common use cases,CLOSED,2013-01-20,2013-01-20,Question,perf_question_or_help,cause_asserted_unverified,,1,MWU-02,matrix_world_updates,speculative,hypothetical,0,,API ergonomics question about rotation; side discussion explains why matrices are only updated once per render (no getters/setters) and that getter/setter-based auto-update would be slower and could update the matrix redundantly multiple times per frame.,"mrdoob: ""Wouldn't that update the matrix 3 times?"""
2954,https://github.com/mrdoob/three.js/issues/2954,New collada loader,CLOSED,2013-01-21,2017-04-30,Suggestion,perf_feature_request,cause_established,,1,LPC-04,loader_parse_cost,reporter_asserted,observed_cost,0,,"Proposal for an alternative COLLADA loader (CoffeeScript), rejected for maintenance reasons; author notes COLLADA parsing is very slow at runtime and converting to a purpose-built runtime format cut load+animate+render from >1s parse to <5ms.","crobi: ""COLLADA files that took over a second to parse now load, animate, _and_ render in under 5ms total."""
2957,https://github.com/mrdoob/three.js/issues/2957,WebglRenderer2 ,CLOSED,2013-01-21,2013-06-19,Enhancement,meta_or_audit,no_mechanism,,0,,,,,0,,"Call for testers of an experimental WebGLRenderer2 refactor; performance mentioned only as a criterion (""as long as performance stays the same""), no mechanism identified.",
2975,https://github.com/mrdoob/three.js/issues/2975,Three.js Clock - Use performance.now()?,CLOSED,2013-01-24,2013-01-24,Suggestion,perf_feature_request,incidental,,0,,,,,0,,"Request to use performance.now() in Clock for higher timer resolution — precision, not performance cost.",
2986,https://github.com/mrdoob/three.js/issues/2986,STLLoader bug and fix,CLOSED,2013-01-26,2013-01-29,Enhancement,correctness_bug,cause_asserted_unverified,,1,LPC-03,loader_parse_cost,speculative,proposed_optimization,0,,STLLoader stored vertex/normal components as strings instead of numbers; parseFloat fix is asserted to also improve performance for apps using the loader.,"body: ""otherwise the data are strings"""
3001,https://github.com/mrdoob/three.js/issues/3001,Possible bug on OSX 10.7.5 and Chrome 24.0.1312.56,CLOSED,2013-01-29,2013-01-29,,perf_question_or_help,incidental,,0,,,,,0,,"WebGL context creation failed in Chrome due to a disabled chrome://flags WebGL setting, causing fallback to the far slower CanvasRenderer; user-resolved.",
3030,https://github.com/mrdoob/three.js/issues/3030,Performance warning in Chrome on OSX,CLOSED,2013-02-04,2015-09-03,Question,perf_defect_report,cause_asserted_unverified,,2,SPC-16; AAM-11,shader_program_compilation; app_api_misuse,speculative; reporter_asserted,observed_cost; proposed_optimization,0,,"Chrome/OSX 'Attribute 0 is disabled' warning when three.js disables an attribute that the shader compiler assigned to index 0 (morph targets, vertex colors); driver falls back to expensive emulation. Fixed via index0AttributeName / bindAttribLocation.","""not having attribute 0 used forces some sort of expensive emulation or something..."" — hedged, and MiiBond is not a listed maintainer || ""By default, it's only assigned for ShaderMaterials but you can set it on any other as well."""
3072,https://github.com/mrdoob/three.js/issues/3072,numericjs as a outsourced Math-core?,CLOSED,2013-02-11,2013-02-15,Suggestion,perf_feature_request,no_mechanism,,0,,,,,0,,Suggestion to replace three.js math core with numericjs; rejected as not 3D-specific. No mechanism given.,
3082,https://github.com/mrdoob/three.js/issues/3082,Why don't merge everything?,CLOSED,2013-02-15,2013-02-16,Question,perf_question_or_help,cause_asserted_unverified,,1,DCO-01,draw_call_overhead,reporter_asserted,proposed_optimization,0,,Question on why three.js doesn't merge all geometry; discussion of draw call counts vs GPU matrix transforms.,"TheoTheDev: ""it generates a lot of draw calls, as result less fps"""
3090,https://github.com/mrdoob/three.js/issues/3090,Problem with merging geometries,CLOSED,2013-02-17,2015-09-03,Bug,correctness_bug,cause_established,,2,DCO-01; GBU-10,draw_call_overhead; geometry_buffer_updates,reporter_asserted; speculative,observed_cost; hypothetical,0,,GeometryUtils.merge crashes when merging geometries with mismatched UV/attribute sets; side discussion about runtime merging cost and draw-call reduction benefit.,"None: ""From 30fps - 20fps.  But now, after geometries are merged no drop occurs when moving over area filled with water tiles."" || zz85: ""doing it after rendering in webgl can be more expensive recreating buffers"""
3095,https://github.com/mrdoob/three.js/issues/3095,Performance issue or implementation with frustum culled objects?,CLOSED,2013-02-18,2013-02-18,Help (please use the forum),perf_question_or_help,cause_asserted_unverified,,1,CASI-04,culling_and_spatial_index,speculative,proposed_optimization,0,,Perf drops when scaling grid from 30x30 to 100x100 despite frustum culling; suggested that generic culling is less efficient than a custom scheme for a regular block world. Redirected to forum.,"bhouston: ""a custom clipping method should be much more efficient than any generic method"""
3097,https://github.com/mrdoob/three.js/issues/3097,Object3D Visibility,CLOSED,2013-02-18,2014-10-19,Question,perf_feature_request,cause_asserted_unverified,,0,,,,,0,,Request that Object3D.visible propagate to children in WebGLRenderer; maintainer notes it was omitted for performance reasons. Later implemented.,
3162,https://github.com/mrdoob/three.js/issues/3162,How to improve the performance of Ribbon with THREE.GeometryUtils.merge,CLOSED,2013-03-06,2015-07-01,,perf_question_or_help,no_mechanism,,0,,,,,0,,"User asks how to reduce CPU usage of THREE.Ribbon via geometry merging; no answer, Ribbon later removed.",
3182,https://github.com/mrdoob/three.js/issues/3182,Bokeh Shader 2,CLOSED,2013-03-12,2013-11-19,Enhancement,perf_feature_request,cause_established,,2,RTP-06; SPC-08,render_target_postprocessing; shader_program_compilation,reporter_asserted; reporter_asserted,observed_cost; observed_cost,0,,"Bokeh shader v2 contribution; discussion of fragment shader sample/ring counts and loop unrolling/branching costs, resolved by using #define-based compile-time configuration.","""The bokeh shader is now using 3 rings of 6 samples - this allows me to get 20-30 fps on my 3 year old macbook air"" || ""i've tried code generating the expanded loops, but it hasn't give any performance improvements, in fact it seems to be slower, esp if there are more branch conditions in the shaders"""
3187,https://github.com/mrdoob/three.js/issues/3187,Attach object to bone (Skeletal animation),CLOSED,2013-03-13,2017-09-09,Question,perf_question_or_help,incidental,,0,,,,,0,,Explanation of three.js skinning internals (bone texture vs uniforms); notes GPU skinning and the uniform-count limitation fallback.,
3225,https://github.com/mrdoob/three.js/issues/3225,CSS3DRenderer and Browser Zoom (ctrl+mousewheel) Doesn't seem to work correctly,CLOSED,2013-03-22,2013-03-24,Question,correctness_bug,cause_established,,2,MWU-07; DBD-11,matrix_world_updates; device_browser_driver,speculative; upstream_bug,hypothetical; observed_cost,0,,"CSS3DRenderer breaks under browser zoom due to a Chrome bug scaling matrix3d transforms; workaround decomposes matrixWorld into separate translate/rotate/scale, which adds per-object CPU overhead.","WestLangley: ""Ouch. That is a lot of overhead."" || marklundin: ""with Chrome whereby css transforms applied using `matrix3d` scale incorrectly under browser zoom"""
3242,https://github.com/mrdoob/three.js/issues/3242,THREE.GeometryUtils.merge doesnt support MeshFaceMaterials,CLOSED,2013-03-26,2013-03-28,Suggestion,perf_feature_request,incidental,,0,,,,,0,,"GeometryUtils.merge copies materialIndex verbatim, breaking MeshFaceMaterial merges; merging is used to batch tile geometry for performance. Offset param proposed.",
3256,https://github.com/mrdoob/three.js/issues/3256,Poor performance in Safari on Mac OS X 10.8,CLOSED,2013-03-29,2013-04-05,Question,perf_question_or_help,cause_asserted_unverified,,1,DBD-03,device_browser_driver,reporter_asserted,observed_cost,0,,Slow loading/rendering in Safari 6 on OS X while Chrome/Firefox are fine; attributed to Safari itself with no analysis.,"""chances are the problem is in Safari"" (mrdoob, hedged)"
3257,https://github.com/mrdoob/three.js/issues/3257,Shadows not rendering on textured plane,CLOSED,2013-04-01,2013-04-05,Bug,correctness_bug,incidental,,0,,,,,0,,Shadows missing/misplaced on AMD Radeon GPUs in Chrome on OSX; traced to an AMD driver bug via Chromium issue. A 'PERFORMANCE WARNING: Attribute 0 is disabled' also appeared.,
3278,https://github.com/mrdoob/three.js/issues/3278,performance improvement benchmark of LLJS and asm.js,CLOSED,2013-04-08,2013-04-08,Suggestion,perf_feature_request,no_mechanism,,0,,,,,0,,Suggestion to reimplement math with LLJS/asm.js and benchmark; deferred pending browser adoption. No mechanism identified.,
3288,https://github.com/mrdoob/three.js/issues/3288,github uses Three.js,CLOSED,2013-04-09,2013-09-12,,other_nonperf,incidental,,0,,,,,0,,Discussion of GitHub's STL viewer and upstreaming their loader; performance mentioned only as an aside about maintaining CoffeeScript.,
3314,https://github.com/mrdoob/three.js/issues/3314,Multiple spotlight performance problem,CLOSED,2013-04-14,2013-04-14,Help (please use the forum),perf_question_or_help,cause_asserted_unverified,,0,,,,,0,,5 shadow-casting spotlights drop FPS to 20-30; redirected to StackOverflow.,
3315,https://github.com/mrdoob/three.js/issues/3315,Sorting of objects not stable (Chrome),CLOSED,2013-04-14,2013-05-01,Bug,correctness_bug,incidental,,0,,,,,0,,"renderList objects had undefined z, making Array.sort unstable in Chrome and causing flicker; fixed by initializing z:0 in addBuffer. Reporter also noted sorting the whole list instead of only renderable objects is wasted work.",
3335,https://github.com/mrdoob/three.js/issues/3335,New R58 STLLoader is slower than prev version,CLOSED,2013-04-18,2013-04-25,Bug,perf_regression_report,cause_established,,1,LPC-03,loader_parse_cost,maintainer_confirmed,observed_cost,0,,r58 STLLoader much slower on 5MB binary STL because the file is fetched as a string and converted to a buffer array; fixed by gero3 with a jsperf benchmark.,"gero3: ""Becuase now we recieve the file as string and convert that to some sort of bufferarray. Which is why it takes so much longer."" plus jsperf testcase link"
3349,https://github.com/mrdoob/three.js/issues/3349,Implement a BufferGeometryLoader,CLOSED,2013-04-21,2015-09-03,Enhancement,perf_feature_request,cause_established,,1,LPC-04,loader_parse_cost,measured,proposed_optimization,0,,Proposal for a BufferGeometryLoader / base64 embedded binary in JSON; jsperf shows base64 decode to Float32Array is 2x faster and 3x smaller than JSON.parse of text floats.,"""Here is a jsperf that shows an optimized Base64 decoder to FloatArray is twice as fast as a JSON.parse to a float array"" ... ""The base64 version requires 53K characters to store where as the JSON version requires 155K characters."""
3381,https://github.com/mrdoob/three.js/issues/3381,"performancedrops after redrawing scene multiple times, memory seems ok",CLOSED,2013-04-25,2013-04-25,Help (please use the forum),perf_question_or_help,cause_asserted_unverified,,0,,,,,0,,Framerate degrades after repeatedly tearing down and re-initializing a WebGL scene/renderer; closed as a help request without diagnosis.,
3386,https://github.com/mrdoob/three.js/issues/3386,Holes in contours causes triangulation failure,CLOSED,2013-04-26,2014-02-17,Bug,correctness_bug,incidental,,0,,,,,0,,"Shape triangulation with holes fails; removeHoles hole-to-contour connection algorithm is unreliable. Fixed by jahting's rewrite in r66. Perf mentions are incidental (O(m*n) note, jsclipper aside).",
3431,https://github.com/mrdoob/three.js/issues/3431,three.js with SSE SIMD instructions,CLOSED,2013-05-04,2013-05-05,Suggestion,perf_feature_request,no_mechanism,,0,,,,,0,,Suggestion to adopt Dart/SIMD for faster math; maintainer says CPU is rarely the bottleneck and declines.,
3435,https://github.com/mrdoob/three.js/issues/3435,Layout defined buffer geometery,CLOSED,2013-05-05,2015-04-02,Enhancement,perf_feature_request,ruled_out_or_no_cause,,0,,,,,1,"Separate per-attribute buffers vs a single interleaved stride/offset-defined buffer; interleaving may improve vertex fetch locality, but reporter notes gains are not compelling on all platforms",Request for interleaved/layout-defined BufferGeometry to reduce attribute buffer overhead; performance benefit found platform-dependent.,
3454,https://github.com/mrdoob/three.js/issues/3454,Just calling attention to an ultra fast matrix implementation,CLOSED,2013-05-10,2013-09-11,Enhancement,perf_question_or_help,ruled_out_or_no_cause,,0,,,,,1,"The jsperf benchmark used two deprecated three.js functions that throw console warnings, and did not account for the typed-array construction needed to upload matrices to the GPU, making three.js appe","jsperf claimed a faster matrix library; gero3 showed the benchmarks were invalid (deprecated functions, no typed-array creation counted), reversing the results.",
3492,https://github.com/mrdoob/three.js/issues/3492,No more raycast on particlesystems? ,CLOSED,2013-05-17,2014-05-02,Enhancement,perf_feature_request,cause_asserted_unverified,,1,RP-05,raycasting_picking,reporter_asserted,observed_cost,0,,Request to restore raycasting on ParticleSystem for large point clouds; implemented by moving raycast into each object.,"v3ss0n: ""as all other 3d objects are too slow to handle more than 20k"""
3532,https://github.com/mrdoob/three.js/issues/3532,Shadow mapping vs scissor test,CLOSED,2013-05-31,2015-11-17,Bug,correctness_bug,cause_asserted_unverified,,1,SM-08,shadow_maps,reporter_asserted,observed_cost,0,,Shadow map rendering corrupted when scissor test enabled for multiple viewports; workaround requires a wasted extra full render pass. Fixed in r74.,"""I'm completely uselessly rendering also the normal scene into framebuffer in the first step, that is discarded afterwards (performance)"""
3574,https://github.com/mrdoob/three.js/issues/3574,"Warning: Textures ""unrenderable""",CLOSED,2013-06-17,2013-06-27,Bug,perf_question_or_help,cause_established,,1,TUD-08,texture_upload_decode,maintainer_confirmed,hypothetical,0,,Chrome 'PERFORMANCE WARNING: Some textures are unrenderable' — caused by binding textures before their image has loaded; warning later removed by Chrome.,"mrdoob: ""You're correct. Seems like that warning is going away anyway"" in reply to ""the texture is being used before being loaded"""
3610,https://github.com/mrdoob/three.js/issues/3610,Updating a large BufferGeometry efficiently?,CLOSED,2013-07-02,2013-07-22,Question,perf_question_or_help,cause_asserted_unverified,,1,GBU-03,geometry_buffer_updates,reporter_asserted,observed_cost,0,,Updating a few vertices of a large BufferGeometry re-uploads the entire buffer via bufferData; resolved by adding partial updates with bufferSubData.,"body: ""But this is slow.""; ""Updating the whole buffer each time looks to be really inefficient.""; BradDodi: ""The performance is much better"" (no numbers)"
3624,https://github.com/mrdoob/three.js/issues/3624,"Instancing Meshes, transform & lighting",CLOSED,2013-07-08,2015-07-01,Enhancement,perf_feature_request,no_mechanism,,0,,,,,0,,"Request for hardware instancing to avoid per-instance draw calls; not supported at the time, later implemented via #6242.",
3638,https://github.com/mrdoob/three.js/issues/3638,Support m4 custom attribute,CLOSED,2013-07-14,2015-09-03,Enhancement,perf_feature_request,cause_asserted_unverified,,1,DCO-01,draw_call_overhead,reporter_asserted,proposed_optimization,0,,Request for m4 custom attributes in ShaderMaterial to batch ~5000 independently-rotating voxels into one merged geometry instead of thousands of drawElements calls.,"body: ""to avoid calling drawElements ~5000 times per frame"""
3663,https://github.com/mrdoob/three.js/issues/3663,What if we killed Face4... ?,CLOSED,2013-07-23,2013-07-30,Suggestion,perf_regression_report,cause_established,,1,GBU-12,geometry_buffer_updates,reporter_asserted,observed_cost,0,,"Removing Face4 (r60) split quads into triangles; WestLangley measured 10-25% FPS drops in some examples, mrdoob could not reproduce.","WestLangley: ""25% slower FPS"""
3667,https://github.com/mrdoob/three.js/issues/3667,how to add texture to sphere in three.js?,CLOSED,2013-07-24,2013-07-24,Help (please use the forum),other_nonperf,incidental,,0,,,,,0,,Help request about sphere texture; 'rendering performance' only appears in a pasted code comment.,
3668,https://github.com/mrdoob/three.js/issues/3668,video texture - Safari,CLOSED,2013-07-24,2013-07-24,Help (please use the forum),perf_question_or_help,no_mechanism,,0,,,,,0,,Video-texture-on-sphere slow in Safari; redirected to StackOverflow with no mechanism identified.,
3670,https://github.com/mrdoob/three.js/issues/3670,Angle based vertex normal smoothing,CLOSED,2013-07-24,2015-09-03,Enhancement,perf_feature_request,cause_established,,2,CAH-20; LPC-07,core_algorithmic_hotpath; loader_parse_cost,measured; reporter_asserted,observed_cost; observed_cost,0,,Proposal for angle-based vertex normal smoothing; discussion notes its heavy adjacency computation cost vs computeVertexNormals.,"GuyGood: ""I measured around 30ms on an old core2 duo desktop CPU"" || bartmcleod: ""This works well, but there is an impact on load time."""
3699,https://github.com/mrdoob/three.js/issues/3699,Back / Front Buffer or Refresh Issue,CLOSED,2013-07-29,2013-07-31,Duplicate,correctness_bug,duplicate,3700,0,,,,,0,,Closed as duplicate of #3700 (model display/wireframe artifacts).,
3700,https://github.com/mrdoob/three.js/issues/3700,Model Display Problem and Unwanted Wireframes,CLOSED,2013-07-29,2013-07-31,Help (please use the forum),correctness_bug,incidental,,0,,,,,0,,"CanvasRenderer artifacts and disappearing model; 'performance monitor' is an incidental mention, redirected to StackOverflow.",
3806,https://github.com/mrdoob/three.js/issues/3806,css3d_sprites example does not work on iPhone or Android Phone,CLOSED,2013-08-24,2013-08-24,Bug,correctness_bug,incidental,,0,,,,,0,,css3d_sprites example failed on mobile because performance.now() was unavailable there; no perf content.,
3840,https://github.com/mrdoob/three.js/issues/3840,Scene.__addObject() performance,CLOSED,2013-09-05,2013-09-11,Suggestion,perf_defect_report,cause_established,,1,CAH-03,core_algorithmic_hotpath,measured,observed_cost,0,,"Scene.__addObject used indexOf on __objects, making scene population O(n^2); __objects removed after measurements.","body: ""the `indexOf()` statement searches through the whole array every time an object is added to the scene. This means a **quadratic** increase in computation time"""
3850,https://github.com/mrdoob/three.js/issues/3850,"around 100 mb  large json data , how to handle",CLOSED,2013-09-07,2013-09-09,Help (please use the forum),perf_question_or_help,cause_asserted_unverified,,2,LPC-04; GBU-02,loader_parse_cost; geometry_buffer_updates,reporter_asserted; speculative,observed_cost; hypothetical,0,,Loading ~100MB JSON model crashes Firefox; suggested to use binary formats/BufferGeometry.,"body: ""firefox seems to crash over such large file"" || arcanis: ""still uses a standard Geometry object, which could have performance issues with a large number of polygons"""
3856,https://github.com/mrdoob/three.js/issues/3856,Mirror mirror...,CLOSED,2013-09-10,2018-01-11,Enhancement,perf_feature_request,cause_asserted_unverified,,2,RTP-03; O-03,render_target_postprocessing; other,reporter_asserted; reporter_asserted,proposed_optimization; observed_cost,0,,"Proposal for a FlatMirror/reflection class; discussion of render-target cost, recursive mirrors, and vertex displacement tradeoffs.","Slayvin: ""each time you create a mirror, you create a new renderTarget (two actually, if you use the two-mirror method)"" || brokedRobot: ""Shrinking your browser window will make it run faster, since the water quad size is based on the window width/height."""
3883,https://github.com/mrdoob/three.js/issues/3883,AMD Support (require.js / node loader),CLOSED,2013-09-19,2015-09-03,Enhancement,other_nonperf,incidental,,0,,,,,0,,Request for AMD/require.js module support; 'performance.now()' only appears inside pasted example code.,
3896,https://github.com/mrdoob/three.js/issues/3896,index0AttributeName - 'Attribute  0 disabled' warning ,CLOSED,2013-09-21,2014-03-11,Enhancement,perf_defect_report,cause_asserted_unverified,,2,DCO-15; AAM-11,draw_call_overhead; app_api_misuse,reporter_asserted; reporter_asserted,observed_cost; observed_cost,0,,"Materials other than ShaderMaterial don't bind 'position' to attribute location 0, so browsers emulate attribute 0 by allocating and binding a synthetic vertex array each draw, producing 'Attribute 0 is disabled' performance warnings.","dolpheen: ""they construct and bind an vertex array (with number of count verices) to attribute index 0 (what is called emulation)"" || body: ""it was added only for ShaderMaterial"""
3901,https://github.com/mrdoob/three.js/issues/3901,Frustum culling can be improved for large objects,CLOSED,2013-09-22,2013-10-02,Enhancement,perf_feature_request,cause_established,,1,CASI-01,culling_and_spatial_index,maintainer_confirmed,proposed_optimization,0,,Suggestion to improve frustum culling accuracy for large flat objects; maintainer judged the proposed fix not worthwhile.,"WestLangley: ""Large, flat objects, like a terrain, have a bounding sphere that is very different in shape from the object itself"""
3965,https://github.com/mrdoob/three.js/issues/3965,r61 performance issues,CLOSED,2013-10-13,2013-10-18,Bug,perf_regression_report,no_mechanism,,0,,,,,0,,OBJ loading time went from 14s to 74s between r58 and r61; mrdoob fixed loading performance after receiving the model but no mechanism was described in the thread.,
4069,https://github.com/mrdoob/three.js/issues/4069,Add GPGPU example?,CLOSED,2013-11-05,2016-02-13,Suggestion,perf_feature_request,cause_asserted_unverified,,2,RTP-16; SPC-06,render_target_postprocessing; shader_program_compilation,reporter_asserted; reporter_asserted,hypothetical; proposed_optimization,0,,Adding a GPGPU flocking example; side discussion about simulation pass cost and shader trig optimization.,"zz85: ""simulation passes can be intensive, and usually it could even be reduced eg. 30hz instead of 60hz for performance reasons"" || zz85: ""and then to optimize it a little more (removing the inverse trigo functions)"""
4074,https://github.com/mrdoob/three.js/issues/4074,Speeding up Canvas Render,CLOSED,2013-11-05,2013-11-07,Enhancement,perf_question_or_help,cause_asserted_unverified,,3,DBD-02; DCO-07; O-04,device_browser_driver; draw_call_overhead; other,speculative; reporter_asserted; reporter_asserted,hypothetical; proposed_optimization; proposed_optimization,0,,"CanvasRenderer slow (7fps) on iPad 3 in landscape; traced to retina canvas size exceeding GPU texture limits, plus general canvas 2D cost tips.","""My best guess of what's going on here is ios is automatically adding 2 pixels to the size of the texture of the canvas"" || ""Render as many triangles (or quads) as you can within a single beginPath()/endPath(). This leads to a significant improvement."" || ""is a neat trick but severely degrades performance"""
4150,https://github.com/mrdoob/three.js/issues/4150,WebGLRenderer - Nonfunctional `clearColor` Parameter,CLOSED,2013-11-26,2014-05-11,Enhancement,correctness_bug,no_mechanism,,0,,,,,0,,Documentation/API confusion about clearColor/clearAlpha and premultipliedAlpha; a passing question about whether premultiplied alpha has a perf benefit is never answered.,
4155,https://github.com/mrdoob/three.js/issues/4155,Subimaging for THREE.Texture,CLOSED,2013-11-28,2018-03-09,Enhancement,perf_feature_request,cause_asserted_unverified,,1,TUD-09,texture_upload_decode,reporter_asserted,observed_cost,0,,Request for texSubImage2D partial texture updates; full texImage2D re-uploads of large atlases/panoramas block the main thread.,"FreakTheMighty: ""`textImage2d` blocks the UI thread for a little over half a second"""
4160,https://github.com/mrdoob/three.js/issues/4160,batching of draw calls of all objects with same mesh - maintaining independent properties of objects,CLOSED,2013-12-01,2019-09-16,Enhancement,perf_feature_request,duplicate,,0,,,,,0,,Request for automatic instancing/batching of many objects sharing a mesh to cut per-object draw calls and uniform setup; closed in favor of #17505 (InstancedMesh).,
4165,https://github.com/mrdoob/three.js/issues/4165,Jpeg2000 usage,CLOSED,2013-12-02,2015-09-03,Suggestion,perf_feature_request,cause_asserted_unverified,,1,TUD-01,texture_upload_decode,speculative,hypothetical,0,,Suggestion to use JPEG2000 for smaller textures and progressive decode for mipmaps; tradeoff of decode cost vs file size raised but never investigated.,"Doidel: ""2-3 times slower jpeg2000 algorithms (compression, decompression)"""
4221,https://github.com/mrdoob/three.js/issues/4221,Proposal: Decoupling WebGLRenderer from ThreeJS Scene graph,CLOSED,2013-12-17,2020-08-17,Suggestion,perf_feature_request,cause_established,,3,O-09; DCO-01; TS-03,other; draw_call_overhead; transparency_sorting,reporter_asserted; reporter_asserted; reporter_asserted,proposed_optimization; proposed_optimization; proposed_optimization,0,,"Proposal to decouple WebGLRenderer from the scene graph and add shader/state batching to reduce GPU state-change costs; prototype written, never merged, no numbers provided.","body: ""group it by shaders to minimize costly state changes in the render pipeline"" || WestLangley: ""Currently, if you have 1000 meshes, each sharing a single `SphereGeometry` and a single material, it results in 1000 draw calls."" || gero3: ""The problem is transparent objects. We should have 2 lists, One for opaque object and 1 for transparent object."""
4316,https://github.com/mrdoob/three.js/issues/4316,CompressedTexture: Support `flipY` in shaders.,CLOSED,2014-01-19,2026-05-22,Enhancement,correctness_bug,cause_asserted_unverified,,1,TUD-13,texture_upload_decode,speculative,hypothetical,0,,"Compressed (DDS/KTX) textures render upside down because UNPACK_FLIP_Y_WEBGL doesn't apply to compressed formats; flipping in JS would be slow, so shader-side uv flip is the fix.","wrr: ""flipping DXT would be quite slow"""
4324,https://github.com/mrdoob/three.js/issues/4324,setText with TextGeometry during runtime?,CLOSED,2014-01-22,2014-01-22,Help (please use the forum),perf_feature_request,cause_asserted_unverified,,2,GBU-01; MLD-01,geometry_buffer_updates; memory_leak_disposal,reporter_asserted; reporter_asserted,observed_cost; observed_cost,0,,"No setText on TextGeometry; users must dispose and rebuild geometry each frame, causing leaks and slowdowns.","echteinfachtv: ""I remove the 3d text and set it again with the new text values."" || Pfeifenjoy: ""When I do this I get a memory leak."""
4364,https://github.com/mrdoob/three.js/issues/4364,PERFORMANCE WARNING: Attribute 0 is disabled. This has signficant performance penalty ,CLOSED,2014-01-29,2014-01-30,Bug,perf_defect_report,cause_asserted_unverified,,2,DBD-09; SPC-16,device_browser_driver; shader_program_compilation,speculative; reporter_asserted,hypothetical; observed_cost,0,,Chrome emits 'Attribute 0 is disabled' performance warning in morphtargets examples because the compiler assigns a disabled morphTarget attribute to index 0; workaround is material.index0AttributeName='position'.,"MiiBond: ""not having attribute 0 used forces some sort of expensive emulation"" || the material compilation puts the ""morphTarget7"" attribute in index 0. I'm guessing that this is something that isn't actually part of the model data"
4366,https://github.com/mrdoob/three.js/issues/4366,Changing position of a PointLight does not work correctly with some drivers,CLOSED,2014-01-30,2014-02-17,Bug,correctness_bug,incidental,,0,,,,,0,,Noisy point-light rendering on NVIDIA/Linux bisected to the physically-based shading commit: pow() with a slightly negative base (from float error in 1.0 - dot()) is undefined in GLSL. Side discussion concludes GLSL function calls are inlined so refactoring has no perf cost.,
4386,https://github.com/mrdoob/three.js/issues/4386,Experimenting with Geometry2,CLOSED,2014-02-07,2014-05-12,Enhancement,perf_feature_request,cause_established,,5,GBU-02; GBU-13; PFAG-05; IBL-01; CAH-10,geometry_buffer_updates; geometry_buffer_updates; per_frame_allocation_gc; instancing_batching_limits; core_algorithmic_hotpath,measured; reporter_asserted; measured; reporter_asserted; maintainer_confirmed,observed_cost; observed_cost; observed_cost; hypothetical; observed_cost,0,,"mrdoob proposes replacing object-heavy THREE.Geometry (arrays of Vector3/Face3) with flat typed-array geometry, measuring ~10x faster generation and far lower memory; discussion covers uint16 index splitting cost, per-element accessor/proxy overhead, multi-material face splitting, and the allocation cost of compatibility wrappers.","body: ""Projects will consume less memory (single `Float32Array`s vs tons of `Vector2`/`Vector3`s)"" || bhouston: ""we are letting ThreeJS's automatic splitting of Geometry do it this way.  But it is really slow when this happens."" || bhouston: ""creating properties per element in the large array is highly problematic in terms of memory usage"" || crobi: ""Those cause overhead as well since the engine has to split faces by the face materials"" || mrdoob: ""It's definitely faster than the current `PlaneGeometry`, but, not as fast/optimised as `PlaneBufferGeometry`"""
4480,https://github.com/mrdoob/three.js/issues/4480,Add `returnDescendants` option to Raycaster#intersectObject(s),CLOSED,2014-02-20,2014-02-20,Suggestion,perf_feature_request,cause_asserted_unverified,,1,RP-02,raycasting_picking,reporter_asserted,observed_cost,0,,Request for a raycaster option to return the root object rather than descendants; workaround of walking parents each hit asserted to be slow. Maintainers suggest userData back-reference.,"""Right now I have to iterate over the returned intersections and bubble up their parents until I found the one that I actually passed to `intersectObjects`. Pretty bad performance and ugly"""
4488,https://github.com/mrdoob/three.js/issues/4488,BufferGeometry numItems usage,CLOSED,2014-02-22,2014-03-01,Enhancement,perf_question_or_help,cause_asserted_unverified,,1,PFAG-06,per_frame_allocation_gc,reporter_asserted,hypothetical,0,,"Removal of BufferGeometry numItems in r66 removed the ability to draw a subset of a preallocated buffer, forcing reallocation of Float32Arrays on update; restored as `count`/drawcalls.","""Obviously, I don't want to create new Float32Arrays on every update."""
4500,https://github.com/mrdoob/three.js/issues/4500,Refactored export package,CLOSED,2014-02-25,2014-04-17,Enhancement,other_nonperf,incidental,,0,,,,,0,,Refactored Python exporter package discussion; 'performance' only mentioned as an aside about JS object maps.,
4501,https://github.com/mrdoob/three.js/issues/4501,Speedup of computeBoundingSphere,CLOSED,2014-02-25,2014-03-28,Enhancement,perf_feature_request,cause_asserted_unverified,,0,,,,,0,,"Proposal to skip the second loop in computeBoundingSphere; maintainer notes it yields a tighter sphere, no benchmarks provided.",
4584,https://github.com/mrdoob/three.js/issues/4584,GLSL Modifiers,CLOSED,2014-03-17,2014-03-22,Enhancement,perf_feature_request,cause_asserted_unverified,,1,GBU-06,geometry_buffer_updates,reporter_asserted,observed_cost,0,,Request for GLSL-based geometry modifiers; current modifiers loop over vertices in JS on the CPU each frame.,"""having an object with many vertices (eg subdivision) has performance issues (maybe related to editor) since all vertex loops are done in js code"""
4590,https://github.com/mrdoob/three.js/issues/4590,Text Triangulation Issues,CLOSED,2014-03-19,2015-09-03,Bug,correctness_bug,cause_asserted_unverified,,2,CAH-07; SGS-01,core_algorithmic_hotpath; scene_graph_scale,speculative; reporter_asserted,proposed_optimization; proposed_optimization,0,,Font triangulation winding/bezier-order bugs; side discussion names the O(n^2)-O(n^3) triangulator and per-character mesh building as costs.,"jahting: ""can lead to running times of n^3"" || mattdesl: ""triangulates and builds meshes per character in a given string. Slow and wasteful when you have text with repeating glyphs"""
4594,https://github.com/mrdoob/three.js/issues/4594,r66 shape holes Process logic's Performance is very poor,CLOSED,2014-03-20,2014-05-12,Enhancement,perf_defect_report,cause_established,,1,CAH-07,core_algorithmic_hotpath,maintainer_confirmed,observed_cost,0,,Shape.Utils.removeHoles is very slow (1670ms) for a 1405-point contour with 2 large holes; maintainer reproduced and suggests hole sorting.,"""contour >>>1405  holes>>> 2 (1000, 500)  time 1670ms""; jahting: ""Doing this sped up my test example by a factor of 5."""
4599,https://github.com/mrdoob/three.js/issues/4599,Make matrixWorld & matrix always up-to-date?,CLOSED,2014-03-22,2015-09-03,Enhancement,perf_feature_request,cause_established,,2,MWU-04; CAH-01,matrix_world_updates; core_algorithmic_hotpath,reporter_asserted; maintainer_confirmed,observed_cost; observed_cost,1,"V8 optimizes matrix.compose() well, so replacing it with dirty-flag checks yields little gain","Proposal to make matrix/matrixWorld always up-to-date via dirty flags and observable Vector3/Euler/Quaternion with onChange, avoiding full-scene updateMatrixWorld traversals each frame. Maintainers prototyped it: getter/setter and per-instance defineProperty overhead plus V8's good optimization of matrix.compose() negated the gains, so it was not adopted.","the-reality-engineer: ""the renderer traverses the entire scene every time, which doubles the unnecessary calculations per frame"" || mrdoob: ""is much slower than `this.x = v`."""
4601,https://github.com/mrdoob/three.js/issues/4601,square roots,CLOSED,2014-03-23,2014-03-23,Question,perf_question_or_help,ruled_out_or_no_cause,,0,,,,,1,"Math.sqrt performance depends on the JS engine/CPU mapping to a native hardware sqrt instruction; bitwise approximation is equal or much slower in Chrome/Safari, faster only in some environments","Question about fast inverse sqrt; benchmarks show the bitwise approximation is not faster in most browsers, so native Math.sqrt is not a hotspot.",
4613,https://github.com/mrdoob/three.js/issues/4613,Feature request: high-performance and flexible selection,CLOSED,2014-03-27,2015-09-03,Enhancement,perf_feature_request,no_mechanism,,0,,,,,0,,Request for high-performance region selection APIs; no mechanism of cost discussed.,
4617,https://github.com/mrdoob/three.js/issues/4617,Un-needed draw calls (in canvas),CLOSED,2014-03-27,2014-03-28,,perf_defect_report,cause_established,,1,DCO-16,draw_call_overhead,maintainer_confirmed,observed_cost,0,,CanvasRenderer issued draw calls for faces with opacity 0; early return fixed it and was merged.,"mrdoob: ""Hmmm, good catch! Fixed :)"" in response to the reporter's profile showing ""things were drawing when context.globalAlpha was 0"""
4619,https://github.com/mrdoob/three.js/issues/4619,Dynamic shadows,CLOSED,2014-03-27,2015-09-03,Enhancement,perf_question_or_help,cause_asserted_unverified,,0,,,,,0,,Multiple spotlight shadows stack incorrectly in forward rendering; discussion explains the shadow-multiply approach and why per-light shadowing costs more texture units.,
4627,https://github.com/mrdoob/three.js/issues/4627,"Wireframe for BufferGeometry based objects, e.g. Planes",CLOSED,2014-03-28,2015-08-18,Suggestion,perf_feature_request,cause_established,,1,GBU-11,geometry_buffer_updates,maintainer_confirmed,hypothetical,0,,Request to restore material.wireframe for BufferGeometry; discussion of hidden cost of extra wireframe index buffers. Fixed in 2015.,"mrdoob: ""The problem is that the renderer will have to create a second set of buffers internally anyway."""
4670,https://github.com/mrdoob/three.js/issues/4670,Should we replace `.sort` by a faster sorting operation on the render function?,CLOSED,2014-04-12,2015-09-03,Suggestion,perf_feature_request,cause_asserted_unverified,,1,TS-01,transparency_sorting,reporter_asserted,proposed_optimization,0,,Proposal to replace native Array.sort in the render loop with insertion/bubble sort since render lists are nearly sorted each frame.,"body: ""Having such overly expensive operation run every single tick doesn't sound like a good idea."" — rests on an external jsperf link (dead) and no in-thread measurement; maintainer only endorses the near-sorted observation."
4683,https://github.com/mrdoob/three.js/issues/4683,Computing normals for UTF8Loader,CLOSED,2014-04-15,2015-09-03,Suggestion,perf_defect_report,cause_established,,1,LPC-02,loader_parse_cost,measured,observed_cost,0,,UTF8Loader doesn't compute normals; also obj2utf8 encoding of OBJ files with normals is catastrophically slow (184s vs 8 hours).,"body: ""obj2utf8 conversion time goes from minutes to quite literally hours"""
4691,https://github.com/mrdoob/three.js/issues/4691,facenormals for new buffergeometry-plane,CLOSED,2014-04-17,2015-09-03,Enhancement,perf_feature_request,incidental,,0,,,,,0,,Request for face normals / flat shading on BufferGeometry planes; discussion of vertex duplication cost.,
4727,https://github.com/mrdoob/three.js/issues/4727,"Primitives generated by EdgesHelper, BoxHelper, WireframeHelper do not have position",CLOSED,2014-04-26,2016-10-09,Suggestion,perf_feature_request,incidental,,0,,,,,0,,API/semantics discussion about EdgesHelper/WireframeHelper positions and matrixAutoUpdate hack; performance mentioned only as an aside.,
4746,https://github.com/mrdoob/three.js/issues/4746,Support Vector Shapes with WebGLRenderer,CLOSED,2014-05-01,2014-05-03,Enhancement,perf_feature_request,cause_asserted_unverified,,1,SGS-01,scene_graph_scale,speculative,proposed_optimization,0,,Experiment rendering vector shapes on GPU; claims fewer generated faces than tessellated ShapeGeometry.,"""I would think its slightly more performant than the using the existing tessellation scheme with `ShapeGeometry` as less faces are being generated"""
4776,https://github.com/mrdoob/three.js/issues/4776,Moving to a modular architecture,CLOSED,2014-05-06,2016-07-22,Suggestion,perf_feature_request,cause_asserted_unverified,,4,BSLT-08; BSLT-03; BSLT-07; O-05,bundle_size_load_time; bundle_size_load_time; bundle_size_load_time; other,reporter_asserted; reporter_asserted; reporter_asserted; reporter_asserted,observed_cost; proposed_optimization; observed_cost; hypothetical,0,,"Long architecture thread on moving three.js to a modular (CommonJS/browserify, later ES6 modules) architecture. Performance discussion centers on bundle size, minification and load/startup cost rather than runtime rendering: monolithic build ships unused code and instanceof checks prevent tree-shaking; THREE.* namespace member references survive minification (~10%/47KB); global namespace blocks closure-compiler property renaming (777kb→238kb experiment); CommonJS per-module wrappers add size; ES6 transpilation and babel-polyfill add runtime and ~50k startup cost; browserify rebuild times >2s mitigated by --noparse.","ChiChou: ""it takes more than two seconds to build a boundle and blocks the livereload every time I make a change"" || anvaka: ""Removing `instance of` checks - they require explicitly referencing modules even when they are not used"" || spinchristopher: ""would also remove the usage of the global THREE variable from the code, thereby allowing variables like THREE.Geometry to be minified by closure"" || christopherjbaker: ""arrow functions are a tiny bit slower, due to the underlying bind, classes are a bit slower to create"""
4795,https://github.com/mrdoob/three.js/issues/4795,Enhancement: Game SpriteHUD..Avoiding 2x-Render,CLOSED,2014-05-11,2016-01-15,,perf_feature_request,cause_asserted_unverified,,1,O-09,other,speculative,proposed_optimization,0,,Tip: parent HUD sprites to camera to avoid a second orthographic render pass; maintainers dispute that there is a real cost.,"""another (probably faster) way to do a HUD"" ... ""updating them stays out of the Three.js rendering loop"""
4821,https://github.com/mrdoob/three.js/issues/4821,threejs featured projects,CLOSED,2014-05-16,2014-05-17,Question,perf_question_or_help,no_mechanism,,0,,,,,0,,Author asks about getting a project featured; mentions low fps on some machines but no mechanism discussed.,
4834,https://github.com/mrdoob/three.js/issues/4834,"Error in ThreeJS examples: gl.getProgramInfoLog() (66,6): warning X3557: loop only executes for 1 iteration(s), forcing loop to unroll ",CLOSED,2014-05-19,2015-07-25,Browser Issue,correctness_bug,cause_asserted_unverified,,0,,,,,0,,"ANGLE/D3D shader compiler warning X3557 (loop unrolled for 1 iteration) logged as console.error; concluded benign, warnings only appear on first shader compile due to Chrome shader caching.",
4843,https://github.com/mrdoob/three.js/issues/4843,Internet Explorer: WebGLRenderer broken since r67,CLOSED,2014-05-22,2015-03-24,Bug,correctness_bug,incidental,,0,,,,,0,,IE11 shader compilation failures since r67 due to `#extension GL_EXT_frag_depth : enable` being rejected even when guarded; also spurious infoLog dumps on successful compiles. Performance only mentioned in passing.,
4857,https://github.com/mrdoob/three.js/issues/4857,Expose controls state to allow browser performance boost,CLOSED,2014-05-25,2018-08-04,Suggestion,perf_feature_request,cause_asserted_unverified,,1,AAM-02,app_api_misuse,reporter_asserted,observed_cost,0,,Request to expose OrbitControls state so apps can render only on demand; continuous rendering of a large scene starves other DOM elements. WestLangley points to the existing 'change' event.,"body: ""threejs is still rendering so performance for those other elements are degraded"""
4867,https://github.com/mrdoob/three.js/issues/4867,using css selectors to simplifing and invite more developer to use 3D GUIs,CLOSED,2014-05-30,2015-10-28,,other_nonperf,incidental,,0,,,,,0,,Proposal to add CSS/jQuery selector shadow-DOM wrappers around three.js objects; 'performance will not changes' is an aside with no perf content.,
4868,https://github.com/mrdoob/three.js/issues/4868,Text and Labels,CLOSED,2014-05-30,2014-05-30,Help (please use the forum),perf_question_or_help,no_mechanism,,0,,,,,0,,Help request about drawing text labels on cubes; mentions text 'will affect performance' but no mechanism given. Redirected to StackOverflow.,
4870,https://github.com/mrdoob/three.js/issues/4870,"Vector,Quternation,Matrix improvements by arrays",CLOSED,2014-05-30,2014-05-31,Suggestion,perf_feature_request,cause_established,,1,CAH-01,core_algorithmic_hotpath,maintainer_confirmed,hypothetical,1,"array-vs-object property access speed depends on the JS engine version and is identical in recent V8, so no gain exists",Suggestion to back Vector3/Matrix with arrays for speed; rejected because getters/setters are slower and the cited benchmark was about JSON parsing.,"mrdoob: ""Even if accessing an array is faster, getters/setters are much slower."""
4893,https://github.com/mrdoob/three.js/issues/4893,THREE.Ray.intersectSphere,CLOSED,2014-06-06,2014-06-08,Suggestion,perf_feature_request,no_mechanism,,0,,,,,0,,"Proposed quadratic Ray.intersectSphere; maintainers asked for a performance comparison against the existing geometric method, none was provided and author conceded.",
4903,https://github.com/mrdoob/three.js/issues/4903,CSS based size by default?,OPEN,2014-06-09,,Enhancement,perf_feature_request,cause_established,,2,AAM-13; DBD-11,app_api_misuse; device_browser_driver,reporter_asserted; reporter_asserted,observed_cost; observed_cost,1,"three.js assumes the requested canvas size was honored instead of using gl.drawingBufferWidth/Height, so when the browser clamps the buffer the image is misplaced","Long-running request for CSS-driven canvas sizing (clientWidth/clientHeight, ResizeObserver/devicePixelContentBox) and dropping setPixelRatio. Discussion is mostly API design, but establishes that the common pattern of capturing devicePixelRatio once plus setSize(window.innerWidth/Height) makes the drawing buffer enormous when the browser is zoomed out (13944x7869, x4 MSAA), and that three.js assumes the requested size succeeded rather than reading gl.drawingBufferWidth/Height. Blocked on devicePixelContentBox being Chromium-only.","so it's slow. There's no reason to render 15354 x 8642 when there aren't that many pixels on my screen || greggman: ""There is no code that will return pixel perfect values except `devicePixelConentBox` and unfortunately `devicePixelContentBox` is only on Chromium browsers."""
4920,https://github.com/mrdoob/three.js/issues/4920,Fast polygon triangulation (Seidel's Trapezoidation) - reasonably small,CLOSED,2014-06-13,2015-12-31,Enhancement,perf_feature_request,cause_established,,1,CAH-07,core_algorithmic_hotpath,measured,observed_cost,0,,Proposal to replace three.js Shape triangulation with PnlTri.js (Seidel's trapezoidation); benchmarks show the existing algorithm is drastically slow for polygons with many holes.,"""A square with 1600 square holes ( ~6400 vertices -> ~10k triangles) takes with:"" - ""Three.js:   5.5 seconds - 6 minutes (depending on order of vertices)"" vs ""PnlTri.js: ~240 milliseconds"""
4927,https://github.com/mrdoob/three.js/issues/4927,Error creating WebGL context,CLOSED,2014-06-15,2014-06-30,Browser Issue,other_nonperf,incidental,,0,,,,,0,,WebGL context creation fails in Chrome due to GPU blacklisting/hardware acceleration disabled/driver issues; not a three.js problem.,
4936,https://github.com/mrdoob/three.js/issues/4936,New experimental renderer for Three.js,CLOSED,2014-06-18,2019-06-24,Enhancement,perf_feature_request,cause_established,,2,DCO-12; CAH-16,draw_call_overhead; core_algorithmic_hotpath,reporter_asserted; speculative,observed_cost; hypothetical,0,,Third-party software renderer (TinyGLRenderer); discussion of draw-call/immediate-mode cost and CanvasRenderer slowness.,"""This reduces thousands of draw calls per frame for a medium scene"" and ""it runs at 7 fps on Chrome 28"" || daoshengmu: ""think the bottleneck is drawTriangle too many times"" ... ""it seems would let performance to be slow"""
4955,https://github.com/mrdoob/three.js/issues/4955,SSAO,CLOSED,2014-06-21,2018-12-04,Enhancement,perf_feature_request,cause_asserted_unverified,,1,RTP-06,render_target_postprocessing,reporter_asserted,proposed_optimization,0,,Request to replace the slow SSAO shader with Scalable Ambient Obscurance; eventually added in r99.,"""it is a little on the slow side"" ... ""it's a fair bit faster than SSAO"""
5053,https://github.com/mrdoob/three.js/issues/5053,Need to call _gl.enableVertexAttribArray in every frame,CLOSED,2014-07-11,2015-07-01,Enhancement,perf_question_or_help,no_mechanism,,0,,,,,0,,User interoperating with another WebGL library needs vertex attrib arrays re-enabled each frame; asks about performance penalty. Solved by monkey-patching / later resetGLState.,
5058,https://github.com/mrdoob/three.js/issues/5058,Calculate an envmap reflection vector in a fragment shader,CLOSED,2014-07-12,2014-07-22,Suggestion,correctness_bug,ruled_out_or_no_cause,,0,,,,,1,Moving reflection vector computation from vertex to fragment shader adds per-pixel ALU cost; attempted measurement with 500k triangles was inconclusive,Envmap reflection vector computed per-vertex causes interpolation distortion; moving to fragment shader fixes visuals at some per-fragment cost. Perf difference could not be measured.,
5073,https://github.com/mrdoob/three.js/issues/5073,Software renderer supports texture mapping and lighting,CLOSED,2014-07-16,2014-07-26,Enhancement,perf_feature_request,cause_asserted_unverified,,1,O-01,other,speculative,proposed_optimization,0,,Adding texture mapping/lighting to SoftwareRenderer; discussion of texel encode/decode overhead and CanvasRenderer being unusable on iOS.,"gero3: ""I think it would be faster to not encode it and decode back."""
5160,https://github.com/mrdoob/three.js/issues/5160,BoundingBoxHelper doesn't like odd geometries,CLOSED,2014-07-31,2017-04-07,Bug,correctness_bug,cause_asserted_unverified,,2,CAH-02; DBD-04,core_algorithmic_hotpath; device_browser_driver,reporter_asserted; speculative,observed_cost; hypothetical,0,,Degenerate (zero-volume) geometry causes Matrix3.getInverse to log an error every frame; flooding console freezes DevTools. Aside about throw preventing V8 optimisation.,"killroy42: ""It usually hits with 10s of 1000s of errors in the console quickly freezing up DevTools."" || mrdoob: ""But I think V8 can't optimise functions with throws."""
5171,https://github.com/mrdoob/three.js/issues/5171,THREE.Instances,CLOSED,2014-08-05,2019-09-16,Enhancement,perf_feature_request,cause_established,,1,SGS-03,scene_graph_scale,maintainer_confirmed,proposed_optimization,0,,Proposal for a THREE.Instances / instanced-rendering API to draw many copies of a mesh in one draw call; debate over API and per-instance Object3D memory cost. Closed in favor of #17505 (InstancedMesh).,"mrdoob: ""What I am trying to avoid is having to create a `Object3D` per instance."""
5180,https://github.com/mrdoob/three.js/issues/5180,Selective lighting,CLOSED,2014-08-10,2024-10-30,Enhancement,perf_feature_request,cause_established,,2,SPC-02; SM-02,shader_program_compilation; shadow_maps,measured; reporter_asserted,observed_cost; observed_cost,1,Multi-scene workaround breaks cross-scene opaque/transparent render ordering,"Long-running request for selective/per-layer lighting. An implementation attempt showed that per-object light filtering changes the material's light hash, forcing program re-acquisition/recompile every frame. Eventually supported only in WebGPURenderer.","""The performance drop came (and still comes) from `initMaterial` (and then `acquireProgram` and `getShaderParameter` which is tremendously slow for some reason) being called every frame several times because the `lightHash` would be different everytime""; ""BTW I'm using Chrome's profiling tools"" || ""shadowmaps dropped my framerate considerably"""
5186,https://github.com/mrdoob/three.js/issues/5186,Geometry outperforms BufferGeometry when rendering a scene with many unique geometries.,CLOSED,2014-08-12,2014-10-29,Enhancement,perf_defect_report,cause_established,,3,DCO-03; CAH-12; PFAG-04,draw_call_overhead; core_algorithmic_hotpath; per_frame_allocation_gc,measured; measured; reporter_asserted,observed_cost; observed_cost; proposed_optimization,0,,Many tiny BufferGeometries were slower than Geometry; profiling pointed to per-draw setupVertexAttributes and unoptimized for-in over attribute objects. Fixed in r69 by caching Object.keys once.,"body: ""most of the CPU is taken up by setupVertexAttributes (~50%)"" || mrdoob: ""V8 doesn't optimise `for( in )` yet."" || Usnul: ""problem with using Object.keys is garbage collection, you are creating a new array of potentially pretty large size"""
5233,https://github.com/mrdoob/three.js/issues/5233,css3d_panorama example is qorking badly on safari for mac,CLOSED,2014-08-25,2014-08-26,Bug,correctness_bug,cause_asserted_unverified,,1,DBD-01,device_browser_driver,maintainer_confirmed,observed_cost,0,,css3d_panorama renders blurry and jaggy in Safari for Mac; attributed to missing event.movementX support and a Safari 3D-transform bug.,"mrdoob: ""it's definitely a bug in Safari for Mac"""
5235,https://github.com/mrdoob/three.js/issues/5235,renderer.shadowMapCullFace = THREE.CullFaceBack cause shadow artifacts,CLOSED,2014-08-26,2014-08-26,Enhancement,correctness_bug,incidental,,0,,,,,0,,Shadow artifacts with shadowMapCullFace = CullFaceBack; resolved by setting shadowBias. 'performance' only appears in the example filename webgl_shadowmap_performance.html.,
5241,https://github.com/mrdoob/three.js/issues/5241,Why .x/.y/.z for Vector3,CLOSED,2014-08-27,2014-08-29,Question,perf_question_or_help,cause_established,,1,CAH-01,core_algorithmic_hotpath,maintainer_confirmed,hypothetical,0,,"Question why Vector3 uses .x/.y/.z rather than array indices; discussion of getter/setter aliasing cost, mrdoob says JITs are not smart enough.","mrdoob: ""I've done it many times, they're not smart enough."""
5245,https://github.com/mrdoob/three.js/issues/5245,how can i use merge to combine the obj model,CLOSED,2014-08-29,2014-08-29,Help (please use the forum),perf_question_or_help,no_mechanism,,0,,,,,0,,Help request about merging OBJ models to improve performance; redirected to Stack Overflow.,
5251,https://github.com/mrdoob/three.js/issues/5251,MeshDepthMaterial with morphTargets = true : PERFORMANCE WARNING: Attribute 0 is disabled. This has signficant performance penalty,CLOSED,2014-08-30,2018-02-20,Bug,perf_defect_report,cause_established,,1,GBU-07,geometry_buffer_updates,maintainer_confirmed,observed_cost,0,,"MeshDepthMaterial with morphTargets=true leaves attribute 0 disabled, triggering the WebGL 'Attribute 0 is disabled' performance penalty; the position-enable path is skipped for morph materials.","mrdoob: ""Yes, that's s known issue. Haven't been able to have a look at it yet."" plus CharlotteGore: ""it doesn't happen for materials _with_ morph targets"""
5255,https://github.com/mrdoob/three.js/issues/5255,CSS3DRender will-change css,CLOSED,2014-09-01,2014-09-01,Suggestion,perf_feature_request,no_mechanism,,0,,,,,0,,Suggestion to set will-change:transform in CSS3DRenderer for layer promotion; rejected since 3D transforms already create layers.,
5268,https://github.com/mrdoob/three.js/issues/5268,BufferGeometry: Replacement for MeshFaceMaterial,CLOSED,2014-09-04,2014-10-15,Question,perf_question_or_help,cause_established,,2,IBL-01; SGS-06,instancing_batching_limits; scene_graph_scale,maintainer_confirmed; reporter_asserted,observed_cost; observed_cost,0,,"Question on replacing MeshFaceMaterial with BufferGeometry; explains multi-material internally splits into a geometry per material, and reporter cites poor Geometry performance with many objects.","mrdoob: ""is by internally creating a geometry per material"" || rawphl: ""with the old Geometry class, rendering performance is not really optimal if you have lots of objects and large geometries"""
5278,https://github.com/mrdoob/three.js/issues/5278,WebGLRenderer that plays nice with other renderers,CLOSED,2014-09-06,2015-07-01,Enhancement,perf_feature_request,ruled_out_or_no_cause,,0,,,,,2,"three.js caches enabled vertex attribute state to skip redundant enableVertexAttribArray calls, an optimisation that conflicts with external GL code mutating state || attaching custom JS properties to WebGL objects for id tagging is claimed to be slow","Request to make WebGLRenderer coexist with external GL code; notes three.js caches enableVertexAttribArray state, which conflicts with foreign GL code, and proposes a GL state cache wrapper.",
5322,https://github.com/mrdoob/three.js/issues/5322,Difficulties with THREE.Line,CLOSED,2014-09-16,2015-09-03,Suggestion,perf_feature_request,cause_asserted_unverified,,0,,,,,0,,Proposal to change THREE.LineStrip/LinePieces enums to strings for serialization; integer enums are assumed to be kept for raycast/runtime performance.,
5366,https://github.com/mrdoob/three.js/issues/5366,Suggestion: the unit of precison of ray caster ,CLOSED,2014-09-25,2022-11-22,Suggestion,perf_feature_request,cause_asserted_unverified,,1,RP-01,raycasting_picking,reporter_asserted,observed_cost,0,,"Request for pixel-unit raycaster precision; raycasting cost against complex meshes noted as bottleneck, spatial index (octree) suggested.","Usnul: ""many raycasts are happening at the same time against complex meshes, and performance is not sufficient for application to remain interactive"""
5469,https://github.com/mrdoob/three.js/issues/5469,Custom GL Draw Calls,CLOSED,2014-10-16,2020-08-17,Enhancement,perf_feature_request,cause_asserted_unverified,,2,DCO-09; SPC-15,draw_call_overhead; shader_program_compilation,speculative; speculative,hypothetical; hypothetical,0,,Request for custom GL draw-call objects; discussion of GL state save/restore cost per custom object.,"None: ""Each one of these objects would need to set its gl state and then reset it clean every time, even if there are hundreds of the same kind in the render list."" || mattdesl: ""You're much more likely to run into bottlenecks with shader/buffer switches before other states"""
5470,https://github.com/mrdoob/three.js/issues/5470,"Euler and Quaternion ""onChangeCallback"" method needed?",CLOSED,2014-10-16,2014-10-16,Question,perf_question_or_help,no_mechanism,,0,,,,,0,,"Question about Euler/Quaternion onChangeCallback; reporter self-answered, no cost mechanism established.",
5511,https://github.com/mrdoob/three.js/issues/5511,Asserting `!isNaN` when doing matrix math.,CLOSED,2014-10-25,2014-10-27,Suggestion,perf_feature_request,cause_established,,1,CAH-02,core_algorithmic_hotpath,measured,observed_cost,0,,Proposal to add console.assert(!isNaN) in math methods; rejected after jsperf showed assertions are very slow.,"pehrlich posted a jsperf benchmark screenshot: ""EDIT: link: http://jsperf.com/assertion-performance"" and ""And don't even try changing this to failing assertions - tab crash.""; also filed a Chromium bug"
5524,https://github.com/mrdoob/three.js/issues/5524,Loaders,OPEN,2014-10-27,,Enhancement; Loaders,perf_feature_request,cause_established,,2,DCO-05; LPC-09,draw_call_overhead; loader_parse_cost,reporter_asserted; reporter_asserted,observed_cost; observed_cost,0,,"Loader wishlist; side discussion notes OBJMTLLoader splits meshes per material producing excess draw calls, and IFC/WASM parse cost.","DzzD: ""block create a new object/mesh for each material switch, this ends with poor performance"" || MaartenBreeedveld: ""the WASM compiled version is a 40MB download"""
5536,https://github.com/mrdoob/three.js/issues/5536,Cascaded shadowmaps bug,CLOSED,2014-10-28,2015-09-17,Bug,perf_regression_report,cause_asserted_unverified,,1,SM-02,shadow_maps,speculative,hypothetical,0,,"Cascaded shadow maps broke between r68 and r69; never fixed, feature removed. Side discussion on CSM cost being ~N× shadow map rendering.","""Yes, roughly 3x the cost of normal SM."""
5554,https://github.com/mrdoob/three.js/issues/5554,Better shadow maps,CLOSED,2014-11-01,2015-09-03,Suggestion,perf_feature_request,cause_asserted_unverified,,1,O-10,other,reporter_asserted,hypothetical,0,,"Request for better shadow map algorithms (VSM, CSM, SDF shadows); discussion of cost/quality tradeoffs.","comment by crobi: ""that GPUGem algorithm already takes >60sec for a 10k triangle mesh"""
5571,https://github.com/mrdoob/three.js/issues/5571,Suggestion: spatial index for better performance when culling and sorting,CLOSED,2014-11-04,2015-09-03,Suggestion,perf_feature_request,cause_established,,2,CASI-04; CASI-02,culling_and_spatial_index; culling_and_spatial_index,reporter_asserted; measured,proposed_optimization; observed_cost,0,,Proposal to use a spatial index (octree/BVH) instead of full scene traversal for culling and sorting; author benchmarks BVH build costs.,"body: ""if we look at culling, we can see full traversal at work"" || Usnul: ""the algorithm is O(n^3) complexity, so it takes absolute forever"""
5582,https://github.com/mrdoob/three.js/issues/5582,Open discussion on the new Blender exporter features.,CLOSED,2014-11-06,2015-09-03,Enhancement,perf_feature_request,cause_asserted_unverified,,1,LPC-02,loader_parse_cost,reporter_asserted,observed_cost,0,,"Discussion of new Blender exporter features; includes exported animation file-size blowup (13MB vs 0.65MB) traced to constant-rate resampling of all bone channels, full float precision, and JSON indentation whitespace, plus a claim that the old exporter's skeletal animation export was an order of magnitude slower.","crobi: ""my changes improved the performance of the export by an order of magnitude (complex models took almost a minute to export with the old exporter)"""
5596,https://github.com/mrdoob/three.js/issues/5596,Shaders inconsistently transforming positions. (Z-Fighting),CLOSED,2014-11-09,2015-09-18,Bug,correctness_bug,incidental,,0,,,,,0,,Z-fighting due to inconsistent split vs condensed MVP transform across shaders; driver-dependent precision.,
5668,https://github.com/mrdoob/three.js/issues/5668,BufferGeometry and transparency,CLOSED,2014-11-21,2014-11-21,Bug,correctness_bug,cause_established,,1,TS-02,transparency_sorting,maintainer_confirmed,hypothetical,0,,PointCloud transparency artifacts because BufferGeometry doesn't support sortParticles; workaround is alphaTest/discard.,"mrdoob: ""BufferGeometry` doesn't support that."" and ""Sorting one million particles is quite a problem..."""
5691,https://github.com/mrdoob/three.js/issues/5691,Raycaster performance improvement,CLOSED,2014-11-27,2018-02-12,Duplicate,perf_feature_request,duplicate,,0,,,,,0,,Raycaster lacks broadphase culling; closed as duplicate of #12857.,
5704,https://github.com/mrdoob/three.js/issues/5704,Question Regarding MatrixAutoUpdate in Animation.update,CLOSED,2014-12-02,2015-09-03,Question,perf_question_or_help,cause_established,,2,AS-01; MWU-02,animation_skinning; matrix_world_updates,measured; reporter_asserted,observed_cost; proposed_optimization,0,,"Animation.update forcibly sets matrixAutoUpdate; discussion leads to skipping animation update for off-frustum skinned meshes, measured big win.","titansoftime: ""went from taking 5-7ms per frame to 0-1ms per frame in a zone with about 60 animated npc's"" || body: ""object.matrixAutoUpdate = true;"""
5720,https://github.com/mrdoob/three.js/issues/5720,Geometry face material support depends on object graph layout (initialization order error),CLOSED,2014-12-04,2018-01-29,Bug,correctness_bug,incidental,,0,,,,,0,,MeshFaceMaterial support depends on object traversal order when geometry is shared; performance only mentioned as an aside about duplicating geometry in JSON.,
5737,https://github.com/mrdoob/three.js/issues/5737,OBJMTLLoader gives strange meshs,CLOSED,2014-12-08,2014-12-09,Enhancement,correctness_bug,no_mechanism,,0,,,,,0,,OBJMTLLoader produces empty/extra-vertex meshes; side question about unused vertices answered as not a performance problem.,
5753,https://github.com/mrdoob/three.js/issues/5753,GPGPU birds broken in Firefox 36,CLOSED,2014-12-12,2014-12-20,Enhancement,correctness_bug,cause_asserted_unverified,,1,SPC-08,shader_program_compilation,speculative,proposed_optimization,0,,GPGPU birds example broken in Firefox 36; shader warning about gradient operations inside flow control.,"""gradient-based operations must be moved out of flow control to prevent divergence. Performance may improve by using a non-gradient operation"" and zz85: ""I'm not sure how well performance on this will improve"""
5755,https://github.com/mrdoob/three.js/issues/5755,skyshader,CLOSED,2014-12-12,2014-12-12,Help (please use the forum),perf_question_or_help,no_mechanism,,0,,,,,0,,"User reports FPS halving when combining the sky shader with other scene content; no diagnosis, redirected as help request.",
5784,https://github.com/mrdoob/three.js/issues/5784,"Idea: Why not kill MeshLambertMaterial, it is the same as MeshPhongMaterial with the SpecularColor as Black.",CLOSED,2014-12-19,2014-12-20,Suggestion,perf_feature_request,ruled_out_or_no_cause,,0,,,,,1,"Per-vertex Lambert shading is cheaper than per-pixel Phong shading, which matters on mobile GPUs, so the cheaper material is retained","Proposal to remove MeshLambertMaterial as redundant with Phong; maintainers note Lambert is per-vertex (Gouraud) and cheaper, kept for mobile performance reasons.",
5801,https://github.com/mrdoob/three.js/issues/5801,Slimming down what I need out of three.js,CLOSED,2014-12-22,2015-09-03,Question,perf_question_or_help,incidental,,0,,,,,0,,User wants to bundle only needed parts of three.js because the full library bundle is large; no tree-shaking available at the time.,
5806,https://github.com/mrdoob/three.js/issues/5806,Mesh simplification function,CLOSED,2014-12-23,2016-06-22,Suggestion,perf_feature_request,cause_established,,2,CAH-21; O-07,core_algorithmic_hotpath; other,measured; reporter_asserted,observed_cost; observed_cost,0,,Request for a mesh simplification/decimation modifier; thread evolves into SimplifyModifier work with measured timings of the simplification algorithm and worker parallelization.,"comment by zz85: ""some initial measurement shows that it takes about 2-3ms to reduce a single vertex"" || comment by samteb: ""With EPSILON = 0.03, the subtraction time execution falls to 3s."""
5821,https://github.com/mrdoob/three.js/issues/5821,Texture.clone() reuse of images,CLOSED,2014-12-27,2022-02-02,Enhancement,perf_defect_report,cause_established,,2,TUD-02; AAM-01,texture_upload_decode; app_api_misuse,maintainer_confirmed; reporter_asserted,observed_cost; observed_cost,0,,"Texture.clone() shares the image but the renderer treats each clone as a distinct texture and re-uploads the same image to the GPU, exploding VRAM and slowing startup; confirmed by mrdoob and eventually fixed by #22846.","mrdoob: ""That's indeed the problem. It's on my list of things to fix :)"" || zaykho: ""the actual Texture.clone() functionality just make the performance collapse and the FPS drop is extreme"""
5853,https://github.com/mrdoob/three.js/issues/5853,cloud demo slow in IE 11. Any update to last version ?,CLOSED,2015-01-04,2015-01-05,Question,perf_question_or_help,no_mechanism,,0,,,,,0,,"Clouds demo is slow in IE11 but fine in Firefox; maintainer redirects to Microsoft, no mechanism identified.",
5857,https://github.com/mrdoob/three.js/issues/5857,Should THREE.js attempt to automatically recover from a lost context event?,CLOSED,2015-01-05,2017-06-30,Enhancement,perf_feature_request,ruled_out_or_no_cause,,0,,,,,2,"WebGLRenderer stored GPU buffers on Object3D, so after context loss it reuses already-created (now invalid) buffers instead of re-uploading || Browsers intentionally lose WebGL contexts under memory pressure/too many contexts/inactive tabs; IE11 watchdog switches to software rendering, losing the context","Request for automatic WebGL context-loss recovery; maintainer explains buffers stored on Object3D prevent re-upload after loss, and browsers deliberately drop contexts under memory pressure.",
5871,https://github.com/mrdoob/three.js/issues/5871,THREE.ArrowHelper use accross several contexts fails,CLOSED,2015-01-07,2015-07-05,Bug,correctness_bug,cause_asserted_unverified,,1,GBU-17,geometry_buffer_updates,speculative,hypothetical,0,,"ArrowHelper shared its geometry in a module closure as an optimization, which breaks across multiple WebGL contexts (INVALID_OPERATION: bindBuffer); fixed by #6723.","vicapow (non-maintainer): ""This can be fixed by recreating the geometry for each arrow but would probably be a performance regression for most use-cases"" — hedged with ""probably"""
5876,https://github.com/mrdoob/three.js/issues/5876,UV offset / repeat should be part of materials rather than textures,CLOSED,2015-01-10,2021-03-17,Suggestion,perf_feature_request,cause_established,,5,TUD-02; TUD-14; AAM-01; LUU-03; O-11,texture_upload_decode; texture_upload_decode; app_api_misuse; lights_uniforms_ubo; other,maintainer_confirmed; reporter_asserted; reporter_asserted; reporter_asserted; reporter_asserted,observed_cost; hypothetical; observed_cost; observed_cost; observed_cost,0,,"API design debate: UV offset/repeat live on Texture, so sharing an atlas/sprite sheet with different UVs requires cloning textures (and materials), which duplicates GPU uploads/texture memory and inflates object counts and dirty-flag propagation. Proposals: move to material, Matrix3 uvTransform, split THREE.Image; also noted fragment uniform limits for per-map transforms. Workarounds suggested; merged into #9457/#17766.","mrdoob: ""`texture.clone()` works that way, but `WebGLRenderer` is unable to know that the image is the same so that's where the texture upload is unnecessary..."" || rhys-vdw: ""I've had to start duplicating my textures for each sprite in game"" || WestLangley: ""Currently, we need 20 cloned materials and 20 cloned textures"" || bhouston: ""it is leading to overflowing the Fragment Uniforms on low end devices -- such as every Apple iOS device"" || bhouston: ""One needs each texture to keep track of each material that is using it, and then tell those materials that they are dirty and need to be recalculated."""
5877,https://github.com/mrdoob/three.js/issues/5877,Ray.distanceSqToSegment code update?,CLOSED,2015-01-11,2017-04-22,Enhancement,perf_feature_request,cause_asserted_unverified,,0,,,,,0,,"Request to update Ray.distanceSqToSegment for numerical robustness; reviewer notes the method allocated temporary Vector3 clones per call, later hoisted into closure-scoped scratch variables.",
5878,https://github.com/mrdoob/three.js/issues/5878,geometry.clone() doesn't copy reference to bones/skinweights/animations etc.,CLOSED,2015-01-11,2019-03-26,Enhancement,correctness_bug,cause_asserted_unverified,,2,MLD-12; LPC-05,memory_leak_disposal; loader_parse_cost,reporter_asserted; speculative,proposed_optimization; hypothetical,0,,"geometry.clone() dropped bones/skinWeights/skinIndices/animations references, breaking skinning; discussion of shared references vs deep copies to avoid wasted memory, resolved via SkeletonUtils.clone.","body: ""I don't think they should be deep copies, or this would lead to mostly wasted memory"" || comment by verteAzur: ""should provide performance advantages; I don't believe this function was implemented yet"""
5887,https://github.com/mrdoob/three.js/issues/5887,Blender Exporting Animations - Rest Position toggle,CLOSED,2015-01-13,2015-02-16,Enhancement,perf_feature_request,cause_asserted_unverified,,1,LPC-02,loader_parse_cost,maintainer_confirmed,observed_cost,0,,Blender exporter rest/pose toggle issues; exporter slowness attributed to switching to json serialization.,"""now the exporter actually uses `json` to serialize (this is one place where I have noticed slower performance)"""
5894,https://github.com/mrdoob/three.js/issues/5894,Issues with iOS UIWebView,CLOSED,2015-01-14,2015-01-14,Help (please use the forum),perf_question_or_help,no_mechanism,,0,,,,,0,,"three.js scene extremely slow inside iOS UIWebView while fine in Safari; redirected to forum, no mechanism identified.",
5942,https://github.com/mrdoob/three.js/issues/5942,RSM with SH?,CLOSED,2015-01-20,2020-08-17,Suggestion,perf_feature_request,cause_asserted_unverified,,1,RTP-13,render_target_postprocessing,speculative,hypothetical,0,,Proposal for reflective shadow maps with SH; discussion of cost of re-rendering RSM maps and lack of WEBGL_draw_buffers.,"body: ""moving the light or something inside the light's frustum makes a reinitialization of the 4 maps necessary"""
5948,https://github.com/mrdoob/three.js/issues/5948,Add a non-rendering buffer update method,CLOSED,2015-01-20,2015-11-02,Suggestion,perf_feature_request,cause_asserted_unverified,,2,CGSS-04; GBU-03,cpu_gpu_sync_stall; geometry_buffer_updates,reporter_asserted; reporter_asserted,proposed_optimization; proposed_optimization,0,,"Request for a non-rendering buffer/texture update pass so uploads happen after draws, avoiding pipeline stalls.","body: ""To reduce pipeline stalls for dynamic buffers I'd like to provide the option to do this""; comment: ""This does have a good performance boost for constrained hardware"" || comment by benaadams: ""want to do update ranges rather than full updates and use bufferSubData for the updates"""
5959,https://github.com/mrdoob/three.js/issues/5959,Earcut: Interesting new polygon triangulator,CLOSED,2015-01-21,2015-09-03,Enhancement,perf_feature_request,cause_asserted_unverified,,1,CAH-07,core_algorithmic_hotpath,reporter_asserted,observed_cost,0,,Proposal to adopt Earcut triangulator; discussion of why CDT triangulators (poly2tri) are much slower and that three.js built-in triangulation crashes/is slow on complex shapes.,"mourner: ""poly2tri.js which implements CDT is 6-20x slower"""
5974,https://github.com/mrdoob/three.js/issues/5974,Introduce modelViewProjectionMatrix,CLOSED,2015-01-24,2015-05-11,Suggestion,perf_feature_request,cause_established,,1,LUU-03,lights_uniforms_ubo,reporter_asserted,hypothetical,1,per-vertex projectionMatrix * modelViewMatrix multiplication in the vertex shader; only a cost when transforming millions of points,Suggestion to add a premultiplied modelViewProjectionMatrix uniform to save one matrix multiply per vertex; rejected over uniform slot pressure and negligible gain.,"bhouston: ""Four slots is huge as the minimum webgl spec only requires I think 16."""
6010,https://github.com/mrdoob/three.js/issues/6010,Change uniforms on a per object basis to keep the materials count low,CLOSED,2015-01-31,2019-10-17,Suggestion,perf_feature_request,cause_established,,1,PFAG-07,per_frame_allocation_gc,measured,observed_cost,0,,Request for per-object uniform overrides to avoid cloning one material per instance; measured that material/uniform cloning dominates object creation time.,"""The numbers indicate that material creation/cloning is the bottleneck here. More specifically uniform creation/cloning."" with ~500 ms vs ~1600 ms for 10,080 instances"
6013,https://github.com/mrdoob/three.js/issues/6013,Suggestion: Neon Lights,CLOSED,2015-02-02,2015-09-03,Suggestion,perf_feature_request,cause_asserted_unverified,,2,RTP-08; RTP-13,render_target_postprocessing; render_target_postprocessing,speculative; reporter_asserted,observed_cost; hypothetical,0,,Request for line/area emissive lights; discussion drifts into why the deferred renderer is slow.,"Usnul: ""It was written more as a proof of concept using existing parts, with little regard to performance by the looks of it."" || crobi: ""Deferred rendering uses more GPU memory and more memory bandwidth. Also, currently [over 60% of all users](http://webglstats.com/) do not have multiple draw buffers, so it will use more fill rate as w"""
6031,https://github.com/mrdoob/three.js/issues/6031,New Blender Exporter - dreadfully slow geometry processing,CLOSED,2015-02-06,2015-02-11,Enhancement,perf_regression_report,cause_established,,1,CAH-03,core_algorithmic_hotpath,maintainer_confirmed,observed_cost,0,,New Blender exporter took 20-60min for 50k verts; traced to O(n^2) membership test in normals deduplication.,"""This was the main culprit:"" ... ""if vector not in vectors:"" with log timestamps on a 98k-vertex test case showing ""it exports much faster"""
6039,https://github.com/mrdoob/three.js/issues/6039,Vector3.applyMatrix4 inconsistencies,CLOSED,2015-02-08,2016-12-21,Suggestion,correctness_bug,cause_established,,1,CAH-19,core_algorithmic_hotpath,speculative,hypothetical,1,"The perspective divide was omitted from Vector3.applyMatrix4 as a micro-optimization; Chrome profiling shows the method costs ~0.01% of total execution time, so the optimization is negligible","Vector3.applyMatrix4 omitted the perspective divide as a micro-optimization (from #2921), producing silently wrong results for non-affine matrices. Profiling showed applyMatrix4 is a negligible hotspot (~0.01% of runtime), so the optimization was reverted and applyProjection collapsed into applyMatrix4.","bhouston: ""I think that is because \""if\"" tests are themselves costly when mispredicted."""
6188,https://github.com/mrdoob/three.js/issues/6188,THREE.BufferGeometry.merge() not working correctly for THREE.PlaneBufferGeometries,CLOSED,2015-03-06,2018-02-27,,correctness_bug,incidental,,0,,,,,0,,"BufferGeometry.merge() doesn't resize attribute buffers or handle index attributes, causing errors; side discussion on whether duplicate vertices from merging cost performance or only memory.",
6241,https://github.com/mrdoob/three.js/issues/6241,cyclic dependencies,CLOSED,2015-03-16,2020-05-15,Suggestion,meta_or_audit,incidental,,0,,,,,0,,"Long-running refactor thread on removing circular dependencies for module bundlers. Performance appears only as a constraint on refactoring (math library must not get slower); bhouston notes math never shows up in profiles, and gl-matrix inlines math for speed.",
6362,https://github.com/mrdoob/three.js/issues/6362,instanceof operator considered harmful,CLOSED,2015-04-08,2015-05-02,,other_nonperf,incidental,,0,,,,,0,,Proposal to replace instanceof with feature detection for cross-module class detection; perf mentioned only as a short-circuit aside.,
6375,https://github.com/mrdoob/three.js/issues/6375,Exported material with Blender - Double sided faces fail,CLOSED,2015-04-10,2015-04-10,Help (please use the forum),perf_question_or_help,no_mechanism,,0,,,,,0,,User asks whether DoubleSide workaround for missing Blender-exported faces hurts performance; no mechanism discussed.,
6383,https://github.com/mrdoob/three.js/issues/6383,We Need to Properly Handle Gamma Correction,CLOSED,2015-04-11,2016-03-03,Suggestion,perf_feature_request,cause_asserted_unverified,,1,RTP-09,render_target_postprocessing,speculative,hypothetical,0,,Discussion of moving gamma correction to a post-processing pass; concerns raised that always rendering to a texture doubles pixel work and loses native MSAA.,"benaadams: ""1080p goes from 2073600 pixels per frame to 4147200 pixels rendered per frame, may kill performance in a lot of the mobile space?"""
6396,https://github.com/mrdoob/three.js/issues/6396,Sprites: Combined rendering with opaque and transparent objects,CLOSED,2015-04-14,2018-07-27,Enhancement,correctness_bug,incidental,,0,,,,,0,,Sprites are rendered in a separate second pass so they don't sort with transparent meshes; a correct fix would require interleaving sorting between sprites and objects.,
6419,https://github.com/mrdoob/three.js/issues/6419,Adopt some ES6 features,CLOSED,2015-04-16,2021-04-15,Suggestion,perf_feature_request,cause_established,,2,CAH-13; O-05,core_algorithmic_hotpath; other,measured; reporter_asserted,observed_cost; observed_cost,0,,"Long discussion about adopting ES6 features (classes, let/const, modules) and SIMD in three.js. Performance implications of transpiled/ES6 code and SIMD math are debated via microbenchmarks; no adoption decision tied to a confirmed mechanism.","""In Nightly when the number of calculations is small (<1000) then the result is 3 times slower. When the number of calculations is higher than 10000 then the speed is ~40% faster""; mrdoob: ""it's currently the most called method in complex scenes"" || ""Also both generators and `for-of` are [optimization killers for Chrome]""; DVLP: ""`let` 3x slower than `var` in my Chrome Canary"""
6437,https://github.com/mrdoob/three.js/issues/6437,Is there a better way to render an 3D stereoscopic image for VR than create two scenes?,CLOSED,2015-04-21,2015-12-17,Enhancement,perf_question_or_help,no_mechanism,,0,,,,,0,,Question about stereoscopic VR rendering with two scenes vs duplicated meshes; resolved by layers instead of duplicating scene content.,
6461,https://github.com/mrdoob/three.js/issues/6461,Transparent PointCloud sprites incorrectly sort depth ( r70+ ),CLOSED,2015-04-27,2015-09-14,Enhancement,perf_defect_report,cause_established,,1,TS-02,transparency_sorting,maintainer_confirmed,proposed_optimization,0,,sortParticles was removed from PointCloud in r70 because CPU-side per-particle depth sorting was too costly; transparent point sprites now render out of order.,"mrdoob: ""It was kind of bad practice, as the sorting is done in the CPU."""
6506,https://github.com/mrdoob/three.js/issues/6506,shadowmap practical usage,CLOSED,2015-05-04,2015-05-04,Suggestion,perf_feature_request,no_mechanism,,0,,,,,0,,Request for a receiveOwnShadow flag to avoid self-shadowing artifacts; maintainer says shadow mapping cannot distinguish self shadows. No perf mechanism.,
6549,https://github.com/mrdoob/three.js/issues/6549,How add scales to GridHelper,CLOSED,2015-05-12,2017-06-30,Suggestion,perf_feature_request,no_mechanism,,0,,,,,0,,GridHelper rectangular sizing patch plus a question about adding text labels without the cost of many text objects; no mechanism named.,
6551,https://github.com/mrdoob/three.js/issues/6551,FirstPersonControls default lookAt issue,CLOSED,2015-05-12,2015-05-12,Help (please use the forum),perf_question_or_help,incidental,,0,,,,,0,,FirstPersonControls default lookAt/lat-lon question; 'performance' only appears in the example filename webgl_shadowmap_performance.,
6556,https://github.com/mrdoob/three.js/issues/6556,Blender export to Three js (Critically slow and CPU consuming),CLOSED,2015-05-13,2015-05-18,Enhancement,perf_defect_report,cause_established,,1,LPC-02,loader_parse_cost,measured,observed_cost,0,,"Blender JSON exporter hangs at 100% CPU on large meshes; traced to unoptimized UV indexing (and JSON serialization), fixed by an indexing optimization PR.","""UV indexing is not yet optimized. Are you exporting UVs? If so turn off the option and try again"" plus timestamped log exporting 393,216 faces in ~36s vs hung >10 minutes on r72 dev, and ""~10-20s ... in comparison to 30-50min"""
6575,https://github.com/mrdoob/three.js/issues/6575,Real Time Global/Indirect Illumination,CLOSED,2015-05-18,2015-09-03,Question,perf_feature_request,cause_asserted_unverified,,1,O-10,other,speculative,hypothetical,0,,Request for real-time global illumination; maintainers say true real-time GI is impractical and recommend baked light maps.,"RemusMar: ""For a complex high-poly scene, GI is not an option (it's a CPU/GPU killer)."""
6586,https://github.com/mrdoob/three.js/issues/6586,MeshLambertMaterial -> MeshGouraudMaterial,CLOSED,2015-05-20,2022-08-11,Enhancement,perf_feature_request,ruled_out_or_no_cause,,0,,,,,1,"Per-vertex (Gouraud) lighting evaluation is cheaper than per-pixel lighting, giving MeshLambertMaterial better performance, especially on mobile",Proposal to move per-vertex MeshLambertMaterial out of core; discussion of its performance advantage over per-pixel Phong.,
6610,https://github.com/mrdoob/three.js/issues/6610,Geometry.fromBufferGeometry() is having error when converting an EdgeHelper buffer geometry. ,CLOSED,2015-05-27,2018-02-07,,correctness_bug,incidental,,0,,,,,0,,Geometry.fromBufferGeometry() fails on line geometry from EdgesHelper; reporter was merging geometries to cut draw calls.,
6682,https://github.com/mrdoob/three.js/issues/6682,OBJLoader doesn't support 3ds Max's # object,CLOSED,2015-06-12,2016-03-29,Suggestion,perf_feature_request,cause_established,,2,LPC-03; DCO-05,loader_parse_cost; draw_call_overhead,reporter_asserted; speculative,hypothetical; proposed_optimization,0,,OBJLoader doesn't parse '# object' comment lines from 3ds Max; debate about adding regex/options without slowing standard parsing.,"mrdoob: ""Adding regexp fixes slows down the loading considerable (because it parses the whole file)"" || RemusMar: ""You need a single object (for best performances and not only)."""
6814,https://github.com/mrdoob/three.js/issues/6814,Less shadowmap rendering,CLOSED,2015-07-08,2015-07-08,Suggestion,perf_feature_request,cause_established,,1,SM-02,shadow_maps,maintainer_confirmed,observed_cost,1,Shadow pass cost scales with number of shadow-casting meshes; savings negligible for few meshes,Request to avoid re-rendering shadow maps each frame for static scenes; implemented as renderer.shadowMap.autoUpdate/needsUpdate.,"mrdoob: ""It basically allows computing the shadowmap just once."""
6823,https://github.com/mrdoob/three.js/issues/6823,Global scene to store global lights,CLOSED,2015-07-10,2015-07-13,Suggestion,perf_feature_request,incidental,,0,,,,,0,,Request for a global scene holding shared lights; maintainers point to Group nesting. Performance only mentioned in passing.,
6877,https://github.com/mrdoob/three.js/issues/6877,BufferGeometry design questions,CLOSED,2015-07-19,2015-07-23,,perf_question_or_help,cause_asserted_unverified,,2,GBU-08; GBU-14,geometry_buffer_updates; geometry_buffer_updates,reporter_asserted; reporter_asserted,hypothetical; proposed_optimization,0,,"Design questions about BufferGeometry/BufferAttribute sharing; answers cover interleaving, duplicate GPU uploads, and dynamic buffer hints.","benaadams: ""though this will double load the data to gpu"" || benaadams: ""it preps the gpu with hints that this will happen better"""
6915,https://github.com/mrdoob/three.js/issues/6915,Microsoft Edge compat,CLOSED,2015-07-27,2016-12-17,,perf_question_or_help,cause_established,,2,DBD-03; TUD-11,device_browser_driver; texture_upload_decode,reporter_asserted; reporter_asserted,observed_cost; observed_cost,0,,Microsoft Edge compatibility audit; reports of much lower WebGL framerate in Edge plus missing extensions and PNG bit-depth loss.,"titansoftime: ""30fps in chrome 7fps in Edge"" || bhouston (maintainer): ""transparent PNGs (32bit RGBA) are loaded by IE in such a way that their color depth is greatly reduced"""
6926,https://github.com/mrdoob/three.js/issues/6926,DirectGeometry.fromGeometry does not create indices,CLOSED,2015-07-30,2015-09-03,Question,perf_question_or_help,cause_established,,2,GBU-05; PFAG-08,geometry_buffer_updates; per_frame_allocation_gc,maintainer_confirmed; reporter_asserted,observed_cost; hypothetical,1,"Drivers reportedly de-index geometry themselves, so indexing gives no GPU-side win","Geometry->BufferGeometry conversion produces non-indexed triangle soup; discussion of whether indexed buffers matter for performance, plus worker transfer costs.","mrdoob: ""The only way to end up with a sane conversion code (unlike what we had before) is to explode into non-indexed geometry."" || benaadams: ""is a custom type and does not, so would need extra conversions or incur structured cloning and GC costs"""
6978,https://github.com/mrdoob/three.js/issues/6978,Large Geometry extremely slowdown ray casting performance,CLOSED,2015-08-10,2017-05-08,Suggestion,perf_defect_report,cause_asserted_unverified,,1,RP-01,raycasting_picking,reporter_asserted,observed_cost,0,,Raycasting against a single large mesh is slow because Mesh.raycast brute-force tests every triangle after a bounding-volume check; splitting the geometry into spatially partitioned pieces gives early rejection.,"dgolovin-dev: 'I found few time and profile this again and found huge CPU load on ray casting. Splitting speed up only ray casting, not rendering.' and EliasHasle: 'it just loops through all the triangles and checks them one by one'"
6987,https://github.com/mrdoob/three.js/issues/6987,Model Diet,CLOSED,2015-08-11,2016-04-07,Suggestion,perf_feature_request,cause_asserted_unverified,,3,SGS-03; CAH-24; O-05,scene_graph_scale; core_algorithmic_hotpath; other,speculative; speculative; upstream_bug,proposed_optimization; hypothetical; hypothetical,0,,"Proposal to slim Object3D/Material etc. by not preallocating optional properties; long discussion of JS hidden classes, cache pollution and polymorphism costs, closed without benchmarks.","body: ""Frequently checked, preallocated property values will cause more unique memory locations to be read and just needlessly pollute the data caches."" || benaadams: ""Whereas a function processing Vector types that might get called 100k+ per frame it would be important not to trigger polymorphism,"" || once an object gets too large or any but the last-added property is deleted, the object switches to ""dictionary mode"""
7015,https://github.com/mrdoob/three.js/issues/7015,Simple but deep object hierarchy - performance recommendations?,CLOSED,2015-08-19,2015-08-19,Help (please use the forum),perf_question_or_help,no_mechanism,,0,,,,,0,,User asks for performance advice on a deep object hierarchy with merging/cloning and many lines; redirected to stackoverflow with no mechanism identified.,
7037,https://github.com/mrdoob/three.js/issues/7037,Halve uniforms used by PointLights,CLOSED,2015-08-23,2020-04-16,Suggestion,perf_feature_request,cause_established,,2,LUU-03; TUD-15,lights_uniforms_ubo; texture_upload_decode,upstream_bug; speculative,observed_cost; hypothetical,0,,"Proposal to pack point light uniforms (vec3+float into vec4) because drivers fail to pack scalar uniform arrays, exhausting MAX_FRAGMENT_UNIFORM_VECTORS on mobile; data-texture alternative discussed with bandwidth/latency tradeoffs.","kenrussell: ""many desktop OpenGL implementations expand out arrays of scalar values into arrays of 4-vectors"" || tschw: ""There is a fair chance that texture units provide less bandwidth"""
7038,https://github.com/mrdoob/three.js/issues/7038,meshFaceMaterial and creating BufferGeometry with fromGeometry(),CLOSED,2015-08-23,2015-08-29,,correctness_bug,incidental,,0,,,,,0,,BufferGeometry.fromGeometry() dropped material indices; fixed in dev. Performance mentioned only as an aside motivation for converting to BufferGeometry.,
7053,https://github.com/mrdoob/three.js/issues/7053,Reogranization of examples into topic folders for more scalability/usability,CLOSED,2015-08-26,2020-02-11,Suggestion,meta_or_audit,incidental,,0,,,,,0,,Proposal to reorganize examples into topic folders; 'performance' appears only as a proposed folder name.,
7085,https://github.com/mrdoob/three.js/issues/7085,node.js server rendering with node-webgl and/or headless-gl,CLOSED,2015-09-02,2016-01-20,,perf_question_or_help,no_mechanism,,0,,,,,0,,"Server-side/headless rendering of three.js with node-webgl/headless-gl; discussion of shims, missing extensions and antialiasing. Performance only mentioned as scalability concern with no mechanism.",
7094,https://github.com/mrdoob/three.js/issues/7094,Removal of Tangents code?,CLOSED,2015-09-03,2015-09-03,Enhancement,perf_feature_request,cause_asserted_unverified,,2,SGS-06; CAH-17,scene_graph_scale; core_algorithmic_hotpath,reporter_asserted; speculative,proposed_optimization; proposed_optimization,0,,"Discussion of removing tangent code; side remarks that THREE.Geometry is slow and memory-inefficient, and a note about divides vs muls in the normal map shader.","bhouston: ""It is both slow, and memory inefficient."" || bhouston: ""I think that divide is slow."""
7095,https://github.com/mrdoob/three.js/issues/7095,Removal of WebGLDeferredRenderer?,CLOSED,2015-09-03,2015-09-03,Enhancement,perf_feature_request,no_mechanism,,0,,,,,0,,Removal (later restoration attempt) of unmaintained WebGLDeferredRenderer; a user's many-lights performance complaint was redirected to the forum without a mechanism.,
7130,https://github.com/mrdoob/three.js/issues/7130,FlatShading on MeshLambertMaterial,CLOSED,2015-09-07,2021-02-04,Enhancement,perf_feature_request,cause_asserted_unverified,,3,SPC-10; GBU-05; O-03,shader_program_compilation; geometry_buffer_updates; other,reporter_asserted; speculative; speculative,observed_cost; hypothetical; hypothetical,0,,"FlatShading was removed from MeshLambertMaterial, forcing users to MeshPhongMaterial, which reporter says drops framerate (per-fragment vs per-vertex lighting). Discussion covers why flat shading requires de-indexing/duplicating vertices in WebGL (no provoking vertex / gl_PrimitiveID) and alternatives like face-normal attributes. Resolved via computeFlatVertexNormals/toNonIndexed and restricting flatShading to supporting materials; no measurements.","erichlof: ""It would be nice to avoid the per-fragment operations of MeshPhongMaterial if we can."" || jee7: ""indexed `BufferGeometry` would not work with `FlatShading` unless you duplicate the vertices"" || makc: ""will need insane amount of attributes"""
7179,https://github.com/mrdoob/three.js/issues/7179,vertices need update not working - r72,CLOSED,2015-09-17,2019-01-03,Bug,correctness_bug,cause_asserted_unverified,,1,GBU-01,geometry_buffer_updates,reporter_asserted,observed_cost,0,,Reassigning Geometry.vertices no longer updates buffers in r72 because __directGeometry is cached; the suggested workaround of deleting __directGeometry causes a performance drop.,"airycanon: ""When I deleted geometry.__directGeometry,the geometry did update,but the rendering performance dropped down"""
7211,https://github.com/mrdoob/three.js/issues/7211,r72 – very low performance with THREE.MeshFaceMaterial  (or THREE.MultiMaterial).,CLOSED,2015-09-22,2017-11-08,Question,perf_regression_report,cause_established,,1,DCO-06,draw_call_overhead,maintainer_confirmed,observed_cost,0,,"r72's DirectGeometry.computeGroups creates one draw-call group per contiguous run of the same materialIndex, so unsorted multi-material geometry explodes into tens of thousands of draw calls; fixed by sortFacesByMaterialIndex.","WestLangley: ""Typing `renderer.info` into the console shows 120,000 faces and 60,000 draw calls."""
7288,https://github.com/mrdoob/three.js/issues/7288,r72: Sphere Geometry > 65536 vertices issues,CLOSED,2015-10-04,2015-10-04,Enhancement,correctness_bug,cause_asserted_unverified,,1,GBU-02,geometry_buffer_updates,maintainer_confirmed,proposed_optimization,0,,Sphere geometry index overflow past 65536 vertices in r72; aside that SphereBufferGeometry generates and renders faster than Geometry-based SphereGeometry.,"mrdoob: ""if you want it to generate and perform even faster, use `SphereBufferGeometry` instead"""
7290,https://github.com/mrdoob/three.js/issues/7290,Specular color map?,OPEN,2015-10-04,,Enhancement,perf_feature_request,ruled_out_or_no_cause,,0,,,,,1,"MeshStandardMaterial's PBR shading is assumed more expensive per fragment than Phong/Lambert, motivating users to pick older materials; explicitly unverified (""no studies"", ""share significant code"")","Specular color map request; discussion turns to whether MeshPhongMaterial is kept for performance reasons versus MeshStandardMaterial, with no measurements.",
7304,https://github.com/mrdoob/three.js/issues/7304,TypeError: this.attributes.position is undefined,CLOSED,2015-10-07,2015-10-10,,perf_question_or_help,ruled_out_or_no_cause,,0,,,,,1,InstancedBufferGeometry for a million position-less points shows no speed advantage over the drawRange/groups approach,Rendering points without a position attribute; drawRange/groups handling reworked. Measurement showed instanced vs non-instanced position-less points perform identically.,
7309,https://github.com/mrdoob/three.js/issues/7309,CSS3DRenderer.js not packaged with three.js?,CLOSED,2015-10-08,2015-10-09,Question,other_nonperf,incidental,,0,,,,,0,,Question about why CSS3DRenderer ships in examples/ rather than the core build; a passing aside asks whether there are performance problems but none are discussed.,
7346,https://github.com/mrdoob/three.js/issues/7346,Vector Equals with Tolerance,CLOSED,2015-10-14,2016-06-08,Suggestion,perf_feature_request,cause_asserted_unverified,,1,CAH-17,core_algorithmic_hotpath,speculative,proposed_optimization,0,,Proposal to add a tolerance argument to Vector.equals(); discussion notes the extra conditional/branch and that distanceTo (sqrt) is slower than a manhattan-style comparison. Closed without change.,"makc: ""I use .distanceTo but this would be faster... probably"""
7347,https://github.com/mrdoob/three.js/issues/7347,Three.js performance compared to asm.js/wasm ports.,CLOSED,2015-10-14,2015-10-14,Question,perf_question_or_help,no_mechanism,,0,,,,,0,,"Open-ended question comparing three.js to asm.js/wasm engine ports; maintainer says the demo could run at 60fps in three.js, but no mechanism of cost is identified.",
7371,https://github.com/mrdoob/three.js/issues/7371,Performance: Multiple tiny sprites ,CLOSED,2015-10-18,2015-10-20,,perf_defect_report,cause_established,,2,CASI-09; DCO-04,culling_and_spatial_index; draw_call_overhead,maintainer_confirmed; speculative,observed_cost; observed_cost,0,,"200-1500 tiny text sprites halved FPS. Root cause: WebGLRenderer was not frustum-culling Sprites, so off-screen sprites still issued draw calls. Fixed by mrdoob.","mrdoob: ""turns out `WebGLRenderer` was not frustum culling Sprites!"" || Nefsen402: ""The problem here is most likely all the draw calls."""
7391,https://github.com/mrdoob/three.js/issues/7391,Threejs garbage collection behaviour,CLOSED,2015-10-21,2015-10-22,Enhancement,perf_defect_report,cause_established,,2,MLD-04; MLD-10,memory_leak_disposal; memory_leak_disposal,maintainer_confirmed; speculative,observed_cost; observed_cost,1,"Setting render-list length to 0 each frame would force reallocating all render-list entry objects every frame, which is why the cache is kept","Disposed meshes stay in the heap unless an extra render() happens: the renderer's opaqueObjects/transparentObjects arrays keep references, deliberately not truncated (length = writeIndex+1) to avoid per-frame reallocation. Accepted as a perf tradeoff; DOM event handlers on the canvas also retain the renderer.","mrdoob: ""the browser won't be able to remove the references with the `opaqueObjects.length = opaqueObjectsLastIndex + 1` optimisation""; ""So the reported issue is a price we have to pay for performance."" || tschw: ""At some point it occurred to me that is must be the event handlers, of course"" (earlier: ""But I'm not really sure why it's needed."")"
7397,https://github.com/mrdoob/three.js/issues/7397,Further improvements to MeshPhysicalMaterial,CLOSED,2015-10-21,2020-08-17,Enhancement,perf_feature_request,cause_asserted_unverified,,1,RTP-07,render_target_postprocessing,speculative,hypothetical,1,Single-image cubemaps may give better performance when generating LOD levels than six-face cubemaps,"Roadmap of MeshPhysicalMaterial improvements. Perf-relevant: textureCubeLodEXT-based roughness LOD lookup is out-of-spec/unsupported on many devices, auto mipmap generation quality vs. cost, and cost of generating full LOD pyramids for live light probes.","bhouston: ""This requires fast filtering and maybe necessary to use HW cube map generation or we can just not do LOD"""
7402,https://github.com/mrdoob/three.js/issues/7402,WebGL-based Prefiltered Mipmaped Radiance Environment Map (PMREM) generator,CLOSED,2015-10-22,2016-02-27,Enhancement,perf_feature_request,cause_asserted_unverified,,2,LPC-10; RTP-07,loader_parse_cost; render_target_postprocessing,reporter_asserted; speculative,observed_cost; hypothetical,0,,"Request for a GPU-based PMREM generator because the offline AMD CubeMapGen tool is too slow; discussion analyses filtering cost (NxM level generation, separable vs single-shot filters, 49 vs 14 samples) and implementation-limit tradeoffs.","body: ""We can use this tool to create them off line, but it is very inconvenient also this tool is slow:"" || tschw: ""generating NxM levels is relatively expensive"""
7474,https://github.com/mrdoob/three.js/issues/7474,Comment animation mixed example code,CLOSED,2015-10-27,2017-04-05,,perf_question_or_help,incidental,,0,,,,,0,,Request for comments in animation examples. Maintainer notes the r73 examples contain obsolete manual optimizations and that the rewritten dev animation system is several times faster; AnimationObjectGroup is mentioned as an optimization.,
7522,https://github.com/mrdoob/three.js/issues/7522,NodeMaterial,CLOSED,2015-11-03,2022-02-18,Enhancement,perf_feature_request,cause_established,,2,SPC-04; CAH-06,shader_program_compilation; core_algorithmic_hotpath,speculative; maintainer_confirmed,hypothetical; proposed_optimization,0,,"Long NodeMaterial design/enhancement thread: architecture, naming, node types, editors, serialization, and whether it belongs in src/. Performance appears only in asides — node graph build/runtime cost with TempNode caching, callback-based array iteration being slower than explicit loops, and unclean alpha-return emulation of discard. None measured.","sunag: ""how much more nodes this consumes more CPU at build time and GPU at runtime"" || bhouston: ""Function calls are very slow in JavaScript compared to a for-loop or while-loop"""
7538,https://github.com/mrdoob/three.js/issues/7538,"getNormalMatrix(), getInverse() aren't getters",CLOSED,2015-11-04,2019-10-18,Suggestion,perf_feature_request,incidental,,0,,,,,0,,Naming debate about getNormalMatrix()/getInverse(); an aside asserts that combined copy+invert methods are faster than copy().invert() and that avoiding overloading helps the V8 JIT.,
7648,https://github.com/mrdoob/three.js/issues/7648,"self in three.js is bound to the wrong Variable if ""var self = this;"" is used in the calling context",CLOSED,2015-11-20,2016-01-14,,correctness_bug,incidental,,0,,,,,0,,"Clock.getDelta() broke because app code overwrote the global `self`, so `self.performance` was undefined. Turned out to be app-side misuse of `var self = this`; the `performance` token is incidental.",
7670,https://github.com/mrdoob/three.js/issues/7670,requestAnimationFrame loop causes CPU hog,CLOSED,2015-11-24,2015-11-24,Suggestion,perf_feature_request,cause_established,,1,AAM-02,app_api_misuse,reporter_asserted,observed_cost,0,,"Unconditional requestAnimationFrame render loop keeps rendering a static scene every 16ms, pegging a CPU core; maintainers say on-demand rendering is the app's responsibility, and dirty-tracking in the engine would itself cost performance.","benbucksch: ""The CPU usage drops from 2 cores with 100% each to almost nothing, after 2 seconds of no activity on my page."""
7672,https://github.com/mrdoob/three.js/issues/7672,Add light source radius to point and spot lights to enable accurate soft shadows?,CLOSED,2015-11-24,2018-05-28,Suggestion,perf_feature_request,no_mechanism,,0,,,,,0,,Feature request to add light source radius to enable PCSS soft shadows; resolved by adding radius to light.shadow. Performance is only tangential.,
7690,https://github.com/mrdoob/three.js/issues/7690,SpotLight should automatically update LightShadow camera in response to SpotLight parameter changes,CLOSED,2015-11-27,2016-03-28,Enhancement,perf_feature_request,cause_asserted_unverified,,2,SM-03; MWU-06,shadow_maps; matrix_world_updates,speculative; speculative,hypothetical; proposed_optimization,0,,"Request to auto-couple SpotLight.angle to its shadow camera fov. Discussion notes that a loose shadow frustum wastes shadow-map resolution, and that recomputing the projection matrix in render() each frame would cost cycles; implemented via SpotLightShadow which only recomputes when values change.","WestLangley: ""I think a common user requirement is to have the shadow frustum tight around the target for better-quality shadows at lower cost"" — hedged with ""I think"" and disputed by bhouston || MasterJames: ""in the render function might not be the most performant place to update""; mrdoob notes update() ""only computes the projectionMatrix if the values are different"" — no measurement"
7726,https://github.com/mrdoob/three.js/issues/7726,Versioning !,CLOSED,2015-12-03,2015-12-28,,perf_question_or_help,incidental,,0,,,,,0,,Complaint about API churn/migration burden across versions. Only performance-adjacent content is the note that ShaderMaterial custom attributes were removed in favour of BufferGeometry attributes for performance reasons.,
7769,https://github.com/mrdoob/three.js/issues/7769,Fog doesn't work on Chrome in Nexus devices if antialias = true,CLOSED,2015-12-10,2015-12-29,,correctness_bug,incidental,,0,,,,,0,,"Fog is pushed far back on Adreno/Qualcomm Android GPUs when antialias=true, due to a wrong gl_FragCoord.w in the driver (Qualcomm bug filed, WebGL conformance test added). Workaround of disabling AA plus doubling pixelRatio is noted as costing performance.",
7823,https://github.com/mrdoob/three.js/issues/7823,computeBoundingBox not called in mesh.raycast,CLOSED,2015-12-19,2015-12-20,,perf_question_or_help,ruled_out_or_no_cause,,0,,,,,2,"Transforming the single ray into model space is cheaper than transforming all vertices into world space, so raycast uses the inverse matrix approach || Bounding-box prefilter adds a matrix inverse per raycast that may only pay off for some models, so only the bounding sphere is tested","Question about why Mesh.raycast doesn't auto-compute a bounding box and why ray-vs-box is done in model space; maintainer explains transforming one ray into model space is cheaper than transforming all vertices to world space, and bounding-box prefiltering may or may not pay off depending on the model.",
7865,https://github.com/mrdoob/three.js/issues/7865,Raycaster in r73 not working correctly with MultiMaterial objects,CLOSED,2015-12-27,2015-12-30,Enhancement,correctness_bug,ruled_out_or_no_cause,,0,,,,,1,Raycaster intentionally dropped per-face multi-material resolution; it was a design/perf tradeoff rather than a measured hotspot,"Raycaster no longer respects MultiMaterial per-face materials; maintainer states this was dropped deliberately for simplicity and performance, and recommends splitting geometry.",
7875,https://github.com/mrdoob/three.js/issues/7875,"AnimationMixer AnimationClip, AnimationAction missing in doc",CLOSED,2015-12-29,2017-04-13,Enhancement,other_nonperf,incidental,,0,,,,,0,,"Request for docs on the animation system; mentions of performance are incidental (example filename webgl_shadowmap_performance, aside that new mixer caches).",
7917,https://github.com/mrdoob/three.js/issues/7917,Group materialIndex ignored when converting groups to faces in Geometry.fromBufferGeometry,CLOSED,2016-01-05,2017-04-07,Duplicate,correctness_bug,duplicate,,0,,,,,0,,"Geometry.fromBufferGeometry ignores group materialIndex; discussion notes Geometry is converted to BufferGeometry before render, costing time and memory.",
7956,https://github.com/mrdoob/three.js/issues/7956,Sprite issues,CLOSED,2016-01-13,2018-07-07,Enhancement,perf_feature_request,cause_established,,1,TUD-02,texture_upload_decode,maintainer_confirmed,observed_cost,0,,"Sprite API limitations; cloning textures per-sprite causes repeated GPU uploads, and the uuid hack causes image decode stalls.","WestLangley: ""Confirmed."" ... ""prevents the texture from being uploaded to the GPU repeatedly."""
7972,https://github.com/mrdoob/three.js/issues/7972,Android Chrome Dev still a problem with WebGL video textures,CLOSED,2016-01-15,2016-03-18,,perf_defect_report,cause_asserted_unverified,,2,DBD-10; DBD-02,device_browser_driver; device_browser_driver,reporter_asserted; reporter_asserted,observed_cost; observed_cost,0,,Android Chrome video texture rendering broken/slow on Samsung S3; traced to a Chromium media pipeline bug and old GPU hardware.,"Enabling the ""unified media pipeline"" flag in Chrome Dev fixes rendering of three.js video textures but then it produces a problem of cpu performance problems. || danrossi: ""older models like the S3 is too laggy to use for video texture WebGL rendering. It still causes underlying video playback and performance issues with dropped frames."""
7993,https://github.com/mrdoob/three.js/issues/7993,Image distortion ,CLOSED,2016-01-20,2016-01-20,Help (please use the forum),perf_question_or_help,no_mechanism,,0,,,,,0,,"Image distortion/jerky rotation on a textured cube; redirected to StackOverflow, no mechanism established.",
8018,https://github.com/mrdoob/three.js/issues/8018,Why does aoMap only use the red channel?,CLOSED,2016-01-25,2016-02-01,Question,perf_question_or_help,incidental,,0,,,,,0,,"Discussion of why aoMap uses only the red channel; performance mentioned only as an aside, decision was semantic.",
8021,https://github.com/mrdoob/three.js/issues/8021,Geometry.verticesNeedUpdate seems doesn't work correctly,CLOSED,2016-01-26,2016-01-27,Help (please use the forum),perf_question_or_help,cause_asserted_unverified,,1,GBU-01,geometry_buffer_updates,reporter_asserted,observed_cost,0,,verticesNeedUpdate not working due to cached __directGeometry; deleting the cache works but is slow.,"airycanon: ""When I deleted `geometry.__directGeometry`,the geometry did update,but the `rendering performance` dropped down"""
8025,https://github.com/mrdoob/three.js/issues/8025,Viewports && scissors && canvas background protection enhancement,CLOSED,2016-01-26,2016-01-27,Help (please use the forum),perf_question_or_help,no_mechanism,,0,,,,,0,,Question about viewports/scissors and transparent canvas background; asks whether alpha:true hurts performance but no answer or mechanism given.,
8035,https://github.com/mrdoob/three.js/issues/8035,Recommendation: Constructors taking JSON,CLOSED,2016-01-29,2016-01-31,Suggestion,perf_feature_request,incidental,,0,,,,,0,,"Proposal for JSON-object constructors; performance mentioned only as passing speculation, rejected by maintainer.",
8058,https://github.com/mrdoob/three.js/issues/8058,Custom UVs on standard Geometry,CLOSED,2016-02-03,2020-03-31,Enhancement,perf_feature_request,incidental,,0,,,,,0,,Request for saving custom UVs on parametric geometries; CPU cost mentioned only in passing with no issue observed.,
8086,https://github.com/mrdoob/three.js/issues/8086,Suggestion: Javascript Binary Bundles for faster loading and distribution,CLOSED,2016-02-07,2018-03-21,Suggestion,perf_feature_request,cause_established,,2,LPC-04; LPC-09,loader_parse_cost; loader_parse_cost,reporter_asserted; reporter_asserted,proposed_optimization; hypothetical,0,,Proposal for a binary bundle format (JBB) claiming ~30% faster asset load vs JSON loaders; benchmarks disputed on fast connections; closed with redirect to forum.,"wavesoft: ""I observe an average loading time improvement of about **30%**"" || wavesoft: ""you will end-up with dozens of faces/vertices/indices, while you could just encode the constructor parameters (optimising for size)"""
8104,https://github.com/mrdoob/three.js/issues/8104,Group seems not work correctly in editor,CLOSED,2016-02-10,2016-02-11,Duplicate,other_nonperf,duplicate,,0,,,,,0,,Editor group re-parenting question; closed as duplicate of #7532. A comment mentions the parent select box was removed 'for performance reasons' without detail.,
8110,https://github.com/mrdoob/three.js/issues/8110,Safari/Firefox DOM Exception 18 for Streaming Video Texture,CLOSED,2016-02-12,2016-08-28,,correctness_bug,cause_asserted_unverified,,2,TUD-10; DBD-02,texture_upload_decode; device_browser_driver,speculative; reporter_asserted,proposed_optimization; observed_cost,0,,"Cross-origin video textures throw DOM Exception 18 in Safari/iOS due to missing WebKit CORS support for video (fixed in iOS 11.1); workarounds include reverse-proxy, iframe, or Cordova WebView. Performance appears as side remarks: canvas 2D drawImage intermediate drops frames, and older iOS devices render WebGL at ~5fps.","danrossi: ""I wouldn't even use canvas drawing that will drop too many frames."" || danrossi: ""The Ipad 3 is useless for WebGL and renders back at 5fps."""
8112,https://github.com/mrdoob/three.js/issues/8112,"Clock (start, getDelta) broken in Node.js r74, 'performance.now' not defined",CLOSED,2016-02-12,2016-04-08,,correctness_bug,incidental,,0,,,,,0,,"THREE.Clock breaks in Node/iOS8 because performance.now polyfill was removed; discussion of timing APIs, not a performance cost.",
8113,https://github.com/mrdoob/three.js/issues/8113,TrackballControls is much slower than its older version,CLOSED,2016-02-12,2016-02-17,,perf_defect_report,no_mechanism,,0,,,,,0,,"Claim that new TrackballControls is slower than the old one; reporter later could not reproduce, attributed to slower rotation speed perception. No mechanism established.",
8127,https://github.com/mrdoob/three.js/issues/8127,webgl_shadowmap_performance.html halves FPS r74 vs r73,CLOSED,2016-02-13,2016-02-18,,perf_regression_report,cause_established,,1,SM-01,shadow_maps,maintainer_confirmed,observed_cost,0,,FPS halved in webgl_shadowmap_performance between r73 and r74; traced to the rewritten PCFSoftShadowMap being more expensive (higher quality) — removing that setting restored 55-60fps.,"izatar: ""my framerate shoots up to 55-60"" after removing `renderer.shadowMap.type = THREE.PCFSoftShadowMap;`; mrdoob: ""Yes, that makes sense. `PCFSoftShadowMap` has more quality now."""
8139,https://github.com/mrdoob/three.js/issues/8139,render targets small resolution on postprocessing,CLOSED,2016-02-14,2016-02-14,,perf_question_or_help,cause_asserted_unverified,,1,RTP-01,render_target_postprocessing,reporter_asserted,observed_cost,0,,"EffectComposer render targets ignore devicePixelRatio, giving blurry postprocessing; setting full-DPR size fixes quality but halves FPS due to 4x fragment work.","""it works like a charm and everything is crisp as butter at only half the FPS"""
8161,https://github.com/mrdoob/three.js/issues/8161,Undeclared identifier 'IncidentLight' on Windows,CLOSED,2016-02-18,2016-03-28,,correctness_bug,incidental,,0,,,,,0,,"Shader compile failure 'undeclared identifier IncidentLight' on ANGLE D3D9 path (Quadro 600 / AMD switchable graphics fallback); driver/ANGLE compiler bug with struct-returning functions, worked around by using out parameters.",
8203,https://github.com/mrdoob/three.js/issues/8203,OBJLoader + MTLLoader != OBJMTLLoader,CLOSED,2016-02-23,2016-08-23,Enhancement,perf_defect_report,cause_asserted_unverified,,2,DCO-02; O-11,draw_call_overhead; other,speculative; speculative,hypothetical; proposed_optimization,0,,"OBJLoader lacks OBJMTLLoader features (mtllib, multi-material per mesh). Discussion of whether splitting into child meshes vs BufferGeometry groups/MultiMaterial has different draw-call overhead; concluded groups approach preserves file structure but still produces multiple draw calls.","jonnenauha: ""Just multiple materials with group indexing that will produce multiple draw calls."" || jonnenauha: ""I guess we should not mark the index except when multiple materials are encountered, to not put any overhead or make all obj loading create groups and user multimaterial when not needed."""
8220,https://github.com/mrdoob/three.js/issues/8220,Saw-tooth memory profile / leak (particularly bad with MeshStandardMaterial),CLOSED,2016-02-24,2016-03-02,,perf_defect_report,cause_established,,2,PFAG-02; PFAG-03,per_frame_allocation_gc; per_frame_allocation_gc,measured; speculative,observed_cost; hypothetical,1,"Sawtooth heap profile comes from Chrome's own dynamic memory for internal bookkeeping/JIT optimization, not three.js per-frame allocations (verified by recording heap allocations over a selected timef","Reported saw-tooth memory profile/GC churn in three.js examples, initially attributed to material uniforms. Maintainer profiling showed no allocations from three.js code; sawtooth comes from Chrome's internal bookkeeping, though TextGeometry (non-buffer) inflated allocation in one example.","tschw: ""The 10MB in `webgl_materials_variations_standard` become 1MB without `TextGeometry`"" || tschw: ""there should be no allocation required, unless the number of rendered objects varies due to culling"""
8238,https://github.com/mrdoob/three.js/issues/8238,Proposal: Bring Back Shadow Intensity (formerly Shadow Darkness),CLOSED,2016-02-27,2020-01-30,Suggestion,perf_feature_request,incidental,,0,,,,,0,,"Proposal for shadow intensity/darkness property. Mostly a rendering-feature discussion; one commenter asserts that the extra-lights workaround costs performance, and mrdoob notes it adds one uniform per light.",
8248,https://github.com/mrdoob/three.js/issues/8248,Request for Feature: Screen Space Reflections,CLOSED,2016-02-29,2021-02-27,Enhancement,perf_feature_request,cause_established,,3,RTP-06; SPC-13; O-10,render_target_postprocessing; shader_program_compilation; other,reporter_asserted; reporter_asserted; reporter_asserted,observed_cost; proposed_optimization; proposed_optimization,0,,Feature request for screen-space reflections. Prototype passes are heavily resolution-dependent (4-5 fps at 1080p) because ray marching runs per full-resolution pixel for every fragment regardless of reflectivity; also a material was created every render call.,"WestLangley: ""the frame rate is 4""; gkjohnson: ""It's a very resolution-dependent effect so if you make your window smaller the framerate will probably go up"" || Fyrestar: ""Did you noticed you create a material in each render call?"" || gkjohnson: ""though ray tracing is still happening so there won't be any performance difference in that case"""
8299,https://github.com/mrdoob/three.js/issues/8299,iOS performance issue,CLOSED,2016-03-05,2016-03-06,Help (please use the forum),perf_question_or_help,no_mechanism,,0,,,,,0,,"iOS 9 / iPhone 6 stalls every second in a simple scene while FPS stays at 60; no mechanism identified, redirected to forum.",
8311,https://github.com/mrdoob/three.js/issues/8311,three.clock uses window.performance and does not work on IOS 8,CLOSED,2016-03-07,2016-03-07,,correctness_bug,incidental,,0,,,,,0,,"THREE.Clock used window.performance, which Apple disabled on iOS 8 due to performance issues in the Navigation Timing API, breaking projects; fixed in dev by falling back to Date.",
8325,https://github.com/mrdoob/three.js/issues/8325,Request for Object3D method to assign (replace) children by array index (updated first post),CLOSED,2016-03-09,2019-07-25,Enhancement,perf_feature_request,cause_asserted_unverified,,1,SGS-04,scene_graph_scale,reporter_asserted,proposed_optimization,0,,Request for Object3D.replaceChildAt/replace to avoid indexOf search and splice when swapping children; closed by reporter as low value.,"""In addition to the (at least theoretical) performance advantages"" and ""saves a splice, and if the application developer knows the index of the element to replace, then using that information with replaceAt will save a search too."""
8338,https://github.com/mrdoob/three.js/issues/8338,Is Geometry.elementsNeedUpdate deprecated in r74,CLOSED,2016-03-11,2016-03-14,Help (please use the forum),perf_defect_report,cause_asserted_unverified,,1,GBU-02,geometry_buffer_updates,reporter_asserted,observed_cost,0,,"Geometry.elementsNeedUpdate was non-functional, then after the fix was never reset to false, causing DirectGeometry to be rebuilt every frame.","sylvain-abadie: ""geometry.elementsNeedUpdate is never set back to false.  This leads to a massive performance and memory issue :  DirectGeometries keep getting instantiated."""
8400,https://github.com/mrdoob/three.js/issues/8400,Three.js Cardboard effect performance issues,CLOSED,2016-03-18,2016-03-18,,perf_defect_report,cause_established,,1,RTP-08,render_target_postprocessing,reporter_asserted,observed_cost,0,,CardboardEffect's render-to-texture then redraw of a distorted plane costs a full extra fullscreen pixel pass on high-DPI phones; vertex-displacement distortion proposed and measured faster. CardboardEffect removed.,"body: ""I presume this is because the pixels are effectively being drawn twice"""
8431,https://github.com/mrdoob/three.js/issues/8431,Some glTF scenes slow performance significantly when used with VREffect,CLOSED,2016-03-22,2017-01-10,,perf_defect_report,cause_asserted_unverified,,2,MWU-04; LUU-02,matrix_world_updates; lights_uniforms_ubo,reporter_asserted; maintainer_confirmed,observed_cost; proposed_optimization,0,,"glTFShaders.update() calls scene.updateMatrixWorld() once per shader every frame, dropping to ~2fps on large glTF scenes.","donmccurdy: ""It's invoked once per shader."" || tparisi: ""I'm not keeping track of whether or not values have changed since the last frame"""
8432,https://github.com/mrdoob/three.js/issues/8432,Unexpected result from calling Box3.setFromObject() on transformed mesh,CLOSED,2016-03-22,2016-03-23,,correctness_bug,cause_asserted_unverified,,2,CAH-20; RP-04,core_algorithmic_hotpath; raycasting_picking,reporter_asserted; reporter_asserted,observed_cost; observed_cost,0,,"Box3.setFromObject was changed to traverse all geometry vertices for accuracy, which is far slower than unioning child bounding boxes; users doing per-frame AABB updates for octree/picking lost their frame rate.","brianchirls: ""is crawling through the whole geometry anyway"" || brianchirls: ""traversing every single triangle of every moving object on every frame"""
8463,https://github.com/mrdoob/three.js/issues/8463,PBR Light Limits,CLOSED,2016-03-24,2020-08-17,,perf_defect_report,cause_asserted_unverified,,1,SM-05,shadow_maps,reporter_asserted,observed_cost,0,,Adding >12 shadow-casting point lights exceeds MAX_TEXTURE_IMAGE_UNITS since each shadow-casting light consumes a fragment shader sampler.,"body: ""Fragment shader sampler count exceeds MAX_TEXTURE_IMAGE_UNITS (16)."""
8497,https://github.com/mrdoob/three.js/issues/8497,Clipping planes,CLOSED,2016-04-01,2016-05-31,,perf_feature_request,cause_asserted_unverified,,1,CASI-11,culling_and_spatial_index,maintainer_confirmed,hypothetical,0,,"Request for built-in clipping planes, including using them in frustum culling; three.js added clipping in #8465 with global planes culled but local planes not.","tschw: ""The global clipping state _is_ considered during frustum culling. The local one is seen as a modeling operation and thus is not."""
8509,https://github.com/mrdoob/three.js/issues/8509,THREE.Audio: .load has been deprecated. Please use THREE.AudioLoader.,CLOSED,2016-04-02,2016-04-02,,other_nonperf,incidental,,0,,,,,0,,Complaint about deprecation of THREE.Audio.load in favour of THREE.AudioLoader; only an offhand aside that 'good looking code = bad performances'.,
8552,https://github.com/mrdoob/three.js/issues/8552,PR Proposal: Program input data sources,CLOSED,2016-04-06,2020-01-02,Suggestion,perf_feature_request,cause_asserted_unverified,,4,LUU-08; CAH-05; LUU-01; AS-03,lights_uniforms_ubo; core_algorithmic_hotpath; lights_uniforms_ubo; animation_skinning,reporter_asserted; speculative; speculative; reporter_asserted,proposed_optimization; hypothetical; hypothetical; observed_cost,0,,"Proposal for a declarative program input linkage table to replace hard-coded renderer uniform/define wiring. Perf arguments: renderState defines recomputed per material, imperative per-object callbacks must evaluate all dependency checks per object, and declarative tables would enable WebGL2 uniform blocks to cut API calls. Closed without adoption; no measurements.","bhouston: ""renderState defines are recomputed for each material, when really they could be computed once and shared between all materials"" || tschw: ""Running a nested call hierarchy doing lots of redundant stuff there, may not make it just _slightly_ slower."" || tschw: ""it allows to very effectively utilize uniform blocks become available with WebGL2 to reduce API calls and the amount of data uploaded to the GPU"" || tschw: ""we actually had quirky workarounds it in some of the examples in `r73` in order to use the new animation system - it was too slow"""
8591,https://github.com/mrdoob/three.js/issues/8591,error of DirectGeometry,CLOSED,2016-04-11,2017-02-13,,perf_defect_report,cause_established,,1,GBU-05,geometry_buffer_updates,measured,observed_cost,0,,"BufferGeometry.fromGeometry()/DirectGeometry produces non-indexed geometry, duplicating vertices (e.g. 774 -> 4095 positions), causing large FPS drops; maintainers say it's by design since indexed conversion can't support needsUpdate.","""my build: 45 fps (rotating) / 60 fps (still)"" vs ""current r84: 20 fps (rotating) / 35 fps (still)""; also ""774 positions and seeing the number go up to 4095 positions after `.fromGeometry()`"""
8661,https://github.com/mrdoob/three.js/issues/8661,Proposal: Making flattened math classes that operate directly on views the default,CLOSED,2016-04-18,2026-04-15,Suggestion,perf_feature_request,cause_established,,2,PFAG-01; CAH-10,per_frame_allocation_gc; core_algorithmic_hotpath,reporter_asserted; measured,proposed_optimization; observed_cost,0,,Proposal to rewrite math classes over flat typed-array views to avoid per-object allocation/GC and copy costs; prototype PRs showed no speedup and the issue was closed as outdated.,"body: ""It has a large overhead per object in terms of allocation time and extra memory usage because it is an editable object.  There are also costs to copy from a BufferGeometry array to a Vector3 and vice "" || greggman: ""`Float32Array` is slow. I'm only guessing it's because there is a required conversion to/from 64bit doubles"""
8685,https://github.com/mrdoob/three.js/issues/8685,Custom Shaders in r76,CLOSED,2016-04-20,2016-04-22,,correctness_bug,incidental,,0,,,,,0,,Custom skinning shader broke in r76 because the uniform boneGlobalMatrices was renamed to boneMatrices; perf only mentioned in passing.,
8693,https://github.com/mrdoob/three.js/issues/8693,Replace THREE.Cache by localForage for mobile support,CLOSED,2016-04-21,2018-02-17,Suggestion,perf_feature_request,cause_asserted_unverified,,1,LPC-05,loader_parse_cost,reporter_asserted,observed_cost,0,,"Request to replace THREE.Cache with localForage for persistent asset caching; rejected as out of scope, with anecdotal reports that IndexedDB blob storage was slower than re-fetch+parse.","""it was slooow to save and load back. Was much faster to load from browser cache and load/parse to geom."" and ""Could take 200msec and the next page load takes 800ms for the same data"""
8705,https://github.com/mrdoob/three.js/issues/8705,Vertex Array Objects (VAO) usage in THREE.,CLOSED,2016-04-21,2020-06-18,Enhancement,perf_feature_request,cause_established,,1,DCO-13,draw_call_overhead,reporter_asserted,proposed_optimization,0,,"Request for VAO support to reduce per-draw attribute binding API calls; cited 10-13% FPS gain in CPU-bound tests, eventually implemented.","Mugen87 quoting WebGL Insights: ""In our CPU-bound drawing test, FPS increase from using VAOs was 10%-13%"""
8707,https://github.com/mrdoob/three.js/issues/8707,Shadowmap regression in r76?,CLOSED,2016-04-21,2016-04-21,,perf_regression_report,no_mechanism,,0,,,,,0,,"Shadow map visual regression in r76 traced to a shadow bias default change; reporter's separate FPS drop turned out to be caused by using Chrome Canary, no mechanism identified.",
8718,https://github.com/mrdoob/three.js/issues/8718,Fast Polygon Lights (would include Area),CLOSED,2016-04-22,2016-11-09,,perf_feature_request,cause_established,,2,TUD-15; CAH-04,texture_upload_decode; core_algorithmic_hotpath,maintainer_confirmed; speculative,hypothetical; hypothetical,0,,"Proposal to add LTC-based polygonal/area lights. Long implementation thread; performance concerns raised about float texture extensions, per-fragment integration cost on mobile, and RGBA-packed float decoding being slow.","bhouston: ""There is existing code in ThreeJS to pack/unpack a fp32 into a RGBA8, but it is slow."" || bhouston: ""I think that for mobile you really do want to cache what you can because glsl compute shader capacity is greatly limited."""
8731,https://github.com/mrdoob/three.js/issues/8731,vertex cache optimisation,CLOSED,2016-04-25,2021-03-12,Suggestion,perf_feature_request,cause_asserted_unverified,,1,GBU-15,geometry_buffer_updates,reporter_asserted,proposed_optimization,1,"Scenes are fragment-shader bound rather than vertex bound, so vertex cache ordering yields little benefit","Suggestion to add Forsyth vertex-cache triangle-order optimisation utility. Maintainers argue three.js apps are fragment-bound, not vertex-bound; later noted meshoptimizer/gltfpack does this offline.","body quote: ""If the triangles are sent in a random order, the vertices almost always miss the cache and there is no benefit obtained."""
8849,https://github.com/mrdoob/three.js/issues/8849,IQ's fast stereo rendering article,CLOSED,2016-05-10,2020-02-27,,perf_feature_request,cause_asserted_unverified,,2,CASI-07; SPC-15,culling_and_spatial_index; shader_program_compilation,speculative; speculative,hypothetical; proposed_optimization,0,,"Request to adopt IQ's single-pass stereo rendering. Discussion identifies duplicated frustum culling and render-list building per eye, and shader program state changes as the dominant cost. Closed once ArrayCamera landed.","For a ""random"" array of cameras we'd have to do frustum culling individually and duplicate all render items. || tschw: ""showing programs to be the most expensive ones by far"""
8851,https://github.com/mrdoob/three.js/issues/8851,Addressing ThreeJS's load time: smaller meshes = faster loader (OpenCTM 2?),CLOSED,2016-05-10,2017-01-14,,perf_feature_request,cause_established,,2,LPC-09; LPC-04,loader_parse_cost; loader_parse_cost,reporter_asserted; speculative,proposed_optimization; proposed_optimization,0,,"Proposal for a better compressed mesh format; asserts three.js binary format is 2-5x larger than OpenCTM gzipped, dominating load/start-up time. Discussion of Open3DGC, SEA3D, Draco.","""We have found on average that OpenCTM meshes are 2x to 5x smaller than ThreeJS's binary format gzipped""; sunag: ""The `robot.sea` with 1.107MB now + Open3DGC only 652kB"" || ""OBJ, JSON, DAE and all the other TEXT files are not suitable for online projects."""
8885,https://github.com/mrdoob/three.js/issues/8885,maybe add callback check to AnimationMixer.js,CLOSED,2016-05-14,2017-04-30,,perf_feature_request,no_mechanism,,0,,,,,0,,"Request to add a direct callback instead of an EventDispatcher event on animation finish, claiming it is more performant. Maintainer says event dispatch overhead is negligible here.",
9029,https://github.com/mrdoob/three.js/issues/9029,Object3D new viewable property,CLOSED,2016-05-29,2016-06-05,,perf_feature_request,cause_established,,1,CASI-08,culling_and_spatial_index,measured,observed_cost,0,,"Request to cache frustum-culling results on Object3D as a `viewable` flag to avoid redoing per-object frustum tests; maintainer proposed a standalone camera.isInView() helper instead, calling the caching a premature optimisation. Reporter benchmarked both variants and confirmed the batched version (recomputing frustum/matrix once per call rather than per object) is measurably faster.","verteAzur: ""We can see a true performance gain with your latest function."""
9051,https://github.com/mrdoob/three.js/issues/9051,Temporal Anti Aliasing (TAA) rounding errors over accumulation,CLOSED,2016-06-01,2023-06-01,Enhancement; Post-processing,correctness_bug,ruled_out_or_no_cause,,0,,,,,1,"8-bit render targets were chosen over half/float for TAA accumulation partly for performance and memory (2-4x lower), causing rounding/quantization artifacts","TAARenderPass accumulation darkens frames due to incorrect per-frame sample weighting/8-bit rounding. Side discussion establishes why 8-bit render targets were chosen over half/float: compatibility, performance and 2-4x lower memory.",
9076,https://github.com/mrdoob/three.js/issues/9076,Shadow Updates And Normal Maps,CLOSED,2016-06-04,2017-06-09,,correctness_bug,cause_asserted_unverified,,1,LUU-04,lights_uniforms_ubo,reporter_asserted,hypothetical,0,,"After the shadow refactor, normal-mapped surfaces in shadow look flat; the suggested workaround is to add a HemisphereLight, which the reporter says costs performance. No measurement or confirmation of that cost.","titansoftime: ""The additional light comes at a performance cost"""
9088,https://github.com/mrdoob/three.js/issues/9088,Faster Vector3.prototype.projectOnVector,CLOSED,2016-06-05,2016-06-09,,perf_feature_request,cause_established,,1,CAH-06,core_algorithmic_hotpath,measured,proposed_optimization,0,,Vector3.projectOnVector allocated a closure temp Vector3 and called normalize()+extra function calls; rewriting to use dot/lengthSq was benchmarked ~30% faster and merged via #9101.,"""My version: 486 ms"" ... ""Current version: 705 ms"""
9108,https://github.com/mrdoob/three.js/issues/9108,Logarithmic Depth Buffer + Orthographic Camera,CLOSED,2016-06-09,2019-09-15,Enhancement,correctness_bug,cause_asserted_unverified,,1,SPC-01,shader_program_compilation,reporter_asserted,observed_cost,0,,"logarithmicDepthBuffer produced z-fighting with OrthographicCamera; fixed by detecting a perspective projection matrix in the shader. Discussion notes that using #defines instead would require recompiling all materials whenever the camera type changes, which is prohibitive for multi-viewport apps.","josefri: ""Recompiling wouldn't be an option, it took to long since we are using the same scene graph for all view ports"""
9109,https://github.com/mrdoob/three.js/issues/9109,Firefox Nightly: Error: WebGL: texImage2D: Chosen format/type incured an expensive reformat: 0x1908/0x1401,CLOSED,2016-06-09,2018-06-22,Browser Issue,perf_defect_report,cause_established,,1,TUD-13,texture_upload_decode,reporter_asserted,observed_cost,0,,"Firefox logs ""texImage2D: Chosen format/type incured an expensive reformat"" for all three.js textures: the browser must do a CPU-side pixel conversion because the source image is BGRX8 while the requested destination format is RGBA8, plus UNPACK_FLIP_Y_WEBGL forces conversion.","peppsac: ""$14 = mozilla::WebGLTexelFormat::BGRX8"""
9123,https://github.com/mrdoob/three.js/issues/9123,Reuse material inside THREE.EdgesHelper,CLOSED,2016-06-13,2016-06-17,,perf_question_or_help,cause_established,,1,O-11,other,speculative,hypothetical,1,"Duplicate material instances do not multiply shader programs — WebGLRenderer only creates one program for equivalent materials, so per-instance materials cost only CPU-side objects","User asked to share one LineBasicMaterial across many EdgesHelper instances for performance; maintainers clarified that duplicate material instances with identical defines still map to a single WebGLProgram, so the win is only reduced CPU-side material objects, not fewer shader programs.","WestLangley: ""there will be many material instances created on the CPU, so perhaps your mods can increase performance somewhat"""
9132,https://github.com/mrdoob/three.js/issues/9132,Materials with same definitions should not result in separate programs in renderer...,CLOSED,2016-06-15,2016-06-15,,perf_defect_report,cause_established,,1,SPC-01,shader_program_compilation,maintainer_confirmed,observed_cost,0,,"Claim that identical materials create duplicate WebGLPrograms turned out to be user error: needsUpdate was set on only one material after setting texture.encoding, so one shader got an extra encoding prefix in prefixFragment and thus a different program. No bug.","WestLangley: ""Hence, one shader had the extra prefix, and the other did not."""
9211,https://github.com/mrdoob/three.js/issues/9211,Showcase: Three.js based voxel editor,CLOSED,2016-06-24,2016-12-22,,other_nonperf,incidental,,0,,,,,0,,"Showcase of a three.js voxel editor. Author mentions capping canvas size because unoptimised rendering of >1,000,000 voxels would perform poorly.",
9248,https://github.com/mrdoob/three.js/issues/9248,Energy conservation for BlinnPhong Material,CLOSED,2016-06-29,2026-06-04,Enhancement,perf_feature_request,incidental,,0,,,,,0,,"Request to add energy conservation to BlinnPhong; closed wontfix because it would make the Phong shader more complex and slower, defeating its role as a cheap material.",
9318,https://github.com/mrdoob/three.js/issues/9318,Shared InterleavedBuffer and update of buffers,CLOSED,2016-07-11,2020-02-18,,perf_defect_report,cause_asserted_unverified,,0,,,,,0,,Reporter claims a shared InterleavedBuffer across many geometries is re-uploaded once per object because WebGLRenderer compares geometry.id; maintainer says WebGLAttributes dedupes uploads and closed for lack of repro.,
9325,https://github.com/mrdoob/three.js/issues/9325,Disable lights based on object distance ,CLOSED,2016-07-12,2020-08-17,Suggestion,perf_feature_request,cause_established,,2,SPC-02; LUU-12,shader_program_compilation; lights_uniforms_ubo,maintainer_confirmed; reporter_asserted,hypothetical; proposed_optimization,0,,"Proposal to enable only nearby lights per object; maintainer notes changing light counts triggers shader recompilation, which can be expensive.","mrdoob: ""the shaders need to be recompiled when lights change"" || body: ""all data for each light is sent to GPU for each object we are rendering"""
9339,https://github.com/mrdoob/three.js/issues/9339,Support for MTL map_Ns (shininess map),CLOSED,2016-07-15,2020-03-18,Enhancement,perf_feature_request,incidental,,0,,,,,0,,Request for shininessMap on MeshPhongMaterial; long design discussion. Perf appears only as claims about Phong being (or not being) cheaper than Standard.,
9353,https://github.com/mrdoob/three.js/issues/9353,Performance and memory issue : geometry.elementsNeedUpdate is never set back to false,CLOSED,2016-07-18,2016-09-12,,perf_defect_report,cause_asserted_unverified,,1,GBU-03,geometry_buffer_updates,reporter_asserted,observed_cost,0,,"geometry.elementsNeedUpdate was never reset to false, causing index buffers to be re-uploaded every frame; fixed by commit 723979c.","body: ""geometry.elementsNeedUpdate is never set back to false"""
9375,https://github.com/mrdoob/three.js/issues/9375,matrix multilication,CLOSED,2016-07-22,2016-07-22,,perf_feature_request,cause_asserted_unverified,,1,CAH-06,core_algorithmic_hotpath,reporter_asserted,proposed_optimization,0,,"Request for Matrix3.multiply; author benchmarked two implementations, finding the version without local variable declarations marginally faster. Withdrawn.","loldrup: ""seems to be slightly faster"""
9394,https://github.com/mrdoob/three.js/issues/9394,Face visibility based on attribute value support,CLOSED,2016-07-23,2019-12-28,Suggestion,perf_feature_request,duplicate,,0,,,,,0,,User merged thousands of meshes into one to cut draw calls and asks for per-face visibility attribute; discussion of draw-call cost of multimaterial groups vs fragment discard.,
9397,https://github.com/mrdoob/three.js/issues/9397,overbright colors not mentioned in documentation,CLOSED,2016-07-23,2020-03-19,Documentation,other_nonperf,incidental,,0,,,,,0,,Documentation discussion on overbright THREE.Color values; performance mentioned only as an aside about adding range-validation code.,
9421,https://github.com/mrdoob/three.js/issues/9421,IOS Ipad 3 Performance Problems Dropping Frames,CLOSED,2016-07-27,2016-08-18,,perf_question_or_help,cause_established,,1,TUD-05,texture_upload_decode,measured,observed_cost,0,,"Low FPS playing video texture on iPad 3 / older Android; profiling showed WebGLRenderer <1ms per frame, so cost lies in video decode/texture upload on old hardware and a stale WebKit bug.","mrdoob: ""`WebGLRenderer` takes less than 1ms per frame so not much that can be done there."""
9457,https://github.com/mrdoob/three.js/issues/9457,Map repeat affecting other textures' repeat on material,CLOSED,2016-08-03,2023-03-30,Enhancement,perf_feature_request,cause_asserted_unverified,,1,LUU-03,lights_uniforms_ubo,speculative,hypothetical,0,,Request for per-texture offset/repeat; concern raised that independent UV transforms would consume extra uniform/varying slots and per-vertex computation.,"brianchirls: ""it could take up a lot of uniform and varying slots, which might be a problem for certain GPUs if we bump up against those hardware limits"""
9500,https://github.com/mrdoob/three.js/issues/9500,setPixelRatio scales the viewport on iPad,CLOSED,2016-08-12,2016-08-18,,perf_defect_report,cause_established,,4,DBD-11; SM-02; LUU-04; AAM-02,device_browser_driver; shadow_maps; lights_uniforms_ubo; app_api_misuse,upstream_bug; reporter_asserted; speculative; reporter_asserted,observed_cost; observed_cost; hypothetical; observed_cost,0,,setPixelRatio (which calls setSize) scales the WebGL canvas viewport on iOS Safari; reporter was lowering pixel ratio to recover perf. Root cause is a WebKit bug (canvas.style size ignored for webgl context). Side discussions: shadows and multiple lights costing frame time; rendering on rAF vs on-demand.,"mrdoob: ""No matter what you set in `canvas.style.width` and `canvas.style.height` the element is always rendered with the `canvas.width` and `canvas.height` dimensions."" || GianlucaGuarini: ""removing the shadow has speed up ~5x the rendering"" || mrdoob: ""4 light sources is a lot of light sources."" || michaelitvin: ""rendering was done inside requestAnimationFrame"""
9501,https://github.com/mrdoob/three.js/issues/9501,Issue with MeshStandardMaterial,CLOSED,2016-08-12,2020-01-13,,correctness_bug,duplicate,,0,,,,,0,,"MeshStandardMaterial artifacts on iOS at low roughness, traced to 'lowp' shader precision; the fix (forcing highp) is said to cost performance. Closed as duplicate of #9515.",
9505,https://github.com/mrdoob/three.js/issues/9505,Proposed addition to animationMixer to trigger side-effects on update.,CLOSED,2016-08-13,2017-04-06,Suggestion,perf_feature_request,cause_asserted_unverified,,1,O-09,other,speculative,proposed_optimization,0,,Request for an onUpdate callback on AnimationAction to avoid per-frame work or event dispatch; maintainer says event dispatch/per-frame projection matrix update is negligible. Resolved with a monkey-patch workaround.,"pontiffpublishing: ""conservative, among the three, of system resources"""
9515,https://github.com/mrdoob/three.js/issues/9515,"MeshStandardMaterial artifacts on many mediump devices since March 2016 (Nexus 5, Samsung Galaxy.)",CLOSED,2016-08-15,2020-08-17,Device Issue,correctness_bug,incidental,,0,,,,,0,,MeshStandardMaterial precision artifacts on mediump Android devices; the known workaround of forcing highp is stated to impose a performance cost. Partially fixed later.,
9525,https://github.com/mrdoob/three.js/issues/9525,Garbage collection pauses on Firefox,CLOSED,2016-08-16,2018-04-19,Browser Issue,perf_defect_report,cause_established,,2,PFAG-03; TS-01,per_frame_allocation_gc; transparency_sorting,measured; speculative,observed_cost; proposed_optimization,0,,"Firefox profiling shows WebGLRenderer's per-frame render-list sorting (Array.prototype.sort with comparator) allocates memory each frame, causing minor/incremental GC pauses (~10ms) and jank.","""some Incremental GC events are triggered which last 10ms on my machine"" and profiler ""showing the render's sort linked above as the primary allocation site"" || ""It seems like we could implement our own sorting algorithm""; ""The sorted render also feels more janky than the unsorted."""
9532,https://github.com/mrdoob/three.js/issues/9532,Possibilities to optimize the rendering,CLOSED,2016-08-17,2016-08-17,Help (please use the forum),perf_question_or_help,cause_asserted_unverified,,1,MWU-02,matrix_world_updates,speculative,proposed_optimization,0,,"User asks how to speed up rendering of 150-200k vertex scenes at 30-35 FPS; advice given about polycount, object count, matrix auto-update, and hitching when new objects first render. Redirected to forum.","tentone: ""turn off auto updates for the transf. matrixes"""
9536,https://github.com/mrdoob/three.js/issues/9536,"Object.defineProperties performance ""issue""",CLOSED,2016-08-17,2016-08-17,Question,perf_question_or_help,cause_established,,1,CAH-01,core_algorithmic_hotpath,reporter_asserted,proposed_optimization,0,,"Question whether Object.defineProperties getters/setters in three.js cost performance; microbenchmarks show slow initialization, later comments show read/write is fine when writable descriptors are provided. No three.js change made.","""show 30x to 200x speedup by just avoiding Object.defineProperties"" and ""<1 ms for loop B and >3ms for loop A in booth chorme and firefox"""
9556,https://github.com/mrdoob/three.js/issues/9556,setPixelRatio resizes rendered image instead or changing resolution on iPhone 6,CLOSED,2016-08-20,2016-08-20,Duplicate,perf_defect_report,duplicate,,0,,,,,0,,Dynamic setPixelRatio to raise FPS resizes the rendered image on iPhone 6; closed as duplicate of #9500.,
9562,https://github.com/mrdoob/three.js/issues/9562,Transform `examples/js` to support modules,CLOSED,2016-08-22,2019-09-25,Enhancement,perf_feature_request,cause_asserted_unverified,,3,BSLT-02; BSLT-09; BSLT-06,bundle_size_load_time; bundle_size_load_time; bundle_size_load_time,reporter_asserted; speculative; reporter_asserted,observed_cost; hypothetical; proposed_optimization,0,,"Long discussion about converting examples/js to ES modules. Performance appears as bundle-size/load-time concerns: tree-shaking reportedly fails to strip unused three.js code, many separate module files load slower than one bundle, shipping all examples inflates page weight, and the ES6-module polyfill PoC transpiles in-browser causing Safari stalls. All asserted, none profiled.","tiborsaas: ""Sadly no, it still imports almost the whole codebase even when if I use tree shaking."" || trusktr: ""loading a single file is still faster than loading many modules separately, even faster than the early HTTP/2 servers that we have today"" || donmccurdy: ""including DRACOLoader which has large emscripten and WASM dependencies) and there's just no reason to ship all of that as part of any three.js binary"""
9566,https://github.com/mrdoob/three.js/issues/9566,DataTexture doesn't support NPOT textures,CLOSED,2016-08-23,2016-09-26,,correctness_bug,cause_asserted_unverified,,1,TUD-15,texture_upload_decode,reporter_asserted,hypothetical,0,,"DataTexture with NPOT RGB/UnsignedByte fails due to GL_UNPACK_ALIGNMENT=4 row padding; fixed by unpackAlignment=1. Perf angle: padding NPOT data up to POT wastes uploaded data, and Khronos maintainer confirms unpackAlignment=1 has no upload penalty.","isolin: ""quite a lot of dummy data is transfered to the GPU just for rounding up to pot. Further overhead is the addressing."""
9574,https://github.com/mrdoob/three.js/issues/9574,Feature Request: Ranged computeVertexNormals() on large geometries,CLOSED,2016-08-24,2016-09-08,,perf_feature_request,cause_asserted_unverified,,1,GBU-06,geometry_buffer_updates,reporter_asserted,observed_cost,0,,Request for ranged computeVertexNormals(); full recomputation over ~4M positions causes lag when only ~50 positions change per second. Maintainers explain indexed geometry shares vertices so a sub-range of indices cannot be recomputed correctly; user must write a custom partial update.,"""I see it clearing the entire normal array."" / ""im updating the position of maybe 50 out of ~4 million positions every second"""
9583,https://github.com/mrdoob/three.js/issues/9583,"r80 migration and ""three.euler .setFromRotationMatrix given unsupported order: undefined"" ",CLOSED,2016-08-26,2016-08-27,,correctness_bug,incidental,,0,,,,,0,,Warning from copying a Vector3 into Object3D.rotation (Euler lacks order); performance only mentioned as a design philosophy aside about type checks.,
9584,https://github.com/mrdoob/three.js/issues/9584,Query re functioning of rollup building,CLOSED,2016-08-26,2016-11-09,,perf_question_or_help,cause_established,,2,BSLT-04; BSLT-02,bundle_size_load_time; bundle_size_load_time,reporter_asserted; reporter_asserted,observed_cost; observed_cost,0,,"Rollup tree-shaking fails when importing from src/Three.js, producing ~680KB bundles; IIFE-scoped temp-variable instantiation and Object.assign are treated as side effects.","cecilemuller: ""it seems a **self-executing function** is the cause"" || vanruesc: ""That's because you kept the other files of Three a secret from Rollup. If you import from the entry file `src/Three.js`, Rollup will be aware of all the other existing files"""
9662,https://github.com/mrdoob/three.js/issues/9662,Suggestion: Better way to update multiple dynamic uniforms,CLOSED,2016-09-10,2016-09-24,,perf_feature_request,cause_asserted_unverified,,2,LUU-02; CAH-06,lights_uniforms_ubo; core_algorithmic_hotpath,reporter_asserted; reporter_asserted,observed_cost; proposed_optimization,0,,Per-uniform dynamic onUpdate callbacks cost significant time per frame; resolved by adding Object3D.onBeforeRender.,"Based on Chrome's profiler, I'm a little concerned about how much time is spent in `evalDynamic()` in my app. || You really don't want to use the bind method in performance-sensitive library code: It's a whole lot slower than using a function with an upvalue"
9713,https://github.com/mrdoob/three.js/issues/9713,Faster Vector3.projectOnPlane function,CLOSED,2016-09-18,2016-09-20,,perf_feature_request,cause_asserted_unverified,,0,,,,,0,,"Proposed rewrite of Vector3.projectOnPlane to avoid closure lookup/temp vector; author's own benchmark showed the proposal was slower, so rejected.",
9741,https://github.com/mrdoob/three.js/issues/9741,remove dynamicUniforms system,CLOSED,2016-09-22,2016-09-22,,perf_feature_request,cause_asserted_unverified,,1,LUU-02,lights_uniforms_ubo,reporter_asserted,proposed_optimization,0,,"Request to remove the dynamicUniforms system now that onBeforeRender exists; accepted (""Done!"").","""I think the `.call()`l is much more expensive than just calling the function."""
9749,https://github.com/mrdoob/three.js/issues/9749,VREffect on mobile devices force setPixelRatio to 1,CLOSED,2016-09-23,2016-10-03,,perf_question_or_help,cause_asserted_unverified,,2,O-08; AAM-05,other; app_api_misuse,maintainer_confirmed; reporter_asserted,observed_cost; observed_cost,1,"webvr-polyfill renders to a texture and applies a distortion post-process pass, which disables WebGL 1.0 antialiasing and degrades image quality",VREffect forcing pixelRatio 1 looks low-res on mobile; explained by webvr-polyfill BUFFER_SCALE 0.5 and the distortion post-processing pass.,"brianchirls: ""`BUFFER_SCALE`, which is set to 0.5 by default, and forces the image to not render at full scale"" || arturitu: ""I had a problem with the performance because I forgot to change antialias to false"""
9754,https://github.com/mrdoob/three.js/issues/9754,HLS on Safari / IOS now not working,CLOSED,2016-09-23,2016-12-20,,correctness_bug,cause_asserted_unverified,,4,TUD-10; AAM-01; CAH-18; SPC-06,texture_upload_decode; app_api_misuse; core_algorithmic_hotpath; shader_program_compilation,reporter_asserted; speculative; reporter_asserted; speculative,observed_cost; hypothetical; proposed_optimization; proposed_optimization,0,,"Long thread on HLS video textures rendering black/miscolored on Safari/iOS (flipY, BGRA channel order, upstream WebKit bugs). Workarounds — drawing video into an intermediate 2D canvas each frame (software rendering) and per-frame canvas resizing — carry real CPU per-frame costs.","sorob: ""It is basically doing memcopy of byte arrays rather than binding the pointer."" || radiantmediaplayer: ""on each AnimationFrame (which is probably not ideal on a performance point of view"" || makc: ""shader program is executed once every frame, vs flipping uvs in the geometry just once before the whole thing starts."" || danrossi: ""I believe this performs better than the shader supplied by meshbasicmaterial."""
9756,https://github.com/mrdoob/three.js/issues/9756,Enhancement Proposal: Wrap OBJLoader in web worker,CLOSED,2016-09-23,2017-03-26,,perf_feature_request,cause_established,,6,LPC-01; PFAG-08; CAH-15; WO-02; WO-01; LPC-03,loader_parse_cost; per_frame_allocation_gc; core_algorithmic_hotpath; worker_offloading; worker_offloading; loader_parse_cost,reporter_asserted; measured; measured; reporter_asserted; speculative; reporter_asserted,observed_cost; observed_cost; observed_cost; observed_cost; proposed_optimization; observed_cost,0,,"Proposal to wrap OBJLoader in a web worker (OBJLoader2/WWOBJLoader). Thread benchmarks OBJ parse time and peak memory, identifying main-thread blocking parse, intermediate-object allocation/GC pressure, per-byte parser indirection, worker startup/importScripts cost, and structured-clone copies when not using transferables.","body: ""into a scene while the user is able to interact with the scene"" || kaisalmen: ""has a peak at  approx. 800MB whereas the existing has a peak at approx. 1300MB in Chrome"" || kaisalmen: ""Instead of providing each byte to the different parser objects, I store a line in an array and give it to the LineParser."" || jonnenauha: ""creating a new worker and loading three.js into it expensive from my experience, sometimes hundreds of msecs"" || Usnul: ""it could be stuffed into a transferrable - which eliminates expensive deep copy"" || kaisalmen: ""Initialization is taking quite some time and therefore the parsing time for small models goes up"""
9788,https://github.com/mrdoob/three.js/issues/9788,VREffect - performance issue,CLOSED,2016-09-27,2016-09-28,,perf_defect_report,cause_asserted_unverified,,1,DBD-07,device_browser_driver,reporter_asserted,observed_cost,0,,"Sluggish Vive head tracking in WebVR traced to NVIDIA driver VSync setting, not three.js.","olivierchatry: ""was with NVidia driver, I had to disable VSync and then everything is back to normal. For good measure, I also forced the number of max pre-rendered frame to 1."""
9824,https://github.com/mrdoob/three.js/issues/9824,THREE.TextureLoader() loads the same texture multiple times (i.e. 20 times or more),CLOSED,2016-10-05,2016-10-07,Help (please use the forum),perf_question_or_help,cause_established,,2,AAM-01; LPC-05,app_api_misuse; loader_parse_cost,reporter_asserted; reporter_asserted,observed_cost; observed_cost,0,,TextureLoader issues 200 requests because app calls load() per mesh; THREE.Cache is disabled by default.,"calrk: ""This line is called 200 times, and as such your loader.load() function will be called 200 times."" || takahirox: ""but default `Cache.enabled` is `false`."""
9827,https://github.com/mrdoob/three.js/issues/9827,PMREM size choice,CLOSED,2016-10-07,2019-12-28,Suggestion,perf_feature_request,cause_established,,1,RTP-07,render_target_postprocessing,reporter_asserted,observed_cost,0,,"Request to allow larger PMREM resolutions; reporter notes PMREM generation takes >70ms regardless of resolution below 512, which was the reason resolution was capped.","body: ""generation times are over 70ms whatever the resolution is under 512, and increases from that value"""
9869,https://github.com/mrdoob/three.js/issues/9869,Raycaster only works on the first triangle of the BufferGeometry ,CLOSED,2016-10-16,2019-12-03,,correctness_bug,cause_asserted_unverified,,2,DBD-09; DCO-15,device_browser_driver; draw_call_overhead,speculative; reporter_asserted,hypothetical; observed_cost,0,,Raycaster ignores Mesh.drawMode (TRIANGLE_FAN/STRIP); discussion led to removing drawMode. Side discussion of triangle-strip performance and TRIANGLE_FAN software emulation.,"""Avoid use of gl.TRIANGLE_FAN, as it may be emulated in software."" || ""I get a slightly higher framerate ( like 5s ) moving around my scene with only doing 1 draw call"""
9870,https://github.com/mrdoob/three.js/issues/9870,Suggestion: Support refreshing specific uniforms independent of switching program / material,CLOSED,2016-10-17,2021-03-17,Suggestion,perf_feature_request,cause_asserted_unverified,,1,O-09,other,reporter_asserted,proposed_optimization,1,"setProgram only sets refreshMaterial when program/material changes, so uniform edits made in onBeforeRender are not uploaded",Uniforms changed in onBeforeRender are skipped because setProgram only refreshes uniforms when material/program changes; solved via uniformsNeedUpdate.,"fallenoak: ""instead of a function call per uniform per object. This dramatically lowers the number of function calls"""
9906,https://github.com/mrdoob/three.js/issues/9906,[minor] Bug in ObjectLoader's URL regex,CLOSED,2016-10-20,2020-01-25,,other_nonperf,incidental,,0,,,,,0,,ObjectLoader URL regex correctness discussion; performance mentioned only as an aside that regex cost is negligible versus image loading.,
9924,https://github.com/mrdoob/three.js/issues/9924,Suggestion: advanced WebGL detection,CLOSED,2016-10-23,2016-10-26,,perf_feature_request,no_mechanism,,0,,,,,0,,Suggestion for advanced WebGL capability detection so apps can adapt; existing WebGLCapabilities pointed out. No cost mechanism named.,
9937,https://github.com/mrdoob/three.js/issues/9937,Rendering issue using a 3D texture workaround,CLOSED,2016-10-25,2016-10-27,,correctness_bug,incidental,,0,,,,,0,,"Rendering artifacts from a 2D-atlas 3D-texture workaround, caused by mipmap filtering blending across atlas tiles; fixed by NearestFilter.",
9941,https://github.com/mrdoob/three.js/issues/9941,Include sourcemap in the repo?,CLOSED,2016-10-26,2016-10-26,,perf_question_or_help,no_mechanism,,0,,,,,0,,"Request to ship sourcemaps so profiling of minified builds is readable; build tooling discussion, no runtime performance mechanism.",
9955,https://github.com/mrdoob/three.js/issues/9955,BufferAttribute named 'hidden' drops FPS ratio super low on iOS (iPhone 7),CLOSED,2016-10-27,2016-10-31,,perf_defect_report,cause_asserted_unverified,,1,DBD-09,device_browser_driver,reporter_asserted,observed_cost,0,,"FPS drops to 1-10 on iOS when a Uint8Array buffer attribute is used; switching the attribute to Float32Array restored 60fps, suggesting a driver-side slow path for the integer attribute type.","hasanayan: ""Well I changed the data type to Float32Array and the issue seems to be resolved"""
9965,https://github.com/mrdoob/three.js/issues/9965,WebGL2Renderer,CLOSED,2016-10-29,2019-12-03,Enhancement,perf_feature_request,cause_asserted_unverified,,2,RTP-13; CAH-23,render_target_postprocessing; core_algorithmic_hotpath,reporter_asserted; reporter_asserted,observed_cost; observed_cost,0,,"Proposal for a WebGL2Renderer; long discussion of desired WebGL2 features (UBOs, VAOs, MRT, texture arrays, multisample render targets) and their performance motivations. Ended with WebGL2 features being added to WebGLRenderer instead.","wdanilo: ""I need MRT - currently I'm rendering the same shader 4 or 5 times, changing an attribute just to get different buffers."" || erichlof: ""because then you would need to check every single element and that's really slow."""
9977,https://github.com/mrdoob/three.js/issues/9977,Proposed: Order Independent Transparency,OPEN,2016-10-31,,Suggestion,perf_feature_request,cause_asserted_unverified,,2,TS-06; RTP-13,transparency_sorting; render_target_postprocessing,reporter_asserted; speculative,proposed_optimization; hypothetical,0,,"Proposal to add weighted-blended order-independent transparency to avoid per-frame depth sorting of transparent objects; long-running, never merged into core.","stevinz: ""One of the biggest benefits of OIT is not having to sort large numbers of transparent objects."" || body: ""thus two separate renders.  This will be followed by a ""resolve"" stage"""
10117,https://github.com/mrdoob/three.js/issues/10117,Feature Request: onBeforeRender to skip rendering,CLOSED,2016-11-14,2020-03-24,,perf_feature_request,cause_asserted_unverified,,1,DCO-16,draw_call_overhead,reporter_asserted,proposed_optimization,0,,Request for onBeforeRender to be able to cancel rendering of an object (occlusion queries / progressive rendering of huge scenes). Maintainers declined; suggested app-level visible/layers control and adapting after a full frame.,"leefsmp: ""I would like to keep a high FPS so it looks smooth, however discarding rendering of some assets if the frame budget has been reached would be ok."""
10340,https://github.com/mrdoob/three.js/issues/10340,Three.js crashes browser tab (Aw snap) on iOS (iPad) when starting new game,CLOSED,2016-12-12,2016-12-14,,perf_defect_report,cause_established,,1,MLD-13,memory_leak_disposal,speculative,proposed_optimization,1,"No API exposes available GPU/browser memory, so allocation overrun crashes the tab rather than throwing a catchable error","Browser tab crashes on iOS with a large scene (218 geometries, 1.6M vertices); requested three.js report resource exhaustion. Maintainers say WebGL exposes no memory info; suggested switching from THREE.Geometry to BufferGeometry.","""maybe, but I suspect removing `THREE.Geometry` and adding `THREE.InstancedMesh` would be more effective"""
10373,https://github.com/mrdoob/three.js/issues/10373,Support passive event listeners in controls,CLOSED,2016-12-15,2018-03-01,Suggestion,perf_feature_request,cause_asserted_unverified,,0,,,,,0,,Request to mark controls' touch/wheel listeners passive to improve perceived responsiveness; complicated by needing preventDefault(). Chrome violation warnings persisted; partly addressed by binding listeners to the canvas.,
10388,https://github.com/mrdoob/three.js/issues/10388,Clarification on Docs vs Wiki (vs forum?) ,CLOSED,2016-12-16,2017-01-12,,other_nonperf,incidental,,0,,,,,0,,Docs vs wiki organization discussion; mentions deleting an old wiki 'performance improvement' page but no performance content.,
10486,https://github.com/mrdoob/three.js/issues/10486,Can't use a Texture created from a Canvas as a uniform,CLOSED,2016-12-31,2017-01-02,Help (please use the forum),perf_question_or_help,cause_asserted_unverified,,1,RTP-08,render_target_postprocessing,reporter_asserted,observed_cost,0,,User chaining many ShaderPasses in EffectComposer got distorted output from a canvas-derived texture; resolved by disabling mipmaps. Perf mention: composer cost scales with number of passes.,"body: ""the performance of an EffectComposer decreases with its load. (Number of ShaderPasses added into the specific composer)"""
10490,https://github.com/mrdoob/three.js/issues/10490,Texture offset and repeat settings in Material,CLOSED,2017-01-01,2017-04-18,,perf_feature_request,cause_asserted_unverified,,1,AAM-01,app_api_misuse,reporter_asserted,proposed_optimization,0,,"Request for offset/repeat on Material to avoid duplicating geometry/textures; reporter speculated about vertex-shader and overdraw savings from splitting sky spheres, then retracted.","body: ""Implementing this approach today would require duplicating either the geometry (for different UV coordinates) or the texture (for different offsets) for each piece of the sky."""
10517,https://github.com/mrdoob/three.js/issues/10517,EdgesGeometry shows unnecessary cords,CLOSED,2017-01-06,2026-03-19,Enhancement,perf_feature_request,cause_asserted_unverified,,1,CAH-03,core_algorithmic_hotpath,reporter_asserted,hypothetical,0,,EdgesGeometry renders coincident-but-not-shared edges; proposed OutlinesGeometry splitting faces is O(edges*vertices) and rejected by maintainers.,"""My only concern is about the performance of the code, as it takes O(edges*vertices) to execute."""
10580,https://github.com/mrdoob/three.js/issues/10580,Enhancement: Support for zipped file in all loaders,CLOSED,2017-01-15,2017-12-22,,perf_feature_request,cause_asserted_unverified,,1,LPC-01,loader_parse_cost,reporter_asserted,observed_cost,0,,Request for zip support in loaders; resolved via LoadingManager.setURLModifier. A commenter notes unzip+Collada parsing is slow and hard to move to a worker.,"mflux: ""the unzip and collada-parsing is quite slow. I tried putting it in a web-worker"""
10600,https://github.com/mrdoob/three.js/issues/10600,The shadow of a partially transparent object,OPEN,2017-01-18,,Enhancement,perf_feature_request,cause_asserted_unverified,,1,SM-10,shadow_maps,speculative,hypothetical,0,,Shadows of transparent objects are as dark as opaque ones; discussion of dithered/screen-door transparency and colored translucent shadow maps as performant alternatives.,"""This is not a viable option at runtime (significant processing power is required)."""
10654,https://github.com/mrdoob/three.js/issues/10654,Instancing -- Resolved?,CLOSED,2017-01-26,2018-03-01,Duplicate,perf_feature_request,duplicate,,0,,,,,0,,Asks for a documented instancing solution; closed as duplicate of #5171/#10750.,
10688,https://github.com/mrdoob/three.js/issues/10688,Ambient Occlusion is not working great with antialiasing,CLOSED,2017-01-31,2019-06-25,Help (please use the forum),perf_question_or_help,cause_asserted_unverified,,1,RTP-09,render_target_postprocessing,reporter_asserted,hypothetical,0,,"SSAO pass loses antialiasing; explained by render-to-texture ignoring MSAA, with supersampling as costly workaround. SSAO itself was also broken and later rewritten.","makc: ""postprocessing uses rendering to texture and that operation ignores antialiasing setting. your only option is to use higher resolution texture there, but that will slow things down by a lot."""
10747,https://github.com/mrdoob/three.js/issues/10747,Many examples are white or over-bright on Chrome on macOS,CLOSED,2017-02-07,2018-01-09,Browser Issue,correctness_bug,incidental,,0,,,,,0,,"Examples render white/over-bright in Chrome on macOS; suspected browser/driver bug, closed with redirect to Chromium bug tracker. 'performance' only appears in an example filename.",
10759,https://github.com/mrdoob/three.js/issues/10759,Better Documentation for Structured Uniforms,CLOSED,2017-02-08,2020-03-18,Enhancement; Documentation,perf_question_or_help,cause_asserted_unverified,,1,LUU-13,lights_uniforms_ubo,speculative,hypothetical,0,,"Documentation request for structured uniforms; in passing, tschw notes heterogeneous arrays hurt JIT and uniform upload is performance-critical in WebGL1.","tschw: ""heterogeneous arrays poison JIT compilation"""
10784,https://github.com/mrdoob/three.js/issues/10784,Performance between r84 and r68,CLOSED,2017-02-10,2017-02-10,,perf_regression_report,cause_asserted_unverified,,1,DCO-06,draw_call_overhead,reporter_asserted,observed_cost,0,,"Large PlaneGeometry (62500 segments) renders at <10 FPS on r84 but 60 FPS on r68; reporter self-resolved by calling sortFacesByMaterialIndex, and points to the r71->r72 change as the boundary.","body: ""Proplem is resolved, I call `sortFacesByMaterialIndex`"""
10809,https://github.com/mrdoob/three.js/issues/10809,Proposal: VectorN.copy accepts vectors of different sizes,CLOSED,2017-02-15,2017-02-17,,perf_feature_request,incidental,,0,,,,,0,,"Proposal to let VectorN.copy accept differently-sized vectors, with a microbenchmark of the added property-existence checks; declined as project-specific.",
10901,https://github.com/mrdoob/three.js/issues/10901,Performance problems,CLOSED,2017-02-28,2017-02-28,Help (please use the forum),perf_question_or_help,no_mechanism,,0,,,,,0,,"Vague help request about optimizing a scene with too many objects; labeled Help, no mechanism discussed.",
10915,https://github.com/mrdoob/three.js/issues/10915,Performance gains if using typed arrays?,CLOSED,2017-03-01,2017-03-01,,perf_feature_request,cause_established,,2,CAH-10; CAH-01,core_algorithmic_hotpath; core_algorithmic_hotpath,maintainer_confirmed; maintainer_confirmed,observed_cost; observed_cost,0,,"Proposal to back Vector3 with typed arrays for JIT speed; mrdoob reports it was already tried and typed arrays were slow to initialise, and that getters/setters are very slow, hence the move back to plain arrays for matrices.","mrdoob: ""TypeArrays were slow to initialise."" || mrdoob: ""Getters and setters are SUPER slow."""
10927,https://github.com/mrdoob/three.js/issues/10927,ArrayCamera,CLOSED,2017-03-03,2018-07-10,Enhancement,perf_feature_request,cause_established,,3,CASI-07; DCO-08; IBL-03,culling_and_spatial_index; draw_call_overhead; instancing_batching_limits,reporter_asserted; maintainer_confirmed; reporter_asserted,proposed_optimization; proposed_optimization; hypothetical,0,,"Design discussion for ArrayCamera to avoid redundant work in stereo VR rendering: VREffect renders the whole scene twice, duplicating frustum culling and program/state changes; ArrayCamera renders per-object across viewports instead.","body: ""gets duplicated and then the scene is rendered twice, once per eye. There's redundant work that we could avoid."" || mrdoob: ""We also reduce program state changes by half."" || fernandojsg: ""still we'll have the same number of drawcalls, we'll just save context/state changes"""
10940,https://github.com/mrdoob/three.js/issues/10940,pmrem map lighting does not interpolate with .hdr maps,CLOSED,2017-03-06,2017-03-15,,correctness_bug,cause_asserted_unverified,,1,TUD-04,texture_upload_decode,speculative,hypothetical,0,,PMREM from .hdr maps shows banding because RGBE encoding cannot be hardware-interpolated; workaround of raising resolution 1024->4096 costs performance.,"Astrak: ""Note that it will increase the generation time"""
10981,https://github.com/mrdoob/three.js/issues/10981,Memory pool for RenderTargets to help with complex EffectComposer pipelines,OPEN,2017-03-10,,Enhancement; Post-processing,perf_feature_request,cause_asserted_unverified,,2,RTP-05; PFAG-01,render_target_postprocessing; per_frame_allocation_gc,reporter_asserted; speculative,observed_cost; proposed_optimization,0,,"Each EffectComposer pass allocates its own (including intermediate) render targets, ~50 total, causing GPU OOM on high-res low-memory mobile; proposes a RenderTarget memory pool. Also notes per-frame temp Vector3 GC churn.","body: ""they each allocate their own render targets, even their intermediate/temporary render targets"" || AUTOMAKHAN: ""There is a lot of GC churn each render frame due to simple temporary objects like Vector3, etc."""
11003,https://github.com/mrdoob/three.js/issues/11003,"running closure produced three.min.js through uglify saves additional 1744 bytes uncompressed, 2860 gzipped",CLOSED,2017-03-14,2017-03-14,,other_nonperf,incidental,,0,,,,,0,,"Suggestion to post-process closure output with uglify for smaller bundle; mrdoob notes minifiers also affect runtime performance and asks for perf tests, which were never done.",
11035,https://github.com/mrdoob/three.js/issues/11035,Light Shadows design issue?,CLOSED,2017-03-20,2019-09-23,Suggestion,perf_defect_report,cause_established,,1,SM-05,shadow_maps,reporter_asserted,observed_cost,0,,"WebGLRenderer allocated shadow map samplers/varyings for every light regardless of castShadow, exhausting MAX_TEXTURE_IMAGE_UNITS and varying registers and crashing shader compilation with many lights. Fixed by PR #17074.","""a new shadow map is allocated on GPU for every light, even for those having `castShadow = false;`""; mrdoob: ""Fixed in https://github.com/mrdoob/three.js/pull/17074"""
11148,https://github.com/mrdoob/three.js/issues/11148,Handle non-affine transforms correctly,CLOSED,2017-04-08,2017-04-16,,correctness_bug,incidental,,0,,,,,0,,Non-affine (perspective) texture warping on quads; closed as user-level concern. The only perf note is that tessellating geometry to approximate the transform trades quality for performance.,
11162,https://github.com/mrdoob/three.js/issues/11162,Need inverse(modelMatrix) uniform in shaders,CLOSED,2017-04-11,2017-10-18,Question,perf_feature_request,cause_asserted_unverified,,2,LUU-11; MWU-03,lights_uniforms_ubo; matrix_world_updates,reporter_asserted; speculative,proposed_optimization; hypothetical,0,,"Request for a built-in inverse(modelMatrix)/inverse(modelViewMatrix) uniform; discussion of computing inverse in shader vs CPU, and of onBeforeRender per-object overhead. Resolved as use onBeforeRender.","body: ""which means you must write an inverse function in the shader, which is slow on older devices"" || pailhead: ""it requires a heavy matrix operation to be done twice"""
11241,https://github.com/mrdoob/three.js/issues/11241,Vector2/3/4 normalize divide by zero,CLOSED,2017-04-25,2017-06-15,Suggestion,correctness_bug,cause_asserted_unverified,,1,CAH-02,core_algorithmic_hotpath,reporter_asserted,observed_cost,0,,normalize() lost its divide-by-zero guard after isFinite checks were removed; fixed with `divideScalar(this.length() || 1)`. Thread documents that the removed isFinite check was itself a measured hotspot.,"""the `isFinite` check (on x, y, z) that used to exist in multiplyScalar was actually crawling to the top of my profiler in some physics/performance-critical code"" — mattdesl, non-maintainer, no numbers given"
11256,https://github.com/mrdoob/three.js/issues/11256,Blender exporter is very slow,CLOSED,2017-04-28,2017-06-06,,perf_defect_report,cause_asserted_unverified,,2,LPC-02; IBL-03,loader_parse_cost; instancing_batching_limits,speculative; reporter_asserted,proposed_optimization; observed_cost,0,,"Blender three.js exporter takes hours on large Collada scenes. Contributors attribute it to logging string construction, per-object triangulation/edge-split/normal recompute, and 5700 unique un-instanced objects. Closed by redirect to forum.","manthrax: ""the construction of logging strings still occurs, even when set to disabled"" || manthrax: ""Every object in the scene contains unique vertices. There is no instancing"""
11258,https://github.com/mrdoob/three.js/issues/11258,r85 Garbage Collection ,CLOSED,2017-04-29,2017-08-12,Browser Issue,perf_regression_report,cause_established,,1,PFAG-10,per_frame_allocation_gc,measured,observed_cost,1,"Chrome 58's V8 heap/GC behavior for the double-array allocations; later V8 (Chrome 60) removed the regression, and Firefox was unaffected","r85 frame jitter with SkinnedMeshes traced to Matrix4 switching from Float32Array to plain JS Array (commit 0baf263), causing heavy Number boxing allocations in multiplyMatrices and frequent GC in Chrome. Resolved by V8 improvements in Chrome 60.","aardgoose: ""A quick look at memory allocations shows a lot of Number objects being allocated by Matrix4.multiplyMatrices() in your fiddle, which now uses plain JS arrays of Numbers instead of a fixed size Float32"""
11287,https://github.com/mrdoob/three.js/issues/11287,Parsing of an STL ASCII file could be much faster,CLOSED,2017-05-05,2017-05-17,Suggestion,perf_defect_report,cause_established,,1,LPC-03,loader_parse_cost,measured,observed_cost,0,,"STLLoader loads ASCII files as ArrayBuffer then converts to string with per-char String.fromCharCode, taking ~12s on a 40MB file. Benchmarked TextDecoder is ~70x faster; fix landed.","""TextDecoder` approach is about 70x faster""; ""TextDecoder.decode : 59.61000000000058""; ""on Chrome from 12 seconds before to 0.12 seconds afterwards"""
11291,https://github.com/mrdoob/three.js/issues/11291,Feature: adding bounding box to frustum culling?,CLOSED,2017-05-07,2017-05-18,Question,perf_feature_request,cause_established,,1,CASI-01,culling_and_spatial_index,reporter_asserted,observed_cost,0,,Request for AABB-based frustum culling since bounding spheres over-report visibility for elongated/tiled meshes; closed because computing world-space AABBs per frame is itself expensive.,"neeh: ""For those angles you can have from 2 to 8 times less objects with the AABB culling."""
11301,https://github.com/mrdoob/three.js/issues/11301,VR render path and optimizations,CLOSED,2017-05-09,2020-01-10,Suggestion,perf_feature_request,cause_established,,6,DCO-08; CASI-07; LPC-01; TUD-07; O-06; LUU-04,draw_call_overhead; culling_and_spatial_index; loader_parse_cost; texture_upload_decode; other; lights_uniforms_ubo,reporter_asserted; reporter_asserted; reporter_asserted; reporter_asserted; measured; speculative,proposed_optimization; proposed_optimization; observed_cost; proposed_optimization; observed_cost; proposed_optimization,0,,"Roadmap issue listing WebVR performance improvements (array cameras, shared frustum, instanced stereo to halve draw calls, foveated rendering, worker-based asset parsing, compressed textures, WASM/SIMD math, LOD).","body: ""Reduce drawcalls** when rendering in stereo by using instancing to double the geometry with a single drawcall"" || body: ""Common frustum for both eyes** to be used by the ArrayCamera for faster frustum culling"" || body: ""you're kicked out to the vive/oculus lobby"" / ""Moving assets processing out of main thread"" || body: ""we should take advantage of them to reduce bandwith and memory consumption"" || comment by takahirox links micro benchmarks: ""simply replacing small/simple JS function with the WASM one makes the performance worse"" || body: ""the number of lights, we could go for a **Clustered Forward rendered**"""
11305,https://github.com/mrdoob/three.js/issues/11305,FileLoader not working correctly in IE,CLOSED,2017-05-09,2017-05-15,Bug,correctness_bug,incidental,,0,,,,,0,,FileLoader stopped parsing JSON in IE11 after a commit; fixed by reverting. Perf only mentioned as an offhand aside about IE being slow and in example filenames.,
11324,https://github.com/mrdoob/three.js/issues/11324,webvr_cubes vs webvr_daydream freezes vr device,CLOSED,2017-05-12,2017-05-15,Question,perf_question_or_help,no_mechanism,,0,,,,,0,,User asks why webvr_cubes performs worse than webvr_daydream; maintainer answers only that daydream uses a 'more optimised render path' without detailing the mechanism.,
11337,https://github.com/mrdoob/three.js/issues/11337,Enhancement: add renderer.outputEncoding,CLOSED,2017-05-15,2019-12-14,Enhancement,perf_feature_request,incidental,,0,,,,,0,,"Long design discussion about renderer.outputEncoding, splitting color space from texel encoding, tone mapping and color management. Performance only appears as passing asides about HDR storage cost.",
11356,https://github.com/mrdoob/three.js/issues/11356,Enhancements in SVGRenderer,CLOSED,2017-05-17,2021-03-23,Enhancement,perf_defect_report,cause_asserted_unverified,,2,DCO-07; O-04,draw_call_overhead; other,reporter_asserted; reporter_asserted,observed_cost; proposed_optimization,0,,"SVGRenderer creates one DOM SVG element per face, so browsers/jsdom bog down past ~20K faces; merging same-style faces into a single svg:path or emitting a plain SVG string is far faster.","body: ""it creates as many SVG primitives (svg:line, svg:rect, svg:path) as faces in the model"" || body: ""This also can improve performance a lot (factor 20 for given geometry)"""
11365,https://github.com/mrdoob/three.js/issues/11365,Examples: More usage of stats.js,CLOSED,2017-05-19,2017-05-22,Enhancement,perf_feature_request,no_mechanism,,0,,,,,0,,Request to use stats.js in more examples; maintainer prefers a renderer-level fps/ms meter over DOM-based stats.,
11378,https://github.com/mrdoob/three.js/issues/11378,Maybe a memory leak when using canvas to show images.,CLOSED,2017-05-23,2018-07-29,,perf_defect_report,cause_established,,2,TUD-03; MLD-10,texture_upload_decode; memory_leak_disposal,maintainer_confirmed; reporter_asserted,observed_cost; observed_cost,0,,"Memory grows unboundedly when uploading NPOT canvas textures each frame; a new POT resize canvas is allocated per upload, and console.warn retains references to the image objects.","WestLangley: ""I expect this is related to the instantiation of a secondary POT canvas in the NPOT case."" || tommytee: ""and can confirm there is no longer a memory issue with Firefox."" after commenting out the warning"
11398,https://github.com/mrdoob/three.js/issues/11398,Binary FBX taking a very long time to playback,CLOSED,2017-05-26,2017-06-22,,perf_defect_report,cause_established,,1,LPC-03,loader_parse_cost,measured,observed_cost,0,,"Binary FBX took ~4 minutes to load; bone parsing algorithm in FBXLoader was the hotspot, fixed by #11587.","takahirox: ""I've confirmed changing bone parsing algorithm improves the performance a lot, it loads the file in 10 seconds here."" (reporter: ""takes about 4mins after loading the model"")"
11400,https://github.com/mrdoob/three.js/issues/11400,Shadow-casting Bug,CLOSED,2017-05-27,2019-09-03,Bug,correctness_bug,cause_established,,2,SPC-09; AAM-01,shader_program_compilation; app_api_misuse,reporter_asserted; reporter_asserted,observed_cost; hypothetical,0,,A material shared by receiveShadow and non-receiveShadow objects compiles only one program; attempted fixes (forcing material.needsUpdate) cause per-frame shader recompilation.,"mrdoob: ""a material can only have one program"" ... ""we check if that material has already compiled a program and we use that one""; makc: ""however, the performance is crap."" || DerKarlos: ""My code processes >10k of OpenStreetMap objects. I can't clone that much materials"""
11422,https://github.com/mrdoob/three.js/issues/11422,OBJLoader and vertex colors,CLOSED,2017-05-31,2018-01-03,Enhancement,perf_feature_request,incidental,,0,,,,,0,,Adding vertex color support to OBJLoader; concern was whether extra regexp captures slow parsing.,
11429,https://github.com/mrdoob/three.js/issues/11429,CSS3DRenderer and Meshes,CLOSED,2017-05-31,2017-05-31,,perf_question_or_help,no_mechanism,,0,,,,,0,,Request for old CSS3DRenderer mesh-rendering demo; WestLangley reconstituted it and noted performance could be improved but gave no mechanism.,
11444,https://github.com/mrdoob/three.js/issues/11444,Clock.getElapsedTime() should be decoupled from Clock.getDelta(),CLOSED,2017-06-04,2017-06-05,Duplicate,perf_feature_request,duplicate,,0,,,,,0,,Proposal to decouple Clock.getElapsedTime from getDelta; closed as duplicate of #5696.,
11471,https://github.com/mrdoob/three.js/issues/11471,Possible memory leak when using canvas texture on shader material,CLOSED,2017-06-08,2019-05-10,,perf_defect_report,cause_established,,3,AAM-01; MLD-04; TUD-03,app_api_misuse; memory_leak_disposal; texture_upload_decode,maintainer_confirmed; maintainer_confirmed; maintainer_confirmed,observed_cost; observed_cost; proposed_optimization,0,,Memory growth with canvas textures on ShaderMaterial; caused by creating 10k identical geometries/materials/textures per frame plus renderlists retaining objects.,"Mugen87: ""You are creating each frame 10.000 identical geometry, material and texture objects."" || Mugen87: ""renderlists that still prevents GC from doing its work"" || Mugen87: ""made the handling of NPOT textures more memory efficient"""
11475,https://github.com/mrdoob/three.js/issues/11475,Material: Added onBeforeCompile(),CLOSED,2017-06-09,2020-07-07,Enhancement,perf_feature_request,cause_asserted_unverified,,2,SPC-11; CAH-17,shader_program_compilation; core_algorithmic_hotpath,speculative; speculative,hypothetical; observed_cost,1,Program cache key derived from onBeforeCompile.toString(); identical function source yields identical hash so distinct shader variants share one compiled program,"Design discussion of Material.onBeforeCompile() for patching built-in shaders. Perf-relevant: the program cache key uses onBeforeCompile.toString(), so a generic patcher collapses distinct shader variants into one cached program (later fixed by customProgramCacheKey); lazy first-render shader compilation adds first-frame cost; a demo's low fps speculatively attributed to shadows plus per-vertex trig.","pailhead: ""three will take a bit longer during the first rendering to “compile” all the materials"" || pailhead: ""It's heavy for some reason, but i think it's because sin/cos on many verts."""
11500,https://github.com/mrdoob/three.js/issues/11500,use webpack / loadTexture fail,CLOSED,2017-06-13,2017-06-13,Help (please use the forum),perf_question_or_help,cause_asserted_unverified,,1,LPC-09,loader_parse_cost,speculative,hypothetical,0,,"Webpack texture loading question; an aside argues inlining assets as data URLs costs decode time, bloated JS parse time and double memory.","Usnul: ""end up with a bloated JS file, leading to longer parse time longer download times"""
11510,https://github.com/mrdoob/three.js/issues/11510,computeGroups is not optimized to get minimum count of group,CLOSED,2017-06-14,2017-07-27,,perf_defect_report,cause_asserted_unverified,,2,DCO-06; CAH-18,draw_call_overhead; core_algorithmic_hotpath,reporter_asserted; speculative,hypothetical; hypothetical,0,,"computeGroups produces many redundant draw groups when faces are not sorted by materialIndex, increasing draw calls.","body: ""computeGroups create many groups with same materialIndex. ==> Bad performance of rendering."" || Usnul: ""sorting costs time. If you geometry is properly sorted ahead of time - you don't have to pay that price."""
11539,https://github.com/mrdoob/three.js/issues/11539,Transparency and DoubleSide: A bottle neck of shader code or WebGL limitation?,CLOSED,2017-06-17,2017-07-27,Question,perf_question_or_help,cause_asserted_unverified,,0,,,,,0,,Self-transparency with DoubleSide renders incorrectly; user had applied sortFacesByMaterialIndex for performance which broke transparent face ordering.,
11552,https://github.com/mrdoob/three.js/issues/11552,Evaluate ES6 classes,CLOSED,2017-06-19,2021-03-03,Suggestion,meta_or_audit,cause_established,,3,PFAG-01; O-05; BSLT-04,per_frame_allocation_gc; other; bundle_size_load_time,maintainer_confirmed; measured; speculative,hypothetical; proposed_optimization; hypothetical,0,,"Long-running discussion about migrating three.js to ES6 classes/TypeScript. Performance appears as a constraint: closure/IIFE-scoped temporaries in math methods keep per-call allocations low, prototype-assignment style affects script parse/setup cost (jsperf, browser-dependent), and closures may impede tree-shaking and execution speed (unproven).","Mugen87: ""The method actually uses a closure in order to create a new scope. This is an important mechanism that keeps the amount of object creations as low as possible."" || Itee: ""Assigned prototype are around 60% faster"" || Avoiding unnecessary closures should also improve the code execution performance in general (can't prove this with a reference but I've heard it on a talk some time ago)."
11583,https://github.com/mrdoob/three.js/issues/11583,3MFLoader needs async handling of JSZip,CLOSED,2017-06-22,2019-09-21,Suggestion,perf_feature_request,cause_asserted_unverified,,0,,,,,0,,3MFLoader uses removed sync JSZip constructor; discussion of async/worker parsing to avoid main-thread blocking.,
11604,https://github.com/mrdoob/three.js/issues/11604,Quake 2 .map loader,CLOSED,2017-06-24,2021-03-17,Enhancement; Loaders,perf_feature_request,incidental,,0,,,,,0,,Request for a Quake .map loader; 'performance bottleneck' mentioned only as an aside about algorithm choice.,
11610,https://github.com/mrdoob/three.js/issues/11610,Bad performance on the latest Chrome beta 60.0.3112.40,CLOSED,2017-06-25,2017-07-31,Browser Issue,perf_regression_report,cause_established,,1,DBD-01,device_browser_driver,upstream_bug,observed_cost,0,,Chrome 60 beta shipped a broken merge that disabled GPU acceleration/regressed WebGL performance; fixed upstream in next beta.,"kenrussell: ""This bug happened because there was a merge conflict when merging a bug fix from top-of-tree to Chrome Beta. It will be fixed in the next Chrome Beta build."""
11655,https://github.com/mrdoob/three.js/issues/11655,Quad support in current Three.js version,CLOSED,2017-06-30,2017-07-05,Question,perf_question_or_help,no_mechanism,,0,,,,,0,,"Question about quad support; answer is WebGL only supports triangles so quads must be converted, and extra core code costs download size.",
11745,https://github.com/mrdoob/three.js/issues/11745,GLTF2Loader removes extras from mesh,CLOSED,2017-07-11,2017-07-19,Bug,correctness_bug,incidental,,0,,,,,0,,GLTF2Loader drops mesh-level extras/userData when collapsing the group; 'performance tweak' is a passing guess.,
11746,https://github.com/mrdoob/three.js/issues/11746,Non-blocking assets loaders,CLOSED,2017-07-11,2021-03-16,Suggestion,perf_feature_request,cause_established,,8,TUD-01; TUD-09; LPC-01; CAH-15; SPC-03; GBU-01; DBD-15; WO-03,texture_upload_decode; texture_upload_decode; loader_parse_cost; core_algorithmic_hotpath; shader_program_compilation; geometry_buffer_updates; device_browser_driver; worker_offloading,measured; reporter_asserted; measured; measured; reporter_asserted; speculative; upstream_bug; reporter_asserted,observed_cost; observed_cost; observed_cost; observed_cost; hypothetical; observed_cost; observed_cost; observed_cost,1,"Firefox createImageBitmap lacks the options dictionary, making the off-thread decode path unusable there","Feature request for non-blocking asset loaders. Thread establishes main-thread blocking from synchronous loader parsing, TypedArray<->Array conversion in toJSON/ObjectLoader.parse, image decode and synchronous texture upload/mipmap generation, and shader compilation; plus Firefox createImageBitmap upstream bugs.","""Even with ImageBitmap, uploading texture seems to still block for large texture""; table ""Chrome Image | 500ms"" || ""there was a trade off between upload speed and jankiness"" || ""I was able to get ~200ms of total frame stall time down to ~5ms"" || ""improvements from `~180ms` to less than `1ms` for `toJSON` and `~180ms` to `~2ms` for `ObjectLoader.parse`"" || ""compiling shaders and uploading image data are synchronous / blocking operations"" || ""the rendering is stalled (data copies, scene graph adjustments ... !?)"" || ""About the performance issue of ImageBItmap on FireFox, I opened a bug on bugzilla"" || ""the downloads would block parsing, and you'd lose the benefits you'd get from pipelining"""
11898,https://github.com/mrdoob/three.js/issues/11898,make loaders to create indexed geometry,CLOSED,2017-08-06,2017-11-03,,perf_feature_request,cause_established,,3,GBU-05; LPC-06; CAH-23,geometry_buffer_updates; loader_parse_cost; core_algorithmic_hotpath,reporter_asserted; reporter_asserted; speculative,proposed_optimization; proposed_optimization; hypothetical,0,,"Loaders produce non-indexed BufferGeometry, forcing users to run costly Geometry.mergeVertices/computeVertexNormals; indexing in OBJLoader2 shown to cut memory ~60-78%.","kaisalmen: ""You save 60 percent memory."" || body: ""which wastes way more CPU"" || kaisalmen: ""but this will decrease rendering performance"""
11924,https://github.com/mrdoob/three.js/issues/11924,GLTF2Loader should load dependencies top-down.,CLOSED,2017-08-11,2017-12-02,,perf_feature_request,cause_asserted_unverified,,1,LPC-05,loader_parse_cost,reporter_asserted,proposed_optimization,0,,"GLTF2Loader resolves dependencies bottom-up, so all buffers/textures load even when only a subset (Draco vs fallback, LOD, one material model) is needed.","""all accessors (which in turn depend on all of the `.bin` buffer files) will be loaded before any meshes can be created"""
11991,https://github.com/mrdoob/three.js/issues/11991,SkinnedMesh culling is wrong and PointLightShadow gets clipped for SkinnedMesh,CLOSED,2017-08-20,2020-04-20,Duplicate,correctness_bug,duplicate,14499,0,,,,,0,,"SkinnedMesh frustum culling uses the static geometry bounding sphere, ignoring root-motion bone transforms; workarounds discussed with cost tradeoffs.",
12060,https://github.com/mrdoob/three.js/issues/12060,OrthographicCamera suddenly disappear objects,CLOSED,2017-08-27,2017-08-27,Help (please use the forum),perf_question_or_help,no_mechanism,,0,,,,,0,,Objects disappear with OrthographicCamera because the bounding sphere isn't updated after moving points; performance only mentioned as a reason for choosing the camera.,
12098,https://github.com/mrdoob/three.js/issues/12098,Multiple mirrors in a scene kills performance,CLOSED,2017-08-31,2017-09-11,,perf_regression_report,cause_established,,2,RTP-14; RTP-03,render_target_postprocessing; render_target_postprocessing,maintainer_confirmed; maintainer_confirmed,observed_cost; observed_cost,0,,"After r85, Mirror.js rendered reflections even for mirrors facing away from the camera and lacked a recursion limit, so many mirrors caused many extra render passes. Fixed by skipping back-facing mirrors and adding a recursion-level parameter.","mrdoob: ""the older code didn't render when the mirror was facing away the camera. \n\nFixed!"" (hedged with ""I think ... somehow"", but fix committed and later measured ~2x faster than r84) || mrdoob: ""I think it's because when `FRAMES_X = 4` the mirrors see each other, so it produces 1 level of recursivity, which `r84` didn't do."" — hedged, and disputed by reporter who says the mirrors cannot see each other"
12115,https://github.com/mrdoob/three.js/issues/12115,Review THREE.Pass specification,CLOSED,2017-09-03,2024-10-22,Suggestion; Post-processing,perf_feature_request,cause_established,,1,RTP-03,render_target_postprocessing,maintainer_confirmed,proposed_optimization,0,,Request to rework Pass/EffectComposer spec; duplicated per-pass buffers (depth/G-buffer) and lack of sharing/MRT named as overhead. Resolved by the new WebGPU post-processing system.,"Mugen87: ""buffer sharing (so passes do not generate their own depth or normal data anymore)"""
12127,https://github.com/mrdoob/three.js/issues/12127,Suggestion: increase the skinning weight limit per vertex from 4 to 8,CLOSED,2017-09-05,2017-10-28,Suggestion,perf_feature_request,cause_asserted_unverified,,1,AS-07,animation_skinning,speculative,hypothetical,0,,Discussion of raising skinning influences per vertex from 4 to 8; extra bone influences asserted to cost shader processing power. No measurement; reporter's actual problem traced elsewhere.,"To ""fix"" it you need to waste processing power increasing the ""bones / vertex"" limit."
12188,https://github.com/mrdoob/three.js/issues/12188,post-processing render targets are 2x downsampled with hiDPI / retina displays,CLOSED,2017-09-13,2017-09-27,,correctness_bug,cause_established,,1,RTP-01,render_target_postprocessing,measured,observed_cost,0,,EffectComposer sized render targets with getSize() ignoring devicePixelRatio; fixing to getDrawingBufferSize() quadruples post-processing pixel count and measurably drops FPS on weaker GPUs.,"""there is a slight performance hit just with the sao example (55 fps instead of 60)"""
12201,https://github.com/mrdoob/three.js/issues/12201,texture max size,CLOSED,2017-09-14,2017-09-22,,perf_feature_request,cause_asserted_unverified,,2,TUD-03; DBD-02,texture_upload_decode; device_browser_driver,reporter_asserted; speculative,proposed_optimization; hypothetical,0,,Textures rounded up to next power of two (or max size) create huge GPU textures; suggestion to round down. Also asserted that textures >2048 on iOS/mobile cost significant performance.,"""not just round up to next power of two or use max value reported by system"" || ""anything above 2048x2048 comes with a significant performances drop"""
12209,https://github.com/mrdoob/three.js/issues/12209,VRMLLoader problem suspected,CLOSED,2017-09-15,2017-09-23,Bug,correctness_bug,incidental,,0,,,,,0,,VRMLLoader failed to parse line-broken VRML; fixed with regex patch. A passing remark links to an existing VRMLLoader parsing performance issue.,
12225,https://github.com/mrdoob/three.js/issues/12225,Poor performance on Pixel XL & Daydream,CLOSED,2017-09-18,2019-11-23,,perf_defect_report,cause_asserted_unverified,,2,DBD-07; RTP-10,device_browser_driver; render_target_postprocessing,reporter_asserted; reporter_asserted,observed_cost; hypothetical,0,,three.js WebVR cubes demo shows reused frames on Pixel XL/Daydream. Suspected CPU-side per-cube draw calls (no batching) vs toji's batched demo; Chrome engineer attributes overhead to the Android WebVR presentation pipeline copying pixels plus vsync-aligned frame skipping. Later Chrome render path improved it; closed pending WebXR.,"klausw: ""mostly this is due to the presentation pipeline copying pixels which adds fill rate overhead"" || klausw: ""a Pixel XL needs to render more than the non-XL Pixel due to its higher resolution and larger FOV"""
12231,https://github.com/mrdoob/three.js/issues/12231,Proposal: eliminate the optional target,CLOSED,2017-09-19,2018-03-15,Suggestion,perf_feature_request,cause_asserted_unverified,,2,PFAG-01; O-05,per_frame_allocation_gc; other,reporter_asserted; speculative,proposed_optimization; hypothetical,0,,"Proposal to remove optionalTarget allocation pattern (`optionalTarget || new Vector3()`) from ~30 three.js methods, since implicit object instantiation causes GC pressure in real-time apps. Largely implemented; curve classes left.","Usnul: ""random object allocations are something to be avoided for real-time applications"" || Usnul: ""- conditional check, at best argument count on the stack - polymorphic method signature"""
12294,https://github.com/mrdoob/three.js/issues/12294,Function.prototype.name bug in Internet Explorer,CLOSED,2017-09-27,2017-10-02,Bug,correctness_bug,incidental,,0,,,,,0,,IE11 Function.prototype.name polyfill throws 'can't redefine non-configurable property'; fixed by changing the feature check. The word 'performance' only appears inside a pasted code comment about caching the parsed name.,
12382,https://github.com/mrdoob/three.js/issues/12382,Feature request: Consider the visibility when picking objects,CLOSED,2017-10-10,2021-03-14,Enhancement,perf_feature_request,duplicate,,0,,,,,0,,"Request that Raycaster only pick visually unoccluded objects. Discussion of occlusion-culling / depth-buffer queries and spatial indices (BVH) as the approach; deemed out of core scope, merged into #13909.",
12407,https://github.com/mrdoob/three.js/issues/12407,[feature] scaling Geometry rather than Mesh and it's children.,CLOSED,2017-10-14,2017-10-15,,perf_feature_request,cause_asserted_unverified,,1,GBU-01,geometry_buffer_updates,speculative,proposed_optimization,0,,Request for scalable geometry so resizing doesn't require disposing and rebuilding geometry (which is expensive) nor mesh.scale (which affects children). Redirected to the forum.,"body: ""It is possible to achieve the same thing using `scale`, which would perform better."""
12426,https://github.com/mrdoob/three.js/issues/12426,Raycaster: Performance Problems,CLOSED,2017-10-18,2017-12-27,,perf_question_or_help,no_mechanism,,0,,,,,0,,User reports imprecise/inconsistent Raycaster picking with 300k Points across machines. Discussion covers the points threshold semantics but no cause is established; closed for lack of a live demo.,
12432,https://github.com/mrdoob/three.js/issues/12432,Support for alternative ID generation methods,CLOSED,2017-10-18,2017-12-27,Suggestion,perf_feature_request,cause_established,,1,CAH-08,core_algorithmic_hotpath,measured,observed_cost,1,THREE.Math.generateUUID() string building executed once per created object dominates scene-building/loading time,generateUUID() string operations dominate load time when creating tens of thousands of geometries; benchmarks led to a faster generator (and lazy generation proposal).,"takahirox: ""In general, String concatenation is faster than `.join`. For Chrome, only 1. could be good enough. 1. improves the performance roughly x1.7. But it somehow slow the performance on FireFox Nightly."""
12477,https://github.com/mrdoob/three.js/issues/12477,Feature request: .set() using THREE.Vector3 objects,CLOSED,2017-10-23,2017-10-23,,perf_question_or_help,no_mechanism,,0,,,,,0,,User asks whether Vector3.set can't take a vector for performance reasons; answer is to use .copy(). No mechanism discussed.,
12489,https://github.com/mrdoob/three.js/issues/12489,Feature: Support for multiple renderers in WebVR,CLOSED,2017-10-24,2017-12-05,,perf_feature_request,cause_asserted_unverified,,1,RTP-01,render_target_postprocessing,reporter_asserted,observed_cost,0,,Request for multiple renderers in WebVR so expensive fullscreen shaders can be rendered at lower pixel ratio; maintainer suggests RenderTarget instead.,"sjlynch: ""By using .setPixelRatio set to 0.3 on the renderer which handles the expensive gpu work, I can use a shader to render expensive volumetric clouds on a sky dome without much performance loss or loss of"""
12535,https://github.com/mrdoob/three.js/issues/12535,Fallback GLTF decoding does not handle UTF8,CLOSED,2017-10-30,2017-12-21,,correctness_bug,cause_asserted_unverified,,1,LPC-03,loader_parse_cost,speculative,hypothetical,0,,GLTFLoader's non-TextDecoder fallback mis-decodes UTF-8; per-character validation rejected as a parsing cost.,"donmccurdy: ""I'd prefer not to check each character just so we can throw errors, that sounds like a performance hit"" (hedged ""sounds like"")"
12574,https://github.com/mrdoob/three.js/issues/12574,Improvement: Three parameters management,CLOSED,2017-11-03,2017-11-04,,perf_feature_request,cause_established,,1,CAH-02,core_algorithmic_hotpath,maintainer_confirmed,hypothetical,0,,Docs/enums/validation suggestions; argument validation (e.g. NaN checks) rejected because per-call checks in math/render hot paths cost time.,"donmccurdy: ""Checking for `NaN` and returning an error unfortunately can and will have high performance costs on some critical methods"""
12578,https://github.com/mrdoob/three.js/issues/12578,Feature request: Parameters checks and Validation,CLOSED,2017-11-04,2018-02-17,,perf_feature_request,cause_asserted_unverified,,1,CAH-02,core_algorithmic_hotpath,speculative,hypothetical,0,,Proposal to add parameter validation asserts; maintainers rejected partly over code size/perf concerns of runtime type checks in hot paths.,"looeee: ""it would be a considerable increase in code size and complexity and I think probably a performance drop too""; Itee: ""Need a benchmark"""
12579,https://github.com/mrdoob/three.js/issues/12579,Feature request: Typings and constants,CLOSED,2017-11-04,2019-07-14,Won't fix,perf_feature_request,incidental,,0,,,,,0,,Proposal to replace flat constants with frozen enum objects; deprecation via Object.defineProperty getters raised unquantified perf concerns.,
12625,https://github.com/mrdoob/three.js/issues/12625,FBXLoader: Partial transparent maps doesn't work,CLOSED,2017-11-10,2017-11-13,,correctness_bug,incidental,,0,,,,,0,,FBXLoader doesn't set transparency/alphaTest for cut-out textures; user notes blanket transparent=true+DoubleSide is costly.,
12684,https://github.com/mrdoob/three.js/issues/12684,Possible memory leak when using WebGLRenderer with React,CLOSED,2017-11-17,2017-11-17,,perf_defect_report,no_mechanism,,0,,,,,0,,Reported memory growth/slowdown with React+WebGLRenderer on mousemove; closed for lack of isolation.,
12698,https://github.com/mrdoob/three.js/issues/12698,Suggestion: Document for compatibility,CLOSED,2017-11-19,2017-12-09,Suggestion,other_nonperf,incidental,,0,,,,,0,,Proposal for a browser-compatibility document; 'performance' appears only as the Performance web API needing a polyfill.,
12715,https://github.com/mrdoob/three.js/issues/12715,directional light cutting through an object,CLOSED,2017-11-21,2017-11-21,Help (please use the forum),perf_question_or_help,incidental,,0,,,,,0,,User confused that lights aren't blocked by geometry; explained as a deliberate design choice for speed (shadows needed).,
12736,https://github.com/mrdoob/three.js/issues/12736,"FBXLoader: Wrong transform when using geometry.translate(x, y, z)",CLOSED,2017-11-23,2018-04-12,Loaders,correctness_bug,incidental,,0,,,,,0,,FBXLoader pivot handling breaks geometry.translate; discussion of adding Object3D.pivot and its matrix-update cost.,
12767,https://github.com/mrdoob/three.js/issues/12767,Bounding Sphere in Triangle,CLOSED,2017-11-28,2017-12-01,Help (please use the forum),perf_question_or_help,cause_asserted_unverified,,1,RP-01,raycasting_picking,reporter_asserted,observed_cost,0,,User asks for per-triangle bounding spheres for collision; discussion of raycast/collision cost of brute-force triangle tests.,"""Triangle class does not store anything pre-calculated for this method, it just holds vertex references"""
12851,https://github.com/mrdoob/three.js/issues/12851,MeshPhysicalMaterial with roughness property not looking proper on IE and Android Phones ,CLOSED,2017-12-10,2018-01-23,,correctness_bug,cause_asserted_unverified,,1,DBD-14,device_browser_driver,reporter_asserted,observed_cost,0,,Patchy reflections on Edge/IE/Android with MeshStandard/PhysicalMaterial when EXT_shader_texture_lod is unsupported; fallback cube LOD path is low quality. PMREM fixes visuals but reporter says its cost is 'an overkill'.,"atul-mourya: ""Using PMREM does solves the problem for some devices, but the performance turns out to be an overkill."""
12857,https://github.com/mrdoob/three.js/issues/12857,Feature request: Increase raycaster collision detection performance through spatial search trees,CLOSED,2017-12-11,2020-03-11,Enhancement,perf_feature_request,cause_established,,3,RP-01; RP-07; RTP-03,raycasting_picking; raycasting_picking; render_target_postprocessing,measured; reporter_asserted; speculative,observed_cost; observed_cost; hypothetical,0,,"Request for spatial search trees (octree/BVH) in raycasting; brute-force per-triangle raycast is linear in vertex count, measured 120ms -> 2.3ms with octree on 500k-vertex mesh.","matthias-w: ""the raycast time reduced from ~120ms to ~2.3ms"" || matthias-w: ""Construction of the tree currently takes ~500ms but since geometry and tree creation is done inside a web worker"" || Usnul: ""Bear in mind that this is a separate render pass"""
12869,https://github.com/mrdoob/three.js/issues/12869,Varying performance from raycast onto planeBuffer,CLOSED,2017-12-12,2017-12-13,Help (please use the forum),perf_question_or_help,cause_asserted_unverified,,0,,,,,0,,"User reports ~2300ms per raycast into a large PlaneBufferGeometry in a loop; asked to profile, no confirmed mechanism, closed as Help/forum.",
12925,https://github.com/mrdoob/three.js/issues/12925,wrong faceCulling when animation scales object,CLOSED,2017-12-20,2017-12-22,Help (please use the forum),correctness_bug,cause_asserted_unverified,,1,CASI-06,culling_and_spatial_index,reporter_asserted,observed_cost,0,,"Skinned/scaled objects incorrectly frustum-culled; workaround is frustumCulled=false, which reporter confirms costs more.","Amritesh: ""This will have some performance hit."""
12940,https://github.com/mrdoob/three.js/issues/12940,Superfluous memory allocations in the 'triangulateShape' function,CLOSED,2017-12-21,2017-12-22,Suggestion,perf_defect_report,cause_asserted_unverified,,1,PFAG-09,per_frame_allocation_gc,reporter_asserted,proposed_optimization,0,,triangulateShape allocated nested functions and arrays on every call; changed to hoist them into a closure. Fixed by mrdoob.,"body: ""as well as arrays 'vertices' and 'holeIndices' are allocated on *each* call to the triangulateShape function."""
12946,https://github.com/mrdoob/three.js/issues/12946,Unnecessary THREE.WebGLProgram: gl.getProgramInfoLog()  message,CLOSED,2017-12-22,2017-12-30,Duplicate,correctness_bug,duplicate,,0,,,,,0,,"Blank gl.getProgramInfoLog() warnings; duplicate of #11138/Chromium bug, fixed by trimming log output.",
12957,https://github.com/mrdoob/three.js/issues/12957,Setting a vector value to a string causes huge raycaster slowdowns,CLOSED,2017-12-24,2017-12-25,,perf_defect_report,cause_established,,2,AAM-09; DBD-04,app_api_misuse; device_browser_driver,reporter_asserted; speculative,observed_cost; observed_cost,0,,Assigning a string to Vector3.x anywhere in the page collapses raycasting FPS because V8 deoptimizes Vector3 code to polymorphic paths; profiles show constant minor GC.,"moraxy profile screenshots: 'note all the orange boxes, it's always garbage collection ~1MB in size'; reporter: 'there should be a huge drop in fps (45 --> 15 for me on my computer)' || razh: 'Passing in a string value converted Vector3-related code to be polymorphic rather than monomorphic'; looeee: 'A lot of the information on this page is not accurate anymore.'"
12978,https://github.com/mrdoob/three.js/issues/12978,Support for multiple canvases,CLOSED,2017-12-27,2017-12-27,Question,perf_question_or_help,no_mechanism,,0,,,,,0,,"Question about multiple canvases; maintainer says reuse one renderer rather than several, since contexts/buffers aren't shared.",
12997,https://github.com/mrdoob/three.js/issues/12997,Feature request: user control of VR resolution,CLOSED,2017-12-30,2018-04-20,Enhancement,perf_feature_request,cause_asserted_unverified,,1,RTP-10,render_target_postprocessing,reporter_asserted,proposed_optimization,0,,Request for a renderer.vr.pixelRatio to trade VR render resolution against performance; no mechanism beyond fill-rate scaling.,"body: ""It is sometimes desirable (for performance/quality tradeoff)  to prepare VR frames at a resolution other than the recommended one."""
13019,https://github.com/mrdoob/three.js/issues/13019,ShaderMaterial.onBeforeUpdate method,CLOSED,2018-01-02,2020-02-11,,perf_feature_request,cause_asserted_unverified,,1,SPC-05,shader_program_compilation,speculative,proposed_optimization,0,,Request for ShaderMaterial.onBeforeUpdate so generated shader source is built lazily once instead of on every user property change; closed as unclear.,"""instead of generating the code after each user action, to generate it only when it really would be needed"" — no measurement; reporter admits generation ""is generally cheap"" and maintainers asked for an unprovided example"
13069,https://github.com/mrdoob/three.js/issues/13069,memory consumption of UUID strings.,CLOSED,2018-01-08,2018-03-17,Enhancement,perf_defect_report,cause_established,,3,O-01; SGS-07; CAH-08,other; scene_graph_scale; core_algorithmic_hotpath,measured; reporter_asserted; measured,observed_cost; observed_cost; observed_cost,0,,"generateUUID's string concatenation leaves V8/SpiderMonkey cons-strings (rope) representations, costing ~600B per 36-char UUID; with thousands of Object3D/Geometry/BufferAttribute this bloats heap. Fixed by flattening via toUpperCase() and removing uuid use from core.","takahirox: ""`600 Bytes` per uuid with `THREE.Math.generateUUID()` while `64 Bytes` per uuid with `THREE.Math.generateUUID().toUpperCase()`"" || aardgoose: ""Coinsidering each Object3D, Geometry, Material and multiple bufferAttributes per Geometry this adds up quickly."" || takahirox: ""| dev + .toUpperCase() | 600ms | 800ms | 64B / uuid |"""
13170,https://github.com/mrdoob/three.js/issues/13170,Glitches in the LensFlare demo,CLOSED,2018-01-24,2018-12-05,Browser Issue,perf_defect_report,cause_established,,2,DBD-13; DBD-11,device_browser_driver; device_browser_driver,upstream_bug; maintainer_confirmed,observed_cost; observed_cost,0,,Lens flare demo rendering artifacts on Chrome OS plus a Chrome regression where alpha:false context made rendering much slower; reported and fixed upstream in Chrome 65.,"mrdoob: ""adding `alpha: true` back to the `WebGLRenderer` fixes the performance issue"" || But I've noticed that it's highly resolution dependent. If I reduce the size of my window, performance gets much better."
13171,https://github.com/mrdoob/three.js/issues/13171,Delete the render pipe with THREE.EffectComposer,CLOSED,2018-01-25,2018-01-25,Help (please use the forum),perf_question_or_help,no_mechanism,,0,,,,,0,,"User asks how to remove passes from EffectComposer, claims their array manipulation hurts performance on Android; redirected to forum with no mechanism identified.",
13224,https://github.com/mrdoob/three.js/issues/13224,Should we fix all CRLF issues?,CLOSED,2018-02-01,2018-02-08,Suggestion,other_nonperf,incidental,,0,,,,,0,,Repo maintenance proposal to normalize CRLF line endings; the word 'performance' only appears in a filename in the file list.,
13225,https://github.com/mrdoob/three.js/issues/13225, renderer.setSize ignored when presenting in WebVR,CLOSED,2018-02-01,2019-11-27,,perf_feature_request,ruled_out_or_no_cause,,0,,,,,1,"Chrome's Daydream WebVR implementation allocates the eye canvas at 0.7 of full resolution for performance, overriding renderer.setSize","renderer.setSize is ignored in WebVR because the WebVR API controls framebuffer size; Daydream deliberately allocates a 0.7-scale canvas for performance, and three.js lacks a vr pixel-ratio/scale API.",
13230,https://github.com/mrdoob/three.js/issues/13230,Baking ambient occlusion to texture dynamically,CLOSED,2018-02-01,2018-02-01,Help (please use the forum),perf_feature_request,cause_asserted_unverified,,1,RTP-08,render_target_postprocessing,reporter_asserted,proposed_optimization,0,,Request for dynamic AO baking to a texture instead of per-frame post-processing SSAO; closed as a help question.,"body: ""using Effect Composer that costs performance"""
13233,https://github.com/mrdoob/three.js/issues/13233,Force material update from CanvasTexture to allow change of canvas content?,CLOSED,2018-02-02,2018-02-07,,perf_question_or_help,cause_asserted_unverified,,3,TUD-14; SPC-11; DCO-04,texture_upload_decode; shader_program_compilation; draw_call_overhead,reporter_asserted; reporter_asserted; reporter_asserted,observed_cost; observed_cost; proposed_optimization,0,,"CanvasTexture content is only uploaded during render, forcing the app to keep hundreds of canvases alive for text sprites; suggested fixes are compile() (too slow) or a glyph atlas.","body: ""you actually need to call renderer.render() before the content of the canvas is copied into WebGL memory"" || dekdevy: ""its unfortunately too massive to call live on a running 60 fps application"" || aardgoose: ""1 draw call per string"""
13234,https://github.com/mrdoob/three.js/issues/13234,OrbitControls scope.update() calls slow rendering if update() is called in render loop,CLOSED,2018-02-03,2018-02-06,,perf_defect_report,no_mechanism,,0,,,,,0,,"Reporter claims redundant scope.update() calls inside OrbitControls event handlers cost performance when update() is already called per frame, but could not reproduce in a live example.",
13259,https://github.com/mrdoob/three.js/issues/13259,Better documentation of indexed buffer geometry.,CLOSED,2018-02-06,2018-02-07,Suggestion,perf_question_or_help,cause_established,,1,GBU-05,geometry_buffer_updates,reporter_asserted,observed_cost,0,,Docs request for indexed BufferGeometry; reporter reports huge speedup from indexing a 45M-face mesh (vertex duplication vs shared vertices). Docs/example added.,"Dmarcoux111: ""indexing VASTLY improved performance, went from 1fps to 60fps"""
13288,https://github.com/mrdoob/three.js/issues/13288,"SkinnedMesh bug when far from scene root (0,0,0)",CLOSED,2018-02-09,2019-06-05,Bug,correctness_bug,cause_established,,2,AS-06; AS-04,animation_skinning; animation_skinning,reporter_asserted; reporter_asserted,proposed_optimization; hypothetical,2,"iOS advertises OES_texture_float but fails conformance tests, so the float bone-texture skinning path loses precision; disabling it falls back to the uniform-limited path which drops animation for hig || Bone matrices are computed/uploaded in world space, so large world translations blow out float precision in the bone texture and distort skinning; local-space skinning fixes it","SkinnedMesh deforms incorrectly far from the scene origin because three.js skins in world space: bone matrices with large world-space translations lose float precision, especially on iOS where float textures are quantized below 32-bit and OES_texture_float fails conformance. Fix/workaround is local-space skinning (bindMode 'local'). Perf aspects touched: shader reordering removing a matrix multiply, bone-count limits from MAX_VERTEX_UNIFORM_VECTORS forcing bone textures, and increased per-frame bone-texture upload cost of one proposed fix.","makc: ""it replaces 1 matrix multiplication with 4. what I propose instead is either a) merge bone matrix with inverse of bind matrix on js side"" || daniel-nth: ""The formula that page uses is `Math.floor((data.webgl.params.MAX_VERTEX_UNIFORM_VECTORS - 20) / 4);` Not sure if that is 100% accurate for three.js, but it reports 27 even on iPhone X"""
13302,https://github.com/mrdoob/three.js/issues/13302,"Crash on Firefox, slow on Internet Explorer and devices (demo provided)",CLOSED,2018-02-12,2018-02-12,Help (please use the forum),perf_question_or_help,no_mechanism,,0,,,,,0,,Panorama viewer with 4K textures crashes Firefox and is slow on IE/mobile; reporter suspects raycasting but the thread was closed and redirected to the forum without diagnosis.,
13379,https://github.com/mrdoob/three.js/issues/13379,VideoTexture updating at 60-90fps,CLOSED,2018-02-20,2020-12-17,Enhancement,perf_defect_report,cause_established,,1,TUD-05,texture_upload_decode,maintainer_confirmed,observed_cost,1,"Chrome/WebKit video decoders return out-of-order or black frames when texture upload is throttled below the render rate, blocking the frameRate-throttling fix","VideoTexture re-uploads the video frame to the GPU every rAF tick (60/90Hz) regardless of the video's actual framerate, wasting bandwidth; attempts to throttle hit browser decode bugs. Eventually solved with requestVideoFrameCallback.","body: ""we're currently updating the video texture at 60 (or 90 in VR) fps"""
13381,https://github.com/mrdoob/three.js/issues/13381,Memory leak in WebVRManager.getCamera ,CLOSED,2018-02-21,2018-02-21,,perf_defect_report,cause_asserted_unverified,,1,PFAG-11,per_frame_allocation_gc,reporter_asserted,observed_cost,0,,"WebVRManager.getCamera allocates memory 90 times per second in VR; traced by the reporter's profile to the browser's getFrameData call, not three.js.","ngokevin: ""This is due to the getFrameData call"""
13383,https://github.com/mrdoob/three.js/issues/13383,Throw error when vectors aren't normailzed in Quaternion#setFromUnitVectors,CLOSED,2018-02-21,2018-02-21,,perf_feature_request,cause_established,,1,CAH-02,core_algorithmic_hotpath,maintainer_confirmed,hypothetical,0,,Request to validate normalization in Quaternion.setFromUnitVectors; declined because argument validation costs time in math hot paths.,"Mugen87: ""We don't verify parameters for performance reasons."""
13506,https://github.com/mrdoob/three.js/issues/13506,None of merge() calls involving BufferGeometry are working,CLOSED,2018-03-05,2018-03-06,,perf_question_or_help,incidental,,0,,,,,0,,Confusion over BufferGeometry.merge semantics; merging geometries is discussed as a draw-call reduction optimization.,
13528,https://github.com/mrdoob/three.js/issues/13528,OrbitControls odd behavior,CLOSED,2018-03-08,2018-03-09,,perf_defect_report,no_mechanism,,0,,,,,0,,Unreproducible OrbitControls misbehaviour; a commenter notes poor performance in Edge/IE but no mechanism is identified.,
13537,https://github.com/mrdoob/three.js/issues/13537,deprecation/ API change warning lifetimes,CLOSED,2018-03-08,2022-02-20,Question,meta_or_audit,no_mechanism,,0,,,,,0,,Policy discussion about how long deprecation warnings live; performance mentioned only as one of several factors in deciding removal.,
13545,https://github.com/mrdoob/three.js/issues/13545,frustum.intersectsObject not check geometry's groups,CLOSED,2018-03-09,2018-03-11,Duplicate,perf_feature_request,duplicate,,0,,,,,0,,"Frustum culling only tests the whole geometry's bounding sphere, ignoring per-group bounds; closed as duplicate of #7071.",
13556,https://github.com/mrdoob/three.js/issues/13556,Unit Tests: What is the intended Runtime Environment?,CLOSED,2018-03-10,2018-03-13,Question,other_nonperf,incidental,,0,,,,,0,,Question about the intended unit-test runtime environment; 'performance' appears only as window.performance dependency.,
13656,https://github.com/mrdoob/three.js/issues/13656,Degraded reflector/mirror performance since r90,CLOSED,2018-03-21,2018-03-23,,perf_regression_report,cause_established,,2,LUU-05; O-11,lights_uniforms_ubo; other,maintainer_confirmed; reporter_asserted,observed_cost; observed_cost,0,,"Reflector/mirror performance regressed in r90: rendering the reflection in a separate WebGLRenderState changes each material's lightsHash, forcing initMaterial() re-runs for every material every frame.","Mugen87: ""the overhead is produced through additional calls of `initMaterial()` in `setProgram()`. When the reflectors renders the scene, the `lightsHash` of the respective material has changed because it rende"" || Busata: ""We seem to have 900 different materials in the scene"""
13664,https://github.com/mrdoob/three.js/issues/13664,Generic WorkerLoader,CLOSED,2018-03-22,2020-01-13,Loaders,perf_feature_request,duplicate,,0,,,,,0,,"Proposal for a generic WorkerLoader to move loading/parsing off the main thread; discussion of decode/assemble stages, transferables, and OffscreenCanvas.",
13700,https://github.com/mrdoob/three.js/issues/13700,Explore the benefits of using Uniform Buffer Objects (UBO) for WebGL2 renderer,CLOSED,2018-03-27,2022-07-07,Enhancement,perf_feature_request,cause_asserted_unverified,,1,LUU-07,lights_uniforms_ubo,reporter_asserted,observed_cost,1,"Per-draw vertex attribute setup via granular calls vs VAO; no advantage seen from VAOs, attrib-state caching used instead",Exploration of UBOs/VAOs for the WebGL2 renderer; external experience reports show glUniform call overhead is the CPU-bound cost and that UBOs/VAOs did not help.,"floooh: ""this was slower then glUniform calls"""
13807,https://github.com/mrdoob/three.js/issues/13807,Technology Overhaul,CLOSED,2018-04-09,2018-04-20,,perf_feature_request,cause_asserted_unverified,,5,RP-01; AS-05; AS-01; TUD-07; RTP-03,raycasting_picking; animation_skinning; animation_skinning; texture_upload_decode; render_target_postprocessing,reporter_asserted; reporter_asserted; reporter_asserted; reporter_asserted; reporter_asserted,proposed_optimization; observed_cost; observed_cost; proposed_optimization; proposed_optimization,0,,"Broad wishlist thread asking for deferred rendering, better shadows, spatial index, occlusion culling, animation optimizations, compressed textures. Closed in favor of per-feature issues.","body: ""currently you are stuck with a linear search, which is dominated by number of objects and polygons"" || body: ""animation engine chokes on some 500 bones being animated simultaneously, resulting in a very high CPU usage"" || titansoftime: ""I had to resort to only animating skinned meshes within the camera frustum"" || body: ""Compressed textures take less time to load and put less stress on browser, since decompression is not done by default (unlike PNG)."" || body: ""This results in duplicated effort for the hardware in most cases resulting in sub-optimal performance."""
13851,https://github.com/mrdoob/three.js/issues/13851,Error in material with lighting,CLOSED,2018-04-13,2018-04-20,,perf_defect_report,cause_established,,1,LUU-05,lights_uniforms_ubo,maintainer_confirmed,observed_cost,0,,"Rendering the same scene twice with two cameras/layers makes lightsHash flip between render-state IDs, so material properties (uniform list) are re-initialized every frame per material.","Mugen87: ""Because of the two cameras in the fiddle, the renderer creates two render states (first with ID 0, second with ID 1)."" and ""The mentioned logic does only trigger an update of the uniform list, not a compilation of the shader program."""
13889,https://github.com/mrdoob/three.js/issues/13889,Cannot see glass transparency on GLTF 3D model,CLOSED,2018-04-18,2018-04-22,,correctness_bug,cause_asserted_unverified,,1,TS-07,transparency_sorting,reporter_asserted,observed_cost,0,,Transparent bottle/liquid renders in wrong order; discussion of per-object z-centroid transparency sorting. Reporter's alternative distance-based sort caused a performance hit; closed as modeling issue.,"ranbuch: ""There's a significant **performance hit** witch may (or may not) be improved."""
13907,https://github.com/mrdoob/three.js/issues/13907,Deferred Rendering pipeline introduction,CLOSED,2018-04-20,2020-04-16,Duplicate,perf_feature_request,duplicate,,0,,,,,0,,Request for a deferred/tiled renderer in core; closed as duplicate of #2624.,
13909,https://github.com/mrdoob/three.js/issues/13909,Spatial Index and Occlusion culling introducing into core,OPEN,2018-04-20,,Suggestion,perf_feature_request,cause_asserted_unverified,,3,RP-01; CASI-04; MWU-01,raycasting_picking; culling_and_spatial_index; matrix_world_updates,reporter_asserted; reporter_asserted; speculative,proposed_optimization; observed_cost; proposed_optimization,0,,Proposal to add a spatial index (BVH/octree) and occlusion culling to core; discussion of linear raycasting/culling costs in large scenes.,"body: ""currently you are stuck with a linear search, which is dominated by number of objects and polygons"" || Usnul: ""just sorting them takes `three.js` a non-trivial amount of time, then culling takes some"" || gkjohnson: ""THREE regenerates every objects world matrix in the entire scene before each render"""
13910,https://github.com/mrdoob/three.js/issues/13910,Optimizations to Animation Engine,OPEN,2018-04-20,,Suggestion,perf_feature_request,cause_asserted_unverified,,2,AS-01; AS-03,animation_skinning; animation_skinning,reporter_asserted; speculative,observed_cost; proposed_optimization,0,,Request to optimize the animation system; claims of high CPU with many bones and no culling of off-screen animations.,"Usnul: ""Three.js doesn't recognize that fact, as a result it will animate everything, even those things that are not in the view"" || Usnul: ""there are a lot of objects, and a lot of object references. This could be reduced by using a less comprehensive but a more cache-friendly data structure"""
13911,https://github.com/mrdoob/three.js/issues/13911,Support of Compressed Textures in core,CLOSED,2018-04-20,2026-05-14,Suggestion,perf_feature_request,cause_established,,2,TUD-07; O-08,texture_upload_decode; other,reporter_asserted; measured,hypothetical; observed_cost,0,,"Request for first-class compressed texture support and runtime compression; discussion of GPU memory, bandwidth and upload costs.","body: ""Compressed textures take less time to load and put less stress on browser, since decompression is not done by default (unlike PNG)."" || mrdoob: ""it took 30 seconds to compress a 4k texture on my machine"""
13990,https://github.com/mrdoob/three.js/issues/13990,Is the behavior of CanvasRenderer and WebGLRenderer exactly the same except for performance?,CLOSED,2018-05-04,2018-05-06,Question,perf_question_or_help,incidental,,0,,,,,0,,"Question about whether CanvasRenderer and WebGLRenderer produce identical output; answered no due to shader support, no performance mechanism discussed.",
13995,https://github.com/mrdoob/three.js/issues/13995,Instanced Geometry Suggestion,CLOSED,2018-05-04,2019-09-16,Suggestion,perf_feature_request,cause_established,,4,CASI-01; GBU-04; CASI-02; IBL-03,culling_and_spatial_index; geometry_buffer_updates; culling_and_spatial_index; instancing_batching_limits,measured; reporter_asserted; reporter_asserted; reporter_asserted,observed_cost; proposed_optimization; observed_cost; proposed_optimization,0,,"Request for built-in instancing shader chunks / material flag so users don't rebuild Lambert as ShaderMaterial. Discussion covers onBeforeCompile limits, the InstancedMesh PR, and CPU-side culling strategies (BVH vs inflated cell bounding spheres) for large instance sets, plus attribute rebuild costs.","Usnul: ""moving camera around takes under 1ms on my hardware to run that `InstancedFoliage.update`"" || Usnul: ""Simplest one is to not rebuild BufferGeometry and let it have more attributes than what you're actually using"" || Usnul: ""you end up with deeply unbalanced tree and poor quality hierarchies"" || Usnul: ""I implemented this system in order to reduce number of draw calls to 1."""
14004,https://github.com/mrdoob/three.js/issues/14004,Eliminating unnecessary Uniform updates,CLOSED,2018-05-06,2018-05-13,Enhancement,perf_defect_report,cause_established,,1,LUU-02,lights_uniforms_ubo,maintainer_confirmed,proposed_optimization,0,,WebGL Inspector shows uniform upload calls issued every frame even when values are unchanged; fixed by adding uniform value caching.,"Mugen87: ""Yes, `three.js` could work in a more efficient way to avoid such redundant calls."" and body: ""WebGL uniform functions are called even though the uniforms are not changed"""
14013,https://github.com/mrdoob/three.js/issues/14013,FPS drop with trackballControls on the new chrome on mobile.,CLOSED,2018-05-07,2019-10-11,Browser Issue,perf_defect_report,cause_established,,2,DBD-19; AAM-15,device_browser_driver; app_api_misuse,upstream_bug; speculative,observed_cost; proposed_optimization,0,,Chrome mobile's intentional touch-handling change makes two-finger pinch zoom with TrackballControls drop to ~2 FPS; fixed by setting touch-action: none / passing renderer.domElement.,"'Chrome developers stated that this is a bug, but also an ""intentional change"".' with https://bugs.chromium.org/p/chromium/issues/detail?id=841282, and 'Yes this line resolved the problem for chrome.' || Mugen87: 'Making `domElement` a mandatory parameter and disallowing `document` as an argument should completely solve this issue'"
14018,https://github.com/mrdoob/three.js/issues/14018,Optimization: Output flags on materials to avoid material switching for specialized outputs.,OPEN,2018-05-07,,Suggestion,perf_feature_request,cause_asserted_unverified,,1,SPC-15,shader_program_compilation,reporter_asserted,proposed_optimization,0,,Proposal for uniform-based output flags on materials so shadow/depth passes don't require separate cached materials and program switches.,"body: ""It would allow us to not have to create a library of cached depth materials just for shadows."""
14048,https://github.com/mrdoob/three.js/issues/14048,Soft Shadows via Light Source Sampling,CLOSED,2018-05-12,2021-03-12,Enhancement,perf_feature_request,cause_asserted_unverified,,1,SM-01,shadow_maps,reporter_asserted,hypothetical,1,Accumulation needs Float/HalfFloat render target precision for blending; integer weighted accumulation is an alternative,Request for progressive soft shadows via jittered light sampling accumulated over frames; discussion of convergence cost and device-specific breakage of demos.,"Usnul: ""Going by standard PCF implementation with 16 taps - you would need about that to get similar quality."""
14051,https://github.com/mrdoob/three.js/issues/14051,Adopting a Progressive Photorealistic Global Illumination in Three.JS,CLOSED,2018-05-12,2025-11-04,Enhancement,perf_feature_request,cause_asserted_unverified,,3,O-10; TS-06; DBD-14,other; transparency_sorting; device_browser_driver,reporter_asserted; reporter_asserted; reporter_asserted,observed_cost; observed_cost; observed_cost,0,,"Meta-issue on progressive photorealistic GI in three.js; discussion of path tracing convergence cost, OIT costs, and driver-specific breakage on Radeon/Safari.","elfrank: ""the technique is inherently expensive"" || bhouston: ""it is dependent upon a lot of parameter tweaking and it is slow and needs floating point buffers"" || zalo: ""returns `true` on Mac Safari, but it's not true!  It's a lie!  It also runs much more slowly than Chrome, so I'm additionally downgrading Safari to mobile settings."""
14120,https://github.com/mrdoob/three.js/issues/14120,BGR DataTexture support,CLOSED,2018-05-23,2018-05-24,Suggestion,perf_feature_request,incidental,,0,,,,,0,,"Request for BGR DataTexture format; WebGL omits texture swizzle, and the cited reason is performance of emulating it over Direct3D.",
14121,https://github.com/mrdoob/three.js/issues/14121,WebGLLights state and its hashing produce unintended material reinitialization,CLOSED,2018-05-23,2021-02-26,Suggestion,perf_defect_report,cause_established,,3,LUU-05; SPC-05; DCO-11,lights_uniforms_ubo; shader_program_compilation; draw_call_overhead,reporter_asserted; measured; maintainer_confirmed,proposed_optimization; observed_cost; observed_cost,0,,"WebGLLights hash includes the WebGLLights instance id, so switching render states (e.g. multiple cameras / CubeCamera) invalidates the light hash and triggers initMaterial() per frame; initMaterial()'s cloneUniforms() dominated profiles.","body: 'this means that if you have 2 instances of `WebGLLights` and they are identical, except for `id` - you will end up rebuilding materials as you switch between these instances - inefficient.' || comment by carstenschwede: 'Call stack is `.initMaterial()`->`.getParameters()`->`.getShaderObject()`->`.cloneUniforms()`' with profiler screenshots || Mugen87: 'CubeCamera has to perform calls of WebGLRenderer.render() for each camera since it has to alter the destination render target for each camera' and 'there is still room for performance improvements for CubeCamera since redundant logic is executed'"
14135,https://github.com/mrdoob/three.js/issues/14135,Object3D.getWorld* Performance,CLOSED,2018-05-24,2021-02-26,,perf_defect_report,duplicate,,0,,,,,0,,"Object3D.getWorld* called updateMatrixWorld(true), recursively recomputing world matrices of all descendants on every call.",
14137,https://github.com/mrdoob/three.js/issues/14137,Textures Rendered as Black on (some?) devices with Android 7+,CLOSED,2018-05-24,2018-07-18,Device Issue,correctness_bug,cause_established,,1,SPC-12,shader_program_compilation,maintainer_confirmed,proposed_optimization,3,"Qualcomm Adreno 308 GLSL driver mishandles inout/out struct function parameters at highp precision, retaining original struct values (and can hard-crash the device), causing black rendering || Vendor GPU driver bug confirmed upstream; reduced test cases added to WebGL conformance suite || three.js default materials (Phong/Standard) rely on high precision math and exhibit artifacts at mediump, so cannot simply be downgraded","Textures/materials render black on some Android 7+ Qualcomm Adreno (and iOS) devices: the GLSL driver mishandles inout/out struct function parameters at highp precision. Isolated by fiddle bisection, filed upstream at Chromium and covered by new WebGL conformance tests; workaround is mediump precision. Side discussion measures that highp shaders are slower than mediump on mobile.","Mugen87: ""`three.js` always uses the highest precision available"""
14161,https://github.com/mrdoob/three.js/issues/14161,"Add shadow map support for RectAreaLights (brainstorming, R&D)",OPEN,2018-05-28,,Enhancement,perf_feature_request,cause_established,,1,SM-01,shadow_maps,reporter_asserted,observed_cost,0,,R&D thread on RectAreaLight shadows; various soft-shadow/raytracing prototypes benchmarked with wildly varying FPS across devices.,"gkjohnson: ""require a lot of samples to get a really smooth shadow"""
14167,https://github.com/mrdoob/three.js/issues/14167,bad performance with batched rendering and AA on,CLOSED,2018-05-29,2018-05-29,Help (please use the forum),perf_question_or_help,no_mechanism,,0,,,,,0,,User reports FPS halving with antialias:true on a large merged geometry; closed and redirected to the forum without diagnosing a mechanism.,
14187,https://github.com/mrdoob/three.js/issues/14187,converting buffergeometry to geometry need a lot of memory,CLOSED,2018-06-01,2018-06-01,Help (please use the forum),perf_question_or_help,cause_asserted_unverified,,1,GBU-02,geometry_buffer_updates,reporter_asserted,observed_cost,0,,Converting BufferGeometry to Geometry uses a lot of memory; redirected to forum.,"Usnul: ""they require more memory, as well as the fact that they have worse runtime performance"""
14201,https://github.com/mrdoob/three.js/issues/14201,BoxHelper - performance issue when updating on Safari.,CLOSED,2018-06-02,2018-06-02,Browser Issue,perf_defect_report,cause_established,,2,DBD-04; CAH-20,device_browser_driver; core_algorithmic_hotpath,measured; reporter_asserted,observed_cost; observed_cost,0,,BoxHelper.update() (bounding box computation over many vertices) runs far slower in Safari than Chrome; confirmed by maintainer and filed as a WebKit bug.,"Mugen87: '60 FPS in Chrome (66.0.3359.181), 17 FPS in Safari (11.1)'; WestLangley: 'The math code is considerably slower on Safari than on Chrome.'; WebKit bug 186236 filed || body: 'updateBox = false disables update of bounding box on every frame'"
14217,https://github.com/mrdoob/three.js/issues/14217,Adding prefix to Object3D id,CLOSED,2018-06-04,2018-06-26,Suggestion,perf_feature_request,cause_asserted_unverified,,1,CAH-24,core_algorithmic_hotpath,speculative,hypothetical,0,,Request to make Object3D ids writable/prefixed so two three.js instances don't conflict; string ids objected to on performance grounds.,"""if it's a string, however, your arrays becomes a glorified map with a lot of properties which are not actually indices - this leads to degraded performance"""
14223,https://github.com/mrdoob/three.js/issues/14223,Clone mesh doesn't clone its material and geometry objects,CLOSED,2018-06-05,2018-06-06,Question,perf_question_or_help,cause_established,,1,DCO-09,draw_call_overhead,maintainer_confirmed,hypothetical,0,,Mesh.clone() shares material/geometry by design; deep cloning would multiply materials/geometries and raise render cost.,"donmccurdy: ""There is a high performance cost to deeply cloning materials, textures, and geometry — not just while duplicating them, but higher cost to render after that."""
14240,https://github.com/mrdoob/three.js/issues/14240,Ammo js volume example works extremely slow,CLOSED,2018-06-08,2018-06-10,,perf_defect_report,no_mechanism,,0,,,,,0,,"Ammo.js soft-body volume example runs at 3-4 fps for reporter; not reproducible, redirected to ammo.js project.",
14245,https://github.com/mrdoob/three.js/issues/14245,What are the plans regarding NodeMaterial?,CLOSED,2018-06-08,2018-06-18,Question,meta_or_audit,cause_asserted_unverified,,0,,,,,0,,Discussion about NodeMaterial blocking material-extension PRs; an aside asserts many PBR materials with 1024px textures are slow.,
14336,https://github.com/mrdoob/three.js/issues/14336,KeyframeTrack: Option to disable validation/optimization?,CLOSED,2018-06-20,2018-07-31,,perf_defect_report,cause_established,,1,AS-08,animation_skinning,reporter_asserted,observed_cost,0,,"KeyframeTrack constructor auto-calls validate()/optimize(), and AnimationClip re-optimizes each track, costing significant load-time CPU.","""THREE.KeyframeTrack's constructor calls validate() and optimize() in its constructor, which is unnecessary and was costing us half a second of CPU time per scene."""
14341,https://github.com/mrdoob/three.js/issues/14341,HLSL warning when using shadow maps,CLOSED,2018-06-21,2018-06-21,,perf_defect_report,cause_established,,1,SM-03,shadow_maps,maintainer_confirmed,observed_cost,0,,Shadow rendering broke/warned due to a 500000x500000 shadow map size; reduced to 1024 fixed it.,"WestLangley: ""Your shadow map has 0.25 _trillion_ pixels."" and ""The following not appear to be a sufficiently-limiting constraint"""
14358,https://github.com/mrdoob/three.js/issues/14358,Add to .drawRange the possibility to store multiple entries,CLOSED,2018-06-24,2018-07-03,Suggestion,perf_feature_request,cause_established,,2,DCO-10; CAH-18,draw_call_overhead; core_algorithmic_hotpath,maintainer_confirmed; speculative,hypothetical; proposed_optimization,0,,Request for multi-entry drawRange to avoid splitting a big mesh; both multi-range and groups approaches result in multiple draw calls.,"Mugen87: ""When using multiple sets of `drawRange`, you also end up with multiple draw calls."" || Usnul: ""sorting is quite CPU intensive because as a minimum you have to scan through the list"""
14360,https://github.com/mrdoob/three.js/issues/14360,Possible Unnecessary World Matrix Updates on Hidden Objects,CLOSED,2018-06-24,2018-06-25,Suggestion,perf_feature_request,cause_established,,1,MWU-01,matrix_world_updates,reporter_asserted,observed_cost,0,,"updateMatrixWorld recurses into invisible subtrees; skipping them gave >50% gain, but backward compat concerns led to a userland override recommendation.","""Performance increased by no less than 50% in my app."""
14380,https://github.com/mrdoob/three.js/issues/14380,WebVR video example not working on Oculus Go / Oculus Browser in VR mode,CLOSED,2018-06-27,2018-07-24,Browser Issue,correctness_bug,ruled_out_or_no_cause,,0,,,,,1,"Oculus Browser's WebVR direct rendering optimization failed to restore GL texture state, causing unbound/unknown textures and a black screen; fixed in browser 4.6.2 and workaround by disabling the 'We","Oculus Browser WebVR direct-rendering optimization broke GL state restore, causing black screen; fixed in browser 4.6.2.",
14391,https://github.com/mrdoob/three.js/issues/14391,"Using atlas causes texture to reupload multiple times. Works in R89/R90, doesnt in R91+",CLOSED,2018-06-28,2018-06-29,,perf_defect_report,cause_established,,1,TUD-02,texture_upload_decode,maintainer_confirmed,observed_cost,0,,"Cloned textures sharing a uuid no longer share renderer properties after the WeakMap change (#13102), so each clone triggers a separate GPU texture upload.","Mugen87: ""having multiple `Texture` objects leads to multiple texture uploads. It is not possible to avoid this right now."""
14414,https://github.com/mrdoob/three.js/issues/14414,PointLight shadow camera far value,CLOSED,2018-07-04,2021-03-26,Suggestion,perf_feature_request,cause_asserted_unverified,,1,SM-03,shadow_maps,reporter_asserted,proposed_optimization,0,,"PointLight shadow camera defaults to far=500 regardless of light distance, rendering shadow map depth beyond where light contributes.","body: ""but it improves performance for me in complex scenes"""
14415,https://github.com/mrdoob/three.js/issues/14415,"Two mesh with Muti-Materials set same renderOrder value, the z-order is not correct?",CLOSED,2018-07-04,2019-01-02,Enhancement,correctness_bug,no_mechanism,,0,,,,,0,,"Multi-material meshes yield separate render items grouped by material/program when renderOrder ties, producing wrong z-order; discussion of SortingGroup/material renderOrder.",
14419,https://github.com/mrdoob/three.js/issues/14419,SEA3D vs GLTF,CLOSED,2018-07-05,2018-07-21,,other_nonperf,incidental,,0,,,,,0,,Long argumentative thread comparing SEA3D and glTF material fidelity and sRGB encoding in GLTFLoader; performance only mentioned in passing asides.,
14440,https://github.com/mrdoob/three.js/issues/14440,Is there any limit on android or any mobile phone?,CLOSED,2018-07-10,2018-07-10,Help (please use the forum),perf_question_or_help,no_mechanism,,0,,,,,0,,Unstable 30-40 FPS on an Android phone with an empty scene; redirected to the forum with no analysis.,
14463,https://github.com/mrdoob/three.js/issues/14463,Local space clippingPlanes of material,CLOSED,2018-07-12,2018-07-13,,perf_question_or_help,no_mechanism,,0,,,,,0,,"Request for local-space clipping planes; workaround is updating the plane in onBeforeRender, with reporter worrying about per-frame uniform update cost.",
14476,https://github.com/mrdoob/three.js/issues/14476,Add `DrawGeometry` function to WebGLRenderer,CLOSED,2018-07-14,2021-03-26,Suggestion,perf_feature_request,cause_asserted_unverified,,2,SGS-02; SPC-11,scene_graph_scale; shader_program_compilation,reporter_asserted; speculative,proposed_optimization; hypothetical,0,,Proposal for a low-level DrawGeometry/renderBufferDirect-style API to avoid the renderer traversing entire scene graphs; rejected as too low level.,"body: ""there's no reason to have THREE iterate over all geometry in the scene and it can be much slower to do so"" || pailhead: ""Correct, you shouldn't recompile shaders every frame."""
14477,https://github.com/mrdoob/three.js/issues/14477,initMaterial called each time render is called on a material used on two scenes,CLOSED,2018-07-14,2018-07-15,Duplicate,perf_defect_report,duplicate,14121,0,,,,,0,,"Sharing one material between two scenes makes lightsHash mismatch every render, so initMaterial/shader recompilation happens every frame; closed as duplicate of #14121 but mechanism and clone() workaround established.",
14496,https://github.com/mrdoob/three.js/issues/14496,Make lookAt work with the scenegraph?,CLOSED,2018-07-18,2018-08-29,Suggestion,perf_feature_request,cause_established,,1,MWU-05,matrix_world_updates,maintainer_confirmed,hypothetical,0,,Request to make Object3D.lookAt respect parent transforms; concern that requiring world-matrix updates up the parent chain adds cost.,"""I claim it will, if it is implemented as in your example. Every scene node, except the scene itself, has a parent."" and ""Object3D.updateMatrixWorld() does not properly update the world matrix of the object because it traverses the children instead of the parents"""
14506,https://github.com/mrdoob/three.js/issues/14506,Revisiting the style guide?,CLOSED,2018-07-19,2020-03-10,Suggestion,meta_or_audit,no_mechanism,,0,,,,,0,,Style guide discussion on const/let vs var and trailing commas; jsperf micro-benchmarks shown but no application-level performance mechanism.,
14555,https://github.com/mrdoob/three.js/issues/14555,Why THREE.Line can't be merged with THREE.Mesh ?,CLOSED,2018-07-26,2018-07-26,Question,perf_question_or_help,cause_asserted_unverified,,0,,,,,0,,Question why Line geometry can't be merged with Mesh geometry to reduce draw calls from many lines.,
14570,https://github.com/mrdoob/three.js/issues/14570,Materials: Consider to use mediump for all shaders,CLOSED,2018-07-27,2023-11-28,Suggestion; Needs Investigation,perf_feature_request,cause_established,,1,DBD-02,device_browser_driver,reporter_asserted,proposed_optimization,0,,Suggestion to default shaders to mediump for mobile correctness and shader execution speed; abandoned because mediump breaks lighting math.,"Mugen87 (maintainer), body: ""Using `mediump` would solve these issues and also improve the performance of the shader execution on mobile"""
14576,https://github.com/mrdoob/three.js/issues/14576,WebGLLights: Inefficient string concatenations,CLOSED,2018-07-29,2018-07-31,,perf_defect_report,cause_established,,2,PFAG-03; CAH-05,per_frame_allocation_gc; core_algorithmic_hotpath,measured; speculative,observed_cost; proposed_optimization,0,,"WebGLLights builds its lights hash by string concatenation every frame, generating garbage visible in Chrome's allocation profiler; proposal to use an integer-field object instead.","body: ""This line is executed 60 times per second thus produces garbage as seen on Chrome's Allocation Profiler"" || haroldiedema: ""I'm willing to bet that the latter is _way_ faster due to the number of operations your CPU has to do with comparing numbers versus strings"""
14577,https://github.com/mrdoob/three.js/issues/14577,Scene: Respect original material settings in .overrideMaterial,OPEN,2018-07-29,,Enhancement,perf_feature_request,cause_asserted_unverified,,2,SGS-02; MWU-04,scene_graph_scale; matrix_world_updates,speculative; reporter_asserted,hypothetical; proposed_optimization,0,,Request that scene.overrideMaterial honor original material uniforms/defines; discussion notes userland shader-replacement workarounds require extra scene traversals per frame.,"""The solution you linked seems to require extra traversals of the scene. I'd imagine that kind of a solution is quite costly for performance"" — and gkjohnson replies ""I haven't gone that deep into it, no."" || ""You can disable `scene.autoUpdate` on subsequent renders, too, to avoid matrix updates."""
14581,https://github.com/mrdoob/three.js/issues/14581,SoftwareRenderer: Add support for BufferGeometry,CLOSED,2018-07-30,2018-12-07,Enhancement,perf_feature_request,no_mechanism,,0,,,,,0,,"Discussion of adding BufferGeometry support / GLSL interpretation to SoftwareRenderer; performance mentioned only as a hypothetical concern, ends in deprecating CanvasRenderer.",
14664,https://github.com/mrdoob/three.js/issues/14664,Replacing material with onBeforeRender does not effect,CLOSED,2018-08-08,2020-07-06,Question,perf_question_or_help,cause_asserted_unverified,,1,SGS-02,scene_graph_scale,reporter_asserted,hypothetical,0,,"User wants to swap materials in onBeforeRender to avoid repeated scene traversals for post-processing passes; not supported, redirected to #14577.","""Now we traverse four times and also use the depthMaterial .It cost much time"""
14698,https://github.com/mrdoob/three.js/issues/14698,Applying displacement map on CPU - applyDisplacementMap functionality,CLOSED,2018-08-12,2018-08-15,,perf_feature_request,cause_asserted_unverified,,1,O-03,other,speculative,proposed_optimization,0,,"Proposal to add CPU-side displacement map application, motivated by avoiding vertex-shader texture lookups; added as an example.","body: ""mapping the height texture on CPU before rendering could be a performance win since no texture lookup would be performed on the GPU"""
14700,https://github.com/mrdoob/three.js/issues/14700,Raycaster intersects with invisible objects,CLOSED,2018-08-13,2020-02-20,Suggestion,perf_feature_request,cause_asserted_unverified,,1,RP-02,raycasting_picking,speculative,hypothetical,0,,"Raycaster only checks visible on the object itself, not ancestors; resolved by adding Raycaster.layers instead of walking the hierarchy.","Mugen87: ""we might consider to check the hierarchy, too. However, this will impact performance."""
14724,https://github.com/mrdoob/three.js/issues/14724,Drawcalls optimization: ordering faces by materialIndex,CLOSED,2018-08-16,2018-08-17,,perf_question_or_help,cause_established,,1,DCO-06,draw_call_overhead,reporter_asserted,observed_cost,0,,Multi-material mesh with unsorted faces produced ~1000 draw calls; sorting faces by materialIndex reduced it to 95. Existing Geometry.sortFacesByMaterialIndex covers this.,"""the drawcalls reduced from over 1000 to 95"" (also maintainer Mugen87: ""face sorting is a valid approach in order to reduce draw calls"")"
14730,https://github.com/mrdoob/three.js/issues/14730,BufferAttribute.dynamic: revisited,CLOSED,2018-08-17,2019-10-03,Suggestion,perf_feature_request,cause_asserted_unverified,,1,MLD-02,memory_leak_disposal,reporter_asserted,observed_cost,1,dynamic flag is overloaded: it is both a STATIC_DRAW/DYNAMIC_DRAW usage hint and a gate for sub-range bufferSubData updates via updateRange,API cleanup discussion of BufferAttribute.dynamic overloading (STATIC/DYNAMIC_DRAW hint vs bufferSubData sub-range updates); led to .usage constants and dispose().,"aardgoose: ""This left the WebGLRenderer context and associated WebGL buffers of the original attribute still allocated but with no attachment to a geometry, so no mechanism available to dispose of the buffers etc"""
14737,https://github.com/mrdoob/three.js/issues/14737,JSON models need to be replaced,CLOSED,2018-08-18,2018-10-27,Loaders,other_nonperf,incidental,,0,,,,,0,,Tracking issue to replace legacy JSON models/JSONLoader examples with glTF; 'performance' only appears in the example filename webgl_shadowmap_performance.,
14898,https://github.com/mrdoob/three.js/issues/14898,FeatureRequest: Is it possible to add isClassName everywhere ?,CLOSED,2018-09-12,2019-06-24,,perf_feature_request,cause_asserted_unverified,,1,CAH-05,core_algorithmic_hotpath,reporter_asserted,proposed_optimization,0,,Request to add isClassName boolean flags to all classes to replace instanceof checks; maintainers prefer adding on demand.,"Itee: ""This allow to replace the ``foo instanceof Bar`` statement in favor of fast boolean check."""
14899,https://github.com/mrdoob/three.js/issues/14899,Unreal Bloom Scene Brightness Issue,CLOSED,2018-09-12,2023-06-09,Post-processing,correctness_bug,incidental,,0,,,,,0,,UnrealBloomPass brightens scene due to color space/gamma handling; fixed by output color space handling. Performance mentioned only as an aside.,
14921,https://github.com/mrdoob/three.js/issues/14921,Object3D: Introduce onBeforeShadow().,CLOSED,2018-09-16,2023-11-27,Enhancement,perf_feature_request,cause_established,,2,MLD-12; CASI-03,memory_leak_disposal; culling_and_spatial_index,reporter_asserted; maintainer_confirmed,hypothetical; observed_cost,1,"Per-object uniforms computed once per object in onBeforeRender rather than per-vertex in the vertex shader, to avoid recomputation cost","Request for Object3D.onBeforeShadow() so per-object uniforms can be updated during the shadow pass; workaround of cloning materials duplicates textures, and lack of the hook breaks BatchedMesh shadow culling.","Samsy: ""it also clones textures and you end up having as much textures as clone."" || gkjohnson: ""Right now frustum culling will occur every frame based on the render camera on `onBeforeRender` and then that set of non-culled geometries will be used in the shadow rendering."""
15047,https://github.com/mrdoob/three.js/issues/15047,WebGLRenderer: Add support for multiple shader programs with a single material.,CLOSED,2018-10-13,2021-03-05,Enhancement,perf_feature_request,cause_established,,1,SPC-05,shader_program_compilation,maintainer_confirmed,observed_cost,0,,Proposal to allow multiple shader programs per material; prototype showed per-frame program-key computation per object degrades performance in object-heavy scenes.,"Mugen87: ""the general performance gets worse since the renderer has to compute a program key per frame for each object right now. This becomes to a problem when rendering scenes with a lot of objects"""
15096,https://github.com/mrdoob/three.js/issues/15096,TrackballControls: Fixed bad zoom performance,CLOSED,2018-10-20,2018-10-20,Duplicate,perf_defect_report,duplicate,,0,,,,,0,,TrackballControls zoom performance report closed as duplicate of #14013/#14182.,
15196,https://github.com/mrdoob/three.js/issues/15196,copyFramebufferToTexture and WebGLRenderTarget.texture.image undefined,CLOSED,2018-11-02,2018-11-02,,perf_question_or_help,no_mechanism,,0,,,,,0,,"copyFramebufferToTexture fails with render target textures; reporter tried it hoping for perf gains but measured none, no mechanism identified.",
15206,https://github.com/mrdoob/three.js/issues/15206,gl.getShaderInfoLog() fragment 0:109(188): error: invalid input layout qualifier used,CLOSED,2018-11-05,2018-11-07,Device Issue,correctness_bug,incidental,,0,,,,,0,,"Shader compile errors on Mesa 18.2.3 driver, fixed by driver update; 'Major Performance Caveat' only appears in pasted WebGL report.",
15230,https://github.com/mrdoob/three.js/issues/15230,Suggestion: modify use of transparent and opacity properties,CLOSED,2018-11-09,2018-11-10,Suggestion,perf_feature_request,incidental,,0,,,,,0,,"Suggestion to derive material.transparent automatically; rejected since alpha in maps/custom shaders can't be detected, and auto-detection would cost performance.",
15232,https://github.com/mrdoob/three.js/issues/15232,Low fps using RectAreaLight,CLOSED,2018-11-09,2018-11-09,Help (please use the forum),perf_question_or_help,cause_established,,1,LUU-04,lights_uniforms_ubo,maintainer_confirmed,observed_cost,0,,Low FPS with four RectAreaLights; maintainer says these lights are intrinsically more expensive than point/spot lights and redirects to forum.,"donmccurdy: ""These are more expensive than other light types, yes. I would not suggest using four of them in a scene like this."""
15254,https://github.com/mrdoob/three.js/issues/15254,webgl_shaders_ocean triggers warnings,CLOSED,2018-11-15,2018-11-15,,correctness_bug,incidental,,0,,,,,0,,Ocean example triggers WebGL feedback-loop/incomplete-texture warnings and a lighting regression; performance explicitly stated as fine.,
15258,https://github.com/mrdoob/three.js/issues/15258,GLTFLoader: minor optimization,CLOSED,2018-11-15,2018-11-18,Suggestion; Loaders,perf_feature_request,cause_established,,1,AS-03,animation_skinning,reporter_asserted,proposed_optimization,0,,"GLTFLoader cubic spline interpolation rearranged to save three multiplications per animation frame; microbenchmarks show a few percent gain, inconsistent across engines.","""saves three multiplications during each cubicspline animation frame""; ""is a simplistic test which indicates a few percent performance gain."""
15259,https://github.com/mrdoob/three.js/issues/15259,skinning vertex shader possible optimization,CLOSED,2018-11-15,2026-04-14,Suggestion,perf_feature_request,cause_asserted_unverified,,1,AS-07,animation_skinning,speculative,proposed_optimization,1,"The proposed matrix-blend form increases scalar multiply/add work (200 vs 364 scalar ops), roughly 1.8x more expensive - so the proposed optimization is not one",Proposal to rewrite skinning vertex shader to accumulate a single skinMatrix; maintainer notes scalar op count is actually higher and skinning isn't usually a bottleneck. No measurement done.,"""the final skinMatrix could likely be reused by the skin normal shader fragment""; reporter states ""I am, unfortunately, not in a position to do performance testing"""
15285,https://github.com/mrdoob/three.js/issues/15285,The color of the environment map is displayed brighter than r98,CLOSED,2018-11-20,2019-12-14,,correctness_bug,incidental,,0,,,,,0,,Color/gamma encoding discussion about env maps being too bright after r99; 'performance implications' mentioned only as an aside about EXIF parsing.,
15293,https://github.com/mrdoob/three.js/issues/15293,Disappearing model parts,CLOSED,2018-11-21,2019-05-02,,correctness_bug,cause_established,,1,DCO-05,draw_call_overhead,maintainer_confirmed,proposed_optimization,0,,Transparent model parts disappear at certain angles due to per-object transparency sorting; maintainer notes merging the 60 meshes would also reduce draw calls.,"Mugen87: ""A nice side effect by this optimization is a better rendering performance since you lower the amount of draw calls."""
15319,https://github.com/mrdoob/three.js/issues/15319,GLTFLoader: Skinned meshes distorted,CLOSED,2018-11-26,2018-11-27,Bug,correctness_bug,incidental,,0,,,,,0,,Skinned glTF meshes distorted after normalizeSkinWeights() was removed from the SkinnedMesh constructor; restored in GLTFLoader. Perf only referenced as possible motivation for skipping normalization.,
15321,https://github.com/mrdoob/three.js/issues/15321,GLTFLoader: Disable cache,CLOSED,2018-11-27,2019-02-27,Suggestion; Loaders,perf_defect_report,cause_established,,1,LPC-03,loader_parse_cost,measured,observed_cost,0,,GLTFLoader's geometry cache did an O(n) linear isPrimitiveEqual comparison against every cached primitive; with thousands of unique objects this dominated load time. Fixed by hash-key based O(1) cache in #15431.,"body: ""instead of calling isPrimitiveEqual over thousands of objects) cuts the loading time by a factor of 4"""
15339,https://github.com/mrdoob/three.js/issues/15339,Expose objects' frustum culled state,CLOSED,2018-11-28,2021-03-17,Suggestion,perf_feature_request,cause_asserted_unverified,,2,CASI-04; PFAG-02,culling_and_spatial_index; per_frame_allocation_gc,reporter_asserted; speculative,proposed_optimization; hypothetical,0,,Request to expose renderer-computed frustum-cull state so apps need not re-traverse the scene; suggested workarounds and spatial-index advice.,"body: ""we don't have to duplicate the Scene traversal and calculations with our own Frustum outside of the renderer"" || Usnul: ""garbage accumulates and collection cycles cause hick-ups in your frame-rate"""
15422,https://github.com/mrdoob/three.js/issues/15422,Chrome-specific PositionalAudio performance issue,CLOSED,2018-12-13,2018-12-13,Browser Issue,perf_defect_report,cause_established,,2,DBD-18; MWU-06,device_browser_driver; matrix_world_updates,reporter_asserted; maintainer_confirmed,observed_cost; proposed_optimization,0,,"PositionalAudio updated panner position/orientation every frame even when not playing; on Chrome M71 a suspended AudioContext caused scheduled AudioParam events to accumulate, degrading FPS. Fixed by early-return when !isPlaying (also saves a matrix decomposition).","""becoming slower and slower, killing FPS very quickly WHEN the source is started and stopped constantly"" + https://bugs.chromium.org/p/chromium/issues/detail?id=914608 || Mugen87: ""it improves performance when positional audios are not playing"" ... ""We save a matrix decomposition after all."""
15428,https://github.com/mrdoob/three.js/issues/15428,Allow GLTFLoader to import tangents or make BufferGeometryUtils.computeTangents use the Mikktspace algorithm,CLOSED,2018-12-13,2019-02-15,Suggestion; Loaders,perf_feature_request,cause_asserted_unverified,,2,LPC-07; LPC-09,loader_parse_cost; loader_parse_cost,reporter_asserted; speculative,proposed_optimization; hypothetical,0,,"Request that GLTFLoader import stored tangents or that computeTangents use MikkTSpace; motivated mainly by correctness, with asserted CPU cost of computing tangents at load time vs bandwidth tradeoff.","""saving a bit of computation time, especially for GLTF files with larger vertex counts"" — hedged with ""I do believe"" and no measurement || ""Do you want to be serving lots and lots of tangents for example, or would you consider deriving them from a smaller data set?"""
15443,https://github.com/mrdoob/three.js/issues/15443,[idea] update world matrix only if local matrix composition yields a new result.,CLOSED,2018-12-17,2018-12-18,Duplicate,perf_feature_request,duplicate,14138,0,,,,,0,,Proposal to set matrixWorldNeedsUpdate only when the composed local matrix actually changes; closed as duplicate of #14138.,
15444,https://github.com/mrdoob/three.js/issues/15444,[idea] only traverse sub trees that need updates.,CLOSED,2018-12-17,2018-12-18,Duplicate,perf_feature_request,duplicate,14138,0,,,,,0,,Proposal to traverse only dirty subtrees for world matrix updates; closed as duplicate of #14138.,
15506,https://github.com/mrdoob/three.js/issues/15506,Convert concatenated string arrays to template strings,CLOSED,2019-01-03,2021-03-27,Suggestion,perf_feature_request,no_mechanism,,0,,,,,0,,"Suggestion to replace joined string arrays with template literals; readability-driven, with only vague speculation about .join() init cost and agreement there is no perf impact.",
15515,https://github.com/mrdoob/three.js/issues/15515,ParametricBufferGeometry: Using multiple materials does not work.,CLOSED,2019-01-03,2019-01-03,Help (please use the forum),perf_question_or_help,incidental,,0,,,,,0,,Help request about using two materials on ParametricBufferGeometry; performance mentioned only as an aside that two meshes cost the same draw calls.,
15545,https://github.com/mrdoob/three.js/issues/15545,Evaluate TypeScript,CLOSED,2019-01-08,2019-06-25,,other_nonperf,cause_established,,1,O-06,other,measured,observed_cost,0,,Meta discussion on adopting TypeScript; declined. Contains an aside measurement that porting three.js core to WASM was 1.5x faster while partial ports lose to JS-WASM call overhead.,"takahirox: ""porting the entire core to WASM can improve the runtime performance, 1.5x faster on my example, while partially porting the small parts, for example just Math codes(Vector3, Matrix4, ...), is no benef"""
15548,https://github.com/mrdoob/three.js/issues/15548,"MeshBasicMaterial: Why are there .aoMap, .lightMap, and .envMap properties?",CLOSED,2019-01-08,2019-01-17,Question,perf_question_or_help,cause_established,,1,SPC-01,shader_program_compilation,speculative,hypothetical,0,,"Question about why MeshBasicMaterial supports envMap/aoMap/lightMap, in context of glTF unlit materials; assigning envMap to an unlit material is asserted to add shader/sampling cost even with reflectivity=0.","takahirox: ""setting `envMap` should have negative performance impact even if `.reflectivity=0`. It's opposed to performant material"""
15553,https://github.com/mrdoob/three.js/issues/15553,The FXAA example should show how to use the effect for post processing,CLOSED,2019-01-09,2019-01-21,Suggestion; Addons,perf_feature_request,cause_established,,2,RTP-06; DBD-02,render_target_postprocessing; device_browser_driver,measured; maintainer_confirmed,observed_cost; observed_cost,0,,Request for a better FXAA example; thread includes benchmarks of AA techniques on desktop and mobile.,"looeee: ""SSAA and TAA cause a considerable frame rate drop"" || Mugen87: ""The general performance of FXAA compared to MSAA is not necessarily better. This depends on the GPU."""
15577,https://github.com/mrdoob/three.js/issues/15577,PCF Soft shadow performance / alternative (approximation),CLOSED,2019-01-14,2019-06-24,Suggestion,perf_feature_request,cause_asserted_unverified,,1,SM-01,shadow_maps,reporter_asserted,proposed_optimization,0,,Proposal for a cheaper approximate PCF-soft shadow type because the existing PCF_SOFT lerp is too slow on mobile/VR devices.,"body: ""The linear interpolation operation involved is extremely taxing on these devices."""
15595,https://github.com/mrdoob/three.js/issues/15595,Raycaster slowdown in chrome on poor Vector3 creation,CLOSED,2019-01-16,2019-01-16,Duplicate,perf_defect_report,duplicate,12957,0,,,,,0,,Raycasting slows down drastically in Chrome after creating a Vector3 with string properties; closed as duplicate of #12957.,
15631,https://github.com/mrdoob/three.js/issues/15631,Compress GLSL for faster transfer to GPU.,CLOSED,2019-01-23,2019-02-04,Suggestion,perf_feature_request,cause_asserted_unverified,,2,SPC-06; SPC-03,shader_program_compilation; shader_program_compilation,speculative; reporter_asserted,hypothetical; hypothetical,0,,Suggestion to run a GLSL optimizer/minifier on generated shaders before upload; maintainers ask for numbers and consider it a micro-optimisation.,"""I remember a discussion, maybe it was a blog on unity, back in ~2010 that this would improve the performance as much as 30% on mobile phones"" — recalled hedged, no measurement in thread; mrdoob replies ""I have the feeling this is would be a micro-optimisation."" || TimvanScherpenzeel: ""As for doing this in realtime, I don't see a real option using this ASM.js file as it is really quite slow."""
15639,https://github.com/mrdoob/three.js/issues/15639,THREE.PointerLockControls rotating bug,CLOSED,2019-01-24,2019-02-04,,correctness_bug,incidental,,0,,,,,0,,"PointerLockControls camera teleport bug; likely browser/mouse issue, workaround resets prevTime via performance.now().",
15653,https://github.com/mrdoob/three.js/issues/15653,Poor memory performance in Safari,CLOSED,2019-01-27,2019-01-31,Browser Issue,perf_defect_report,no_mechanism,,0,,,,,0,,Memory test example consumes ~2GB in Safari; redirected to WebKit bug tracker with no mechanism identified.,
15691,https://github.com/mrdoob/three.js/issues/15691,"Zero-length bezier curves not strictly handled (getLength(), getSpacedPoints(), etc)",CLOSED,2019-02-01,2019-02-03,,correctness_bug,incidental,,0,,,,,0,,Zero-length bezier curves return tiny nonzero length; maintainers decline edge-case checks citing performance overhead.,
15704,https://github.com/mrdoob/three.js/issues/15704,Parallax-Corrected CubeMap,CLOSED,2019-02-04,2019-03-05,Suggestion,perf_feature_request,cause_established,,1,RTP-03,render_target_postprocessing,reporter_asserted,hypothetical,0,,Proposal to add box-projected (parallax-corrected) cubemap env mapping; noted as cheaper than mirror reflectors.,"Mugen87: ""Using a mirror is more expensive than using just a static environment map. So depending on the use case, Box Projected Cubemaps seem to provide a good visual approximation with better performance."""
15743,https://github.com/mrdoob/three.js/issues/15743,Memory leak with TransformControls,CLOSED,2019-02-08,2019-03-27,Addons,perf_defect_report,cause_established,,2,MLD-08; SPC-03,memory_leak_disposal; shader_program_compilation,reporter_asserted; maintainer_confirmed,observed_cost; hypothetical,0,,"TransformControls.dispose() only removes event listeners, leaving gizmo geometries/materials undisposed, leaking GPU memory; discussion of a recursive Object3D.dispose().","body: ""TransformControls.dispose() only releases listener but not any geometry or material associated with it so gc can't release memory"" || Mugen87: ""all related WebGL resources have to be recreated from scratch by the renderer (also the shader program which is potentially very expensive)"""
15872,https://github.com/mrdoob/three.js/issues/15872,Performance drop if camera is inside clipping area,CLOSED,2019-03-01,2019-03-04,Device Issue,perf_defect_report,ruled_out_or_no_cause,,0,,,,,1,"GPU/driver issue on certain Windows configs causes the fps drop when camera is inside clipped region; a clean driver reinstall restored 60fps, and other configs show no drop","FPS drop when camera enters a clipping-plane-clipped sphere; not reproducible on most configs, traced to GPU driver installation.",
15936,https://github.com/mrdoob/three.js/issues/15936,Will there be WebGPU based renderer?,CLOSED,2019-03-09,2019-03-10,Question,perf_question_or_help,cause_asserted_unverified,,2,WBO-08; IBL-03,webgpu_backend_overhead; instancing_batching_limits,speculative; reporter_asserted,hypothetical; hypothetical,0,,Question about WebGPU renderer plans; speculation that WebGPU reduces per-draw-call and resource-upload overhead vs WebGL.,"DVLP: ""the entire GPU API will be quicker so from the moment where the GPU is involved it should be faster"" || sinokgr: ""I'm afraid we can't use instancing, all objects are unique"""
15952,https://github.com/mrdoob/three.js/issues/15952,GLTFLoader: multiple cache entries for same embedded image,CLOSED,2019-03-11,2019-06-10,Suggestion; Loaders,perf_defect_report,cause_established,,1,TUD-02,texture_upload_decode,maintainer_confirmed,hypothetical,0,,"GLTFLoader caches embedded images under random blob Object URLs, so loading the same .glb repeatedly duplicates cache entries and GPU texture memory.","donmccurdy: ""One performance issue that will result of this, however, is that texture memory is duplicated on the GPU."""
15965,https://github.com/mrdoob/three.js/issues/15965,"feature request: transform origin (or ""pivot point"")",CLOSED,2019-03-13,2026-01-14,Enhancement,perf_feature_request,cause_asserted_unverified,,2,MWU-07; SGS-03,matrix_world_updates; scene_graph_scale,speculative; speculative,hypothetical; hypothetical,0,,"Feature request for an Object3D pivot/transform-origin property. Performance enters as a design concern: adding pivot math to updateMatrix/updateMatrixWorld would cost CPU per object every frame, mitigated by a null default with a conditional branch; also asserted that emulating pivots with extra parent Object3Ds is slower, and that changing pivots at runtime on complex models causes hitches. No measurements were made.","donmccurdy: ""The new matrix will have to be recursively updated and `updateMatrixWorld` will likely become slower."" || trusktr: ""I bet using a parent node as a pivot is much slower than this `pivot` property"""
15970,https://github.com/mrdoob/three.js/issues/15970,[Feature request] Accessible library of reusable shader functions,CLOSED,2019-03-14,2019-03-15,,perf_feature_request,incidental,,0,,,,,0,,Request for a library of reusable shader functions; aside that wrapping shader chunks in functions could cost performance.,
16028,https://github.com/mrdoob/three.js/issues/16028,Safari Canvas inspector shows drawElements being called twice,CLOSED,2019-03-21,2019-03-21,Browser Issue,perf_question_or_help,ruled_out_or_no_cause,,0,,,,,1,"Safari's Canvas Inspector dev tool over-reports GL calls; three.js issues only one drawElements per frame, so the doubled counts are a tooling artifact, not real draw call overhead","Safari Canvas Inspector shows drawElements called multiple times per frame; a dev-tools reporting bug, three.js draws once.",
16029,https://github.com/mrdoob/three.js/issues/16029,Examples: Add outline/stroke/border to a transparent PNG sprite,CLOSED,2019-03-21,2019-04-04,Enhancement; Addons,perf_feature_request,cause_asserted_unverified,,1,O-03,other,speculative,proposed_optimization,0,,Request for sprite outline support; debate over shader multi-texture-reads vs pre-baking canvas textures.,"makc: ""doing multiple texture reads in the shader all the time instead of creating the 2nd texture once is hardly good idea"""
16060,https://github.com/mrdoob/three.js/issues/16060,Unity compatible per-material render order support,CLOSED,2019-03-26,2019-08-20,Won't fix,perf_feature_request,cause_asserted_unverified,,1,AS-05,animation_skinning,reporter_asserted,hypothetical,0,,Request for Material.renderOrder for multi-material meshes; declined. Aside that splitting merged meshes costs bone/matrix update time.,"0b5vr: ""Separating into meshes affects to performance though (at bone update section),"""
16066,https://github.com/mrdoob/three.js/issues/16066,Suggestion: Keep gl constants in build/three.js,CLOSED,2019-03-26,2021-03-25,Suggestion,perf_feature_request,ruled_out_or_no_cause,,0,,,,,1,Reading gl.CONSTANT properties off the WebGL context at runtime rather than inlined numeric literals is assumed to cost performance; build replaces them.,Proposal to keep readable GL constants in build/three.js; rejected since inlining constant values is a performance optimization wanted in production builds.,
16081,https://github.com/mrdoob/three.js/issues/16081,"Editor: Problem loading some scenes ""TypeError: geometry.boundingSphere is null""",CLOSED,2019-03-27,2019-04-01,Editor,correctness_bug,incidental,,0,,,,,0,,Editor crashes on null geometry.boundingSphere; proposal of a lazy getter rejected on performance grounds.,
16099,https://github.com/mrdoob/three.js/issues/16099,Constructive Solid Geometry (CSG) Support,CLOSED,2019-03-29,2023-03-29,Enhancement,perf_feature_request,cause_established,,3,CAH-03; CASI-10; GBU-05,core_algorithmic_hotpath; culling_and_spatial_index; geometry_buffer_updates,measured; reporter_asserted; maintainer_confirmed,observed_cost; proposed_optimization; observed_cost,0,,"Request for built-in CSG support; discussion centers on how slow existing JS CSG libraries are (BSP-based, no spatial index), with anecdotal timing comparisons.","SebiTimeWaster: ""THREE-CSGMesh took 112 seconds, jscad/csg took 2.5 seconds!!!"" || looeee: ""there was no way to make it real time without a BVH"" || donmccurdy: ""it will de-index indexed geometry and increase the vertex count, in addition to adding (white) vertex colors"""
16132,https://github.com/mrdoob/three.js/issues/16132,Suggestion: Making BufferGeometry.attributes/index properties private or immutable,CLOSED,2019-04-02,2019-04-25,Suggestion,perf_feature_request,cause_established,,1,DCO-13,draw_call_overhead,reporter_asserted,proposed_optimization,1,"Direct assignment/deletion on geometry.attributes does not raise BufferGeometry.version, leaving cached VAO out of sync (correctness/invalidation issue rather than measured cost)",Proposal to make BufferGeometry.attributes/index private or immutable so VAO support can cheaply detect changes; VAO measured at 10-15% gain.,"body: ""VAO is for performance, so we need to quickly detect whether we need to update VAO or not."""
16153,https://github.com/mrdoob/three.js/issues/16153,Raycaster performance drops dramatically,CLOSED,2019-04-04,2019-04-06,Device Issue,perf_defect_report,cause_asserted_unverified,,3,RP-01; AS-02; CASI-04,raycasting_picking; animation_skinning; culling_and_spatial_index,reporter_asserted; reporter_asserted; speculative,proposed_optimization; hypothetical; proposed_optimization,0,,"Reported raycaster slowdown in r103 vs r102; not reproducible by others, closed as device issue. Linear raycast complexity and new morph-target raycast support named as possible costs.","Usnul: ""which enables logarithmic complexity of raycasting, versus the current linear"" || visus100: ""Raycaster works on morph targets"" || takahirox: ""`projectObject()` in renderer seems one of the cpu hot spot functions because frustum culling is slow"""
16261,https://github.com/mrdoob/three.js/issues/16261,Option to disable shader compile error checks,CLOSED,2019-04-16,2019-04-18,Suggestion,perf_feature_request,cause_established,,2,SPC-03; TUD-01,shader_program_compilation; texture_upload_decode,reporter_asserted; reporter_asserted,observed_cost; observed_cost,1,"Even without the checks, subsequent GL calls (uniform/attribute setup) require a fully compiled and linked shader, so the blocking wait merely moves to a different gl call; WebGL1 has no non-blocking ","Profiling shows getShaderParameter/getShaderInfoLog error checks after shader compile block until compilation finishes, costing ~800ms of jank at load; flag to disable added in #16269.","aardgoose: ""the check forces the browser to ensure that the compile has completed before a result can be obtained, ie the large time delay is waiting for the compilation to complete rather than the act of checkin"" || Usnul: ""PNG is wonderful, but it takes browser a while to convert it into a bitmap"""
16321,https://github.com/mrdoob/three.js/issues/16321,Implement KHR_parallel_shader_compile support,CLOSED,2019-04-23,2023-10-14,Enhancement,perf_feature_request,cause_established,,1,SPC-03,shader_program_compilation,maintainer_confirmed,observed_cost,0,,Request to support KHR_parallel_shader_compile so shader compile/link doesn't block the main thread.,"""taking upwards of _12 seconds_ to compile on my desktop machine"" (gkjohnson, maintainer)"
16328,https://github.com/mrdoob/three.js/issues/16328,CubeTexture orientation,CLOSED,2019-04-25,2024-02-20,Enhancement,perf_feature_request,cause_asserted_unverified,,4,O-03; AAM-06; DCO-02; MWU-04,other; app_api_misuse; draw_call_overhead; matrix_world_updates,speculative; reporter_asserted; reporter_asserted; reporter_asserted,hypothetical; observed_cost; observed_cost; observed_cost,0,,"Request for cube/env map rotation; blocked partly over the per-fragment matrix multiply cost, with workarounds having their own costs.","""doesn't want to merge my modification about the CubeTexture.rotation because of the runtime overhead (a supplementary mat3 multiplication)"" || ""It takes about 10ms to rotate a 1024x1024 texture in JS."" || ""the method proposed will generate **6 draw calls per frame** (1 per material) this is not very good"" || ""This causes two unnecessary updates to all my scene objects' world matrices."""
16334,https://github.com/mrdoob/three.js/issues/16334,PointsMaterial's size can't go larger than 256 in on Intel GPU,CLOSED,2019-04-25,2019-04-30,Device Issue,perf_defect_report,cause_established,,1,TUD-14,texture_upload_decode,reporter_asserted,observed_cost,1,"Intel integrated GPU driver clamps point size at 256, so larger PointsMaterial sizes are silently limited",gl_PointSize clamped to 256 on Intel GPUs; closed as device limitation. Side discussion on label rendering approaches.,"govizlora: ""storing the textures occupies a lot of RAM"""
16355,https://github.com/mrdoob/three.js/issues/16355,Performance issue when caching uniform arrays,CLOSED,2019-04-29,2019-05-23,Suggestion,perf_defect_report,cause_established,,1,LUU-02,lights_uniforms_ubo,measured,observed_cost,0,,WebGLUniforms array caching (compare + copy of matrix arrays) is a hot spot; removing it for arrays cuts render time substantially.,"""Removing the cache on `WebGLUniforms` for array of Matrix4 and Matrix3 will improve, around `~30ms`"" and ""goes from 55ms measuring renderer.render() to 22ms"""
16358,https://github.com/mrdoob/three.js/issues/16358,PCD loader does not work in Microsoft Edge,CLOSED,2019-04-29,2019-05-02,Bug,correctness_bug,incidental,,0,,,,,0,,LoaderUtils.decodeText throws URIError in Edge for non-ASCII/binary data; fixed with try/catch. Perf mentioned only as a caveat against char-by-char decoding.,
16408,https://github.com/mrdoob/three.js/issues/16408,Array clone on DispatchEvent,CLOSED,2019-05-09,2019-05-22,Suggestion,perf_defect_report,cause_asserted_unverified,,1,PFAG-04,per_frame_allocation_gc,reporter_asserted,proposed_optimization,0,,"EventDispatcher.dispatchEvent clones the listener array on every dispatch, creating garbage; needed for safe mutation during iteration.","""the listeners array is cloned on every call"" ... ""That doesn't look like nice for the GC."""
16440,https://github.com/mrdoob/three.js/issues/16440,Promote Node-based Materials to Core and Polish,CLOSED,2019-05-14,2023-10-09,Suggestion,perf_feature_request,cause_asserted_unverified,,2,BSLT-06; SPC-13,bundle_size_load_time; shader_program_compilation,reporter_asserted; reporter_asserted,observed_cost; proposed_optimization,0,,"Proposal to move node-based materials into core; discussion touches on program reuse/state-change costs for ShaderMaterial vs built-in materials, shader compile/build time, and bundle parse cost of GLSL strings.","tschoartschi: ""We also encountered the problem with the big shader strings in the final bundle."" || sunag: ""invest in dev a uniforms sorting into types to share a hash"""
16658,https://github.com/mrdoob/three.js/issues/16658,GLTFLoader: Animation samplers don't handle normalized accessors correctly,CLOSED,2019-06-03,2019-06-03,Bug; Loaders,correctness_bug,cause_asserted_unverified,,1,AS-03,animation_skinning,speculative,hypothetical,0,,"GLTFLoader doesn't denormalize BYTE/SHORT normalized animation accessors; fix location discussed, with abstraction in KeyframeTrack rejected on performance grounds.","comment by donmccurdy: ""trying to add an abstraction around the places these arrays are accessed in a KeyframeTrack would likely have negative performance implications"" — hedged with ""My feeling is"" and ""likely"""
16684,https://github.com/mrdoob/three.js/issues/16684,"Reduce canvas latency: Set `desynchronized` to true for 2d, WebGL, and WebGL2 canvas context options.",CLOSED,2019-06-04,2019-06-23,Suggestion,perf_feature_request,cause_asserted_unverified,,1,DBD-01,device_browser_driver,speculative,hypothetical,0,,Request to set desynchronized:true to reduce canvas latency; rejected because it implies single-buffering incompatible with typical clear-and-redraw three.js apps.,"greggman: ""you'll get flicker since the browser is free to show the canvas at any time"" (greggman is not on the listed maintainer set; also disputed by basro)"
16688,https://github.com/mrdoob/three.js/issues/16688,Example files that still need to be converted to modules,CLOSED,2019-06-05,2019-07-15,Addons,meta_or_audit,incidental,,0,,,,,0,,Tracking issue for converting remaining examples to ES modules; the only 'performance' mention is the webgl_performance_nodes example filename.,
16798,https://github.com/mrdoob/three.js/issues/16798,Asset management problems in architecture,CLOSED,2019-06-16,2023-05-05,Suggestion,perf_defect_report,cause_asserted_unverified,,3,TUD-02; MLD-06; SPC-13,texture_upload_decode; memory_leak_disposal; shader_program_compilation,reporter_asserted; reporter_asserted; reporter_asserted,observed_cost; hypothetical; observed_cost,0,,"Duplicate Texture/Material objects loaded from separate models cause the same image to be decoded and uploaded to the GPU multiple times; THREE.Cache is a keyed-by-URL global with no eviction, leaking memory. Fixed later by texture.source (#22846).","body: """"uploadTexture"" happens based on texture.version, it doesn't care that this texture is exactly the same as another texture that we already have in memory"" || body: ""There is no eviction, meaning that it's very possible to leak memory here"" || Usnul: ""number of compiled materials has dropped by as much as 50% in some cases"""
16802,https://github.com/mrdoob/three.js/issues/16802,GLTFLoader: Invalid interleaved buffer setup when multiple attribute accessors share the same buffer,CLOSED,2019-06-17,2019-07-24,,correctness_bug,cause_asserted_unverified,,1,GBU-08,geometry_buffer_updates,speculative,hypothetical,0,,"GLTFLoader interleaved buffer caching produces wrong .count (correctness), and additionally duplicates GPU buffers when accessors share a bufferView with different component types or natural stride.","zeux: ""will redundantly allocate GPU memory (right now this can happen when meshes are using skinning)""; donmccurdy hedges: ""I'd have to check, but that's probably true"""
16922,https://github.com/mrdoob/three.js/issues/16922,Feature Suggestion: Support Global Uniforms,OPEN,2019-06-27,,Enhancement,perf_feature_request,cause_asserted_unverified,,1,LUU-02,lights_uniforms_ubo,speculative,hypothetical,0,,Feature request for global/override uniforms; discussion asserts that global uniforms would cost extra per-frame uniform uploads and larger compiled shaders.,"""you will be submitting unnecessary uniforms in every \""normal\"" material"" and ""you end up compiling larger shaders if the uniforms are, indeed, global"" — hypothetical about an unimplemented feature, disputed by gkjohnson"
16941,https://github.com/mrdoob/three.js/issues/16941,Automatic regression testing with CI,CLOSED,2019-06-28,2020-02-22,Enhancement,meta_or_audit,no_mechanism,,0,,,,,0,,"Request for automated CI visual/performance regression testing using Puppeteer and pixel diffs; discussion of determinism (hooking Math.random, performance.now) rather than any specific performance cause.",
16946,https://github.com/mrdoob/three.js/issues/16946,VideoTexture causes texture upload even when videos are paused,CLOSED,2019-06-29,2021-03-09,Suggestion,perf_defect_report,cause_established,,2,TUD-05; DBD-10,texture_upload_decode; device_browser_driver,maintainer_confirmed; reporter_asserted,observed_cost; observed_cost,0,,"VideoTexture.update() sets needsUpdate=true every frame even for paused videos, causing continual texture uploads/decodes; fixed in r119 via requestVideoFrameCallback, though browsers lacking that API still fall back to per-frame updates.","Mugen87: ""no unnecessary assignments to `needsUpdate` happen and thus no respective texture uploads anymore"" || bryantcodesart: ""appears to fall back to updating every frame if `requestVideoFrameCallback` is not supported"" and ""Unless Im mistaken"""
16950,https://github.com/mrdoob/three.js/issues/16950,ShapePath: Wrong processing of mixed winding orders and nested shapes.,CLOSED,2019-06-29,2021-03-17,Bug,correctness_bug,cause_established,,2,CAH-07; MLD-01,core_algorithmic_hotpath; memory_leak_disposal,reporter_asserted; maintainer_confirmed,proposed_optimization; observed_cost,0,,ShapePath.toShapes() mishandles interleaved shape/hole winding orders; a proposed scanline-based fix is noted to be slow on SVGs with many paths.,"yomboprime: ""it's reusing temporary intersection objects instead of creating them in each call to ```findEdgeIntersection```"" || WestLangley: ""You are instantiating 60 meshes per second and failing to dispose of the geometries properly when they are removed from the scene."""
16977,https://github.com/mrdoob/three.js/issues/16977,Intent to implement/contribute Enterprise PBR improvements,CLOSED,2019-07-04,2024-02-13,Enhancement,perf_feature_request,cause_asserted_unverified,,1,RTP-16,render_target_postprocessing,reporter_asserted,hypothetical,0,,Enterprise PBR feature roadmap; discussion of transmission implementation trades quality for cost by rendering only an opaque render target with per-frame mipmap generation.,"""This can be expensive and it's hard to know how many layers to render."" (MiiBond, non-maintainer, no measurement)"
17078,https://github.com/mrdoob/three.js/issues/17078,"Sprite.raycast exception, Raycaster._camera is undefiend",CLOSED,2019-07-23,2019-08-19,,correctness_bug,incidental,,0,,,,,0,,Sprite.raycast throws because Raycaster._camera is undefined when setFromCamera wasn't used; performance only mentioned in passing.,
17139,https://github.com/mrdoob/three.js/issues/17139,Make use of WEBGL_multi_draw Extension,CLOSED,2019-07-31,2021-03-02,Suggestion,perf_feature_request,cause_asserted_unverified,,1,DCO-10,draw_call_overhead,speculative,hypothetical,0,,Request to support WEBGL_multi_draw to cut draw-call overhead; declined in favour of instancing/WebGPU.,"""as far as I understand - could significantly reduce the number of draw calls by allowing better batching"""
17234,https://github.com/mrdoob/three.js/issues/17234,Frustum.intersectsObject's weird performance behavior,CLOSED,2019-08-12,2019-08-13,Question,perf_question_or_help,cause_established,,1,DBD-04,device_browser_driver,maintainer_confirmed,observed_cost,0,,"First-iteration slowness of Frustum.intersectsObject explained as JIT warm-up, not a three.js cost.","Mugen87: ""JavaScript engines optimize code execution so it's non unusual that this happens."""
17285,https://github.com/mrdoob/three.js/issues/17285,How to choose the machine configuration for best WebGL performance？,CLOSED,2019-08-20,2019-08-20,Help (please use the forum),perf_question_or_help,no_mechanism,,0,,,,,0,,Hardware purchasing question redirected to the forum; no mechanism discussed.,
17312,https://github.com/mrdoob/three.js/issues/17312,The pattern of parameter object / fake keyword arguments,CLOSED,2019-08-22,2019-09-06,,other_nonperf,incidental,,0,,,,,0,,API design discussion about parameter objects vs setters; only a passing aside that Object.freeze() 'used to affect performance'.,
17384,https://github.com/mrdoob/three.js/issues/17384,Suggestion: Remove use of gl_FragDepthEXT for Logarithmic Depth Buffer,CLOSED,2019-08-29,2019-08-30,,perf_feature_request,cause_asserted_unverified,,1,O-03,other,reporter_asserted,proposed_optimization,0,,"Logarithmic depth buffer writes gl_FragDepthEXT, disabling early-z; maintainers explain it's needed to avoid clipping without tessellation.","body: ""setting the depth in the fragment shader means that optimizations like the [early depth test](https://www.khronos.org/opengl/wiki/Early_Fragment_Test) can't be performed meaning that this code path co"""
17424,https://github.com/mrdoob/three.js/issues/17424,"Don't you think,the memory of three.js is a little bit large?",CLOSED,2019-09-04,2019-09-04,Help (please use the forum),perf_question_or_help,cause_asserted_unverified,,1,AAM-03,app_api_misuse,maintainer_confirmed,observed_cost,1,Chrome's GPU process baseline memory footprint dominates the measured usage rather than three.js allocations,"User reports high Chrome GPU-process memory with three.js examples; maintainers attribute it to Chrome's GPU process, not three.js, and note the user's repeated render loops.","Mugen87: ""I don't think calling `main()` multiple times is a good idea since you start multiple times a render loop."""
17559,https://github.com/mrdoob/three.js/issues/17559,Bug in default shader with normal map,CLOSED,2019-09-23,2019-09-23,,correctness_bug,incidental,,0,,,,,0,,Normal map artifacts when triangle uvs are identical; normalize() of near-zero derivative vectors. Perf only enters as an aside about branching in shaders.,
17608,https://github.com/mrdoob/three.js/issues/17608,GLTFLoader: Morph targets only work for matching accessor types,CLOSED,2019-09-29,2019-11-05,,perf_feature_request,cause_established,,1,LPC-06,loader_parse_cost,maintainer_confirmed,proposed_optimization,0,,"glTF/FBX store relative morph target deltas while three.js requires absolute positions, forcing loaders to clone and rewrite attribute data at import.","donmccurdy: ""this is the major case where THREE.GLTFLoader has to actually process an attribute accessor. It'd be nice to eliminate that parsing time."""
17619,https://github.com/mrdoob/three.js/issues/17619,Chrome 77 texImage2D upload performance on OSX,CLOSED,2019-09-30,2019-10-03,Browser Issue,perf_regression_report,cause_established,,1,TUD-11,texture_upload_decode,upstream_bug,observed_cost,0,,"Chrome 77 on macOS regressed texImage2D upload speed, causing dropped frames when texture.needsUpdate=true each frame; tracked as a Chromium bug and fixed in Canary.","""This appears to be coming from `texture.needsUpdate = true` (ie. texImage2D upload)"" plus crbug link https://bugs.chromium.org/p/chromium/issues/detail?id=1007889, and Mugen87: ""There is definitely a huge performance gap between latest Chrome and FF."""
17701,https://github.com/mrdoob/three.js/issues/17701,InstancedMesh's setMatrixAt fails when another mesh in the scene has the same material,CLOSED,2019-10-09,2021-03-05,Bug,correctness_bug,ruled_out_or_no_cause,,0,,,,,1,"WebGLRenderer maintains a 1:1 material-to-shader-program relationship, so a Mesh and an InstancedMesh sharing one material reuse the same (wrong) program instead of getting separate instancing-enabled",Sharing one material between a Mesh and an InstancedMesh breaks instancing because the renderer maintains a 1:1 material-to-program mapping.,
17705,https://github.com/mrdoob/three.js/issues/17705,AudioListener: Performance issue with suspended audio context and `linearRampToValueAtTime()`.,CLOSED,2019-10-10,2020-08-17,Bug; Browser Issue,perf_defect_report,cause_established,,2,DBD-18; AAM-08,device_browser_driver; app_api_misuse,upstream_bug; reporter_asserted,observed_cost; observed_cost,0,,AudioListener.updateMatrixWorld calls linearRampToValueAtTime every frame; with a suspended AudioContext Chrome accumulates cost and frame time grows steadily.,"Mugen87: ""There seems to be a drop in performance if `linearRampToValueAtTime()` is called with a **suspended** audio context."" || manthrax: ""There's the performance graph showing linearRampToValueAtTime dominating the frame time."""
17714,https://github.com/mrdoob/three.js/issues/17714,"Change InstancedMesh api signature to count, geom, mat",CLOSED,2019-10-11,2019-11-11,Suggestion,perf_feature_request,cause_established,,1,GBU-04,geometry_buffer_updates,maintainer_confirmed,hypothetical,0,,API discussion about InstancedMesh constructor signature; resizing count implies reallocating typed arrays.,"mrdoob: ""We can't easily resize `count` without creating a new `TypeArray` when increasing it."""
17771,https://github.com/mrdoob/three.js/issues/17771,Feature Request: Mask groups using other geometry (world-space alpha maps).,CLOSED,2019-10-19,2020-03-16,,perf_feature_request,cause_asserted_unverified,,1,LUU-03,lights_uniforms_ubo,speculative,hypothetical,0,,Request for geometry-based masking/clipping; suggested workaround of many clipping planes noted as costly.,"""I doubt three.js handles hundreds or thousands of clipping planes well. They will fill up the capacity for uniforms, and cause a lot of extra dot product operations per fragment."""
17804,https://github.com/mrdoob/three.js/issues/17804,Normals flipped on some parts of the mesh that have double sided materials,CLOSED,2019-10-23,2019-11-22,Bug; Regression,correctness_bug,cause_asserted_unverified,,1,GBU-18,geometry_buffer_updates,speculative,hypothetical,0,,Regression in r109 from the Adreno gl_FrontFacing workaround flipping normal maps on double-sided mirrored geometry; workaround reverted. Perf only mentioned re: precomputing tangents.,"donmccurdy: ""Precomputing tangents has a per-vertex upfront cost every time, and no benefit except in these specific cases."""
17822,https://github.com/mrdoob/three.js/issues/17822,"Feature request: ability to compile materials one-by-one (on demand), before rendering",CLOSED,2019-10-26,2019-10-27,,perf_feature_request,cause_asserted_unverified,,1,TUD-08,texture_upload_decode,reporter_asserted,observed_cost,0,,Request to compile/upload single materials/textures on demand; resolved by WebGLRenderer.initTexture().,"""I'm using canvas.toDataURL to get the information of the current canvas' data before it gets overwritten."" ... ""It works, but it's definitely slower and uglier"""
17865,https://github.com/mrdoob/three.js/issues/17865,SsaoPass: artifacts with depth buffer,CLOSED,2019-11-04,2020-03-24,Addons,perf_defect_report,incidental,,0,,,,,0,,SSAOPass depth artifacts caused by low WebGL1 DepthTexture precision; RGBA depth packing gives 32-bit but needs an extra render pass.,
17942,https://github.com/mrdoob/three.js/issues/17942,Feature Request: allow ArrayCameras to opt in to multiview rendering,CLOSED,2019-11-16,2020-05-05,Enhancement,perf_feature_request,cause_asserted_unverified,,1,DCO-08,draw_call_overhead,reporter_asserted,proposed_optimization,1,"Frustum culling is tested against a single camera only, so multi-camera ArrayCamera setups would cull incorrectly unless a combined test is added",Request to opt ArrayCamera into OVR_multiview2 to halve draw calls outside VR; closed after multiview removal.,"lojjic: ""halving the draw calls changes the math in a way that favors more featureful scenes"""
17955,https://github.com/mrdoob/three.js/issues/17955,how about that add InstancdMesh.raycast ?,CLOSED,2019-11-18,2019-11-24,,perf_feature_request,cause_asserted_unverified,,1,PFAG-01,per_frame_allocation_gc,maintainer_confirmed,proposed_optimization,0,,Proposal to add InstancedMesh.raycast for CPU picking of instances; advice to avoid allocating Matrix4 per frame.,"WestLangley: ""Be sure to avoid calling `new THREE.Matrix4()` inside the render loop; create one instance and reuse it."""
18007,https://github.com/mrdoob/three.js/issues/18007,Starting from r109 three.module.js contain non transpiled classes,CLOSED,2019-11-26,2019-11-26,Duplicate,other_nonperf,incidental,,0,,,,,0,,Request to ship ES5-transpiled three.module.js for IE11; performance only mentioned in passing as a reason to avoid transpiling.,
18090,https://github.com/mrdoob/three.js/issues/18090,Quaterion to Euler conversion done on each Object3D.quaternion write,CLOSED,2019-12-06,2019-12-07,,perf_defect_report,cause_established,,1,CAH-01,core_algorithmic_hotpath,reporter_asserted,observed_cost,0,,"Object3D.quaternion writes trigger quaternion→Euler conversion (atan2/asin) on every write, costing ~3ms of a 20ms frame in the webgl_performance example.","body: ""On each `Object3D.quaternion` write the value is converted to the Euler `rotation` (using the `_onChangeCallback`)"""
18131,https://github.com/mrdoob/three.js/issues/18131,setProjectionFromUnion() shouldn't run for non-stereoscopic rendering,CLOSED,2019-12-12,2020-04-28,,correctness_bug,cause_asserted_unverified,,1,O-09,other,speculative,hypothetical,0,,setProjectionFromUnion runs for monoscopic XR sessions; also a stale second camera with a zero-sized viewport is rendered every frame.,"""I don't know if this has a significant performance cost, but it would be preferable to skip this camera when it's not needed."""
18134,https://github.com/mrdoob/three.js/issues/18134,DataTexture2DArray mipmaps,CLOSED,2019-12-12,2019-12-16,,correctness_bug,ruled_out_or_no_cause,,0,,,,,1,"WebGLTextures.uploadTexture calls generateMipmap with hardcoded target 3553 (TEXTURE_2D) rather than the actual texture type, so DataTexture2DArray gets no mipmaps, causing aliasing/moire",DataTexture2DArray mipmaps broken because generateMipmap is hardcoded to GL_TEXTURE_2D; array textures were being used as a batching/perf optimization.,
18255,https://github.com/mrdoob/three.js/issues/18255,Performance on Firefox vs Chrome,CLOSED,2019-12-27,2019-12-27,Browser Issue,perf_question_or_help,no_mechanism,,0,,,,,0,,"Firefox frame time 25ms vs Chrome 10ms for identical app; closed with 'report to Firefox', no mechanism identified.",
18265,https://github.com/mrdoob/three.js/issues/18265,New MeshStandardMaterial in r112 has banding artifacts on some GPUs,CLOSED,2019-12-30,2020-01-07,Bug; Device Issue,correctness_bug,cause_asserted_unverified,,1,CAH-04,core_algorithmic_hotpath,reporter_asserted,observed_cost,0,,Banding artifacts from PMREMGenerator due to devicePixelRatio being applied by setViewport on render targets; also a noted perf regression from the new MeshStandardMaterial shader in r112.,"toji: ""He suggested it may be the new, more accurate standard shader and suggested swapping some materials out with `MeshLambertMaterial` to verify."""
18277,https://github.com/mrdoob/three.js/issues/18277,WebGLDeferredRenderer do not support materials with textures,CLOSED,2019-12-31,2020-01-01,,correctness_bug,cause_asserted_unverified,,0,,,,,0,,WebGLDeferredRenderer ignores material textures; discussion notes deferred rendering overhead and the lack of per-object light selection in the forward renderer.,
18316,https://github.com/mrdoob/three.js/issues/18316,Is the requestFrameAnimation/render loop supposed to nest on the stack?,CLOSED,2020-01-06,2020-01-06,Duplicate,perf_question_or_help,duplicate,,0,,,,,0,,"User believed requestAnimationFrame render loop recursed on the stack; explained as Chrome devtools async stack reconstruction, no real cost.",
18338,https://github.com/mrdoob/three.js/issues/18338,Losing performance with Oculus Quest and r112,CLOSED,2020-01-08,2020-01-12,Device Issue,perf_regression_report,cause_established,,1,DBD-13,device_browser_driver,upstream_bug,observed_cost,0,,"Oculus Quest FPS dropped from ~72 to ~50 in r112 because the XRWebGLLayer was created with alpha:false, hitting a slow RGB render target path in the Oculus Browser/QCOM driver.","Artyom17: ""the issue was indeed in the broken workaround for the slow RGB render targets"""
18355,https://github.com/mrdoob/three.js/issues/18355,Material version increases with every frame when rendering to a renderTarget,CLOSED,2020-01-09,2020-01-15,,perf_defect_report,cause_established,,1,LUU-05,lights_uniforms_ubo,maintainer_confirmed,proposed_optimization,0,,"Rendering to a render target with a different camera creates a second WebGLLights render state, so material.needsUpdate is set every frame to force light uniform updates, incrementing material.version.","Mugen87: ""The problem is that we currently use an increased material version to trigger an invocation of `initMaterial()` later in the code."""
18380,https://github.com/mrdoob/three.js/issues/18380,Why is RawShaderMaterial slower than ShaderMaterial?,CLOSED,2020-01-13,2020-01-13,Question,perf_question_or_help,cause_established,,1,DCO-01,draw_call_overhead,maintainer_confirmed,observed_cost,0,,"User found RawShaderMaterial slower than ShaderMaterial with 10k cubes; maintainer showed no difference and identified 10,000 draw calls as the real bottleneck.","Mugen87: ""the FPS in the example is so bad because you have 10.000 draw calls which is an extreme amount"""
18387,https://github.com/mrdoob/three.js/issues/18387,Generating a lot of garbage by using BufferAttribute.updateRange,CLOSED,2020-01-13,2020-01-22,,perf_defect_report,cause_established,,1,PFAG-06,per_frame_allocation_gc,measured,observed_cost,0,,"WebGLAttributes calls array.subarray() on every partial buffer update because WebGL1 bufferSubData lacks srcOffset/length, allocating a new view object per update and generating GC pressure; fix is to use the WebGL2 form when isWebGL2.","body: ""about 26% of the garbage alone comes from here"" with profiler screenshot; aardgoose: ""an overhead of about 90 bytes per array buffer update"""
18404,https://github.com/mrdoob/three.js/issues/18404,"request for lerp(a, b, c)",CLOSED,2020-01-16,2020-01-27,Enhancement,perf_feature_request,cause_asserted_unverified,,2,PFAG-01; CAH-24,per_frame_allocation_gc; core_algorithmic_hotpath,reporter_asserted; speculative,proposed_optimization; hypothetical,0,,"Request for lerp(a,b,c) primitive overloads to avoid temp object allocation; maintainers note polymorphic arguments hurt V8 optimization and that the allocation is just shifted to the caller.","body: ""creates memory overhead (in a loop, class construction every frame)"" || donmccurdy: ""Using inconsistent types (polymorphism) can prevent V8 from optimizing that function"""
18497,https://github.com/mrdoob/three.js/issues/18497,InstancedMesh uses an incorrect normal matrix,CLOSED,2020-01-28,2020-02-11,,correctness_bug,cause_asserted_unverified,,1,O-03,other,speculative,hypothetical,0,,InstancedMesh doesn't apply a normal matrix from instanceMatrix; discussion of per-instance normal matrix vs cheap in-shader correction weighs GPU cost.,"""Would supporting non-uniform scaling per instance have a big performance penalty?"" and ""The cost of this correction is three dot products and a vector division, which seems reasonable."""
18511,https://github.com/mrdoob/three.js/issues/18511,Node material compiling performance issue,CLOSED,2020-01-30,2020-11-11,,perf_defect_report,cause_established,,1,SPC-04,shader_program_compilation,reporter_asserted,observed_cost,0,,NodeMaterial shader code generation is far slower than built-in materials — ~1.5s for 100 StandardNodeMaterials vs 3ms for MeshStandardMaterial — dominated by rebuilding the HDR environment map node graph (82 of 102 nodes) per material.,"""Fragment code build time: **5ms** with an environment map and **0.5ms** without""; ""StandardNodeMaterial: Compiling time of **1.5sec** including 500ms to build the fragment code!"""
18530,https://github.com/mrdoob/three.js/issues/18530,Proposal: nodes + material lookup tables for GLTFLoader,CLOSED,2020-02-01,2020-02-05,Suggestion,perf_feature_request,no_mechanism,,0,,,,,0,,"Proposal to expose node/material lookup tables from GLTFLoader to avoid deep traversals; discussion is about API stability and duplicate names, not measured performance.",
18553,https://github.com/mrdoob/three.js/issues/18553,Errors in the threejs.org editor,CLOSED,2020-02-05,2020-02-07,Bug; Editor,correctness_bug,no_mechanism,,0,,,,,0,,Editor runtime errors on objects without materials plus DirectX/ANGLE pow() shader warnings; performance only mentioned in passing as negligible overhead of adding abs().,
18565,https://github.com/mrdoob/three.js/issues/18565,Seams with normal map and mirrored uvs,OPEN,2020-02-06,,Needs Investigation,correctness_bug,no_mechanism,,0,,,,,0,,Normal map seams with mirrored UVs due to 128 vs 127.5 midpoint encoding; performance only mentioned as a motivation for UV mirroring (smaller textures).,
18634,https://github.com/mrdoob/three.js/issues/18634,DOF only works as last pass,CLOSED,2020-02-14,2020-02-14,Help (please use the forum),perf_question_or_help,cause_established,,1,RTP-08,render_target_postprocessing,maintainer_confirmed,proposed_optimization,0,,"BokehPass sets needsSwap=false for performance reasons, breaking chained passes; setting it true fixes ordering.","Mugen87: ""This is done for performance reasons"""
18666,https://github.com/mrdoob/three.js/issues/18666,Do not call window.requestAnimationFrame when in webxr mode,CLOSED,2020-02-18,2021-03-26,Suggestion,perf_feature_request,no_mechanism,,0,,,,,0,,Suggestion to stop window.rAF loop during WebXR; reporter concedes overhead is negligible.,
18675,https://github.com/mrdoob/three.js/issues/18675,Performance issue with intersection clippingPlanes,CLOSED,2020-02-19,2020-02-20,,perf_defect_report,cause_established,,1,SPC-02,shader_program_compilation,maintainer_confirmed,observed_cost,0,,clipIntersection with certain mesh ordering causes per-frame material reinitialization/shader recompilation because WebGLClipping.projectPlanes never resets numIntersection.,"Mugen87: ""And I can confirm that `initMaterial()` is not called per frame anymore."" (after applying the projectPlanes reset)"
18677,https://github.com/mrdoob/three.js/issues/18677,"MeshPhysicalMaterial: Support clearcoatMap, clearcoatRoughnessMap",CLOSED,2020-02-19,2020-03-05,Enhancement,perf_feature_request,incidental,,0,,,,,0,,Feature request for clearcoatMap/clearcoatRoughnessMap; performance only mentioned in passing about UV transform limits.,
18699,https://github.com/mrdoob/three.js/issues/18699,Performance problem with reflector and new outputEncoding option,CLOSED,2020-02-21,2020-02-25,Addons,perf_defect_report,cause_asserted_unverified,,1,SPC-02,shader_program_compilation,reporter_asserted,observed_cost,0,,"Reflector's internal render target encoding mismatches renderer.outputEncoding, causing shader recompilation every frame.","body: ""it seems that the shaders are recompiled every frame since the internal RenderTarget from Reflector does not use the correct output encoding"""
18759,https://github.com/mrdoob/three.js/issues/18759,WebGLRenderer memory leak,CLOSED,2020-02-27,2020-02-28,,perf_defect_report,cause_established,,1,MLD-09,memory_leak_disposal,measured,observed_cost,0,,"Apparent WebGLRenderer memory leak on repeated create/dispose traced to the three-devtools Chrome extension retaining renderer references, not three.js.","""Once this extension is disabled (case 4), memory usage is stable."""
18819,https://github.com/mrdoob/three.js/issues/18819,OES_texture_float is missing on Android.,CLOSED,2020-03-05,2020-03-07,Device Issue,perf_question_or_help,cause_asserted_unverified,,1,DBD-14,device_browser_driver,speculative,hypothetical,0,,GPUComputationRenderer unusable where OES_texture_float/half-float missing; UA sniffing instead of extension check; maintainers argue fallbacks would be slow anyway.,"Mugen87: ""provide fallbacks often with worse performance and quality"""
18853,https://github.com/mrdoob/three.js/issues/18853,Request: Allow raycast function to prevent traversal of children,CLOSED,2020-03-10,2021-03-23,,perf_feature_request,cause_asserted_unverified,,1,RP-02,raycasting_picking,reporter_asserted,proposed_optimization,0,,Request to let raycast() stop child traversal so a BVH/bounding-volume hierarchy can cull raycast work; declined in favor of layers/workarounds.,"body: ""all children are always traversed"""
18893,https://github.com/mrdoob/three.js/issues/18893,Horrible render performance when using Water + MeshStandardMaterial + sRGBEncoding,CLOSED,2020-03-13,2020-03-19,Addons,perf_defect_report,cause_established,,1,SPC-02,shader_program_compilation,maintainer_confirmed,observed_cost,0,,Water addon's internal render target encoding mismatch with sRGB outputEncoding causes per-frame material recompilation.,"WestLangley: ""is a work around that prevents the renderer from recompiling the material every frame"""
18918,https://github.com/mrdoob/three.js/issues/18918,BufferGeometry.merge or BufferGeometryUtils.mergeBufferGeometries: Add support for transformation matrix,CLOSED,2020-03-18,2020-03-18,,perf_feature_request,cause_established,,1,GBU-10,geometry_buffer_updates,reporter_asserted,observed_cost,0,,"Request for matrix argument in geometry merging; benchmarks show merging requires cloning geometries causing 50-100ms rebuild spikes, while InstancedMesh avoids it.","""there was a 50-100ms spike in frame latency when it is recompiled (in part due to having to clone each child buffer geometry"""
18937,https://github.com/mrdoob/three.js/issues/18937,Layers: Feature request to not render children of non-matching object or mark an object as an endpoint for testing layers,OPEN,2020-03-20,,Enhancement,perf_feature_request,cause_asserted_unverified,,1,SGS-02,scene_graph_scale,reporter_asserted,proposed_optimization,0,,"Request for layers to prune child traversal; reporter claims renderer still recurses through children of non-matching parents, costing CPU time.","finnbear: ""the renderer would waste time recusing through each child object, partially defeating the performance gain of layers"""
18996,https://github.com/mrdoob/three.js/issues/18996,request Vector.randomUnitVector(),CLOSED,2020-03-30,2020-04-06,Enhancement,other_nonperf,incidental,,0,,,,,0,,"Feature request to add Vector.random()/randomUnitVector(). Discussion covers API scope, whether random sampling is application-specific, and a grep dump of Math.random() usages in examples (including the filename webgl_performance.html). No performance mechanism discussed.",
19056,https://github.com/mrdoob/three.js/issues/19056,Shader recompilation when using sRGB encoding and RTT,CLOSED,2020-04-06,2021-03-05,Bug,perf_defect_report,cause_established,,2,SPC-01; SPC-02,shader_program_compilation; shader_program_compilation,maintainer_confirmed; reporter_asserted,observed_cost; observed_cost,0,,"Rendering the same scene both to screen (sRGB output) and to a linear render target makes the program cache key differ per pass, causing shader recompilation every frame.","Mugen87: ""Inconsistent setups are now more visible because of the performance issue that pops up when the encodings are different."" || jespertheend: ""After updating to three 116 our game dropped to 1fps. The workaround was to set the encoding of all the `WebGLRenderTargets` to the same one as our `WebGLRenderer.outputEncoding`."""
19071,https://github.com/mrdoob/three.js/issues/19071,WebXR seems to render everything twice for immersive-ar,CLOSED,2020-04-07,2020-04-25,,perf_defect_report,cause_asserted_unverified,,1,DCO-08,draw_call_overhead,reporter_asserted,observed_cost,0,,"For immersive-ar, WebXRManager exposes two cameras so the scene is drawn twice per frame although AR is monoscopic.","edankwan: ""It indicates that the `gl.drawElements()` triggers twice in one frame."""
19086,https://github.com/mrdoob/three.js/issues/19086,WebXRManager: getController() and getControllerGrip() should return false if there is no controller.,CLOSED,2020-04-08,2020-04-10,Question,perf_question_or_help,incidental,,0,,,,,0,,API question about getController(); maintainer notes three.js skips parameter validation for performance.,
19091,https://github.com/mrdoob/three.js/issues/19091,GLTF Model doesn't move with skeleton when using datGUI on mobile only.,CLOSED,2020-04-09,2020-04-25,Device Issue,correctness_bug,ruled_out_or_no_cause,,0,,,,,1,"No float texture support means bone matrices are stored in vertex uniforms; the model's 556 bones exceed the device's vertex uniform limit, so skinning fails (confirmed working at 200 bones)",Skinned mesh not deforming on Mali devices: no float texture support and limited vertex uniforms cannot hold a 556-bone skeleton.,
19104,https://github.com/mrdoob/three.js/issues/19104,Converting my scene to gltf/glb textures wrapping to default,CLOSED,2020-04-10,2020-04-10,Help (please use the forum),correctness_bug,incidental,,0,,,,,0,,GLTFExporter dropped texture wrap settings; caused by mixing core r108 with r92 examples. Side tips about redundant animation loop for a static scene.,
19182,https://github.com/mrdoob/three.js/issues/19182,Slowness after tab reload,CLOSED,2020-04-21,2020-04-21,Help (please use the forum),perf_question_or_help,no_mechanism,,0,,,,,0,,Performance collapses after a tab reload on discrete GPUs; declared a browser issue and redirected to forum with no mechanism identified.,
19230,https://github.com/mrdoob/three.js/issues/19230,[Box3.js] Question about default value.,CLOSED,2020-04-26,2020-04-26,Question,perf_question_or_help,no_mechanism,,0,,,,,0,,Question about Box3 default min/max values; maintainer clarifies it is unrelated to rendering performance.,
19248,https://github.com/mrdoob/three.js/issues/19248,Terrible performance when using a reflector with sRGB encoding,CLOSED,2020-04-28,2020-04-28,Duplicate,perf_defect_report,duplicate,18893,0,,,,,0,,Reflector with sRGB encoding causes constant shader recompilation; closed as duplicate of #18893.,
19275,https://github.com/mrdoob/three.js/issues/19275,Don't blindly create WebGL contexts with { xrCompatible: true }.,CLOSED,2020-05-01,2020-05-27,Enhancement,perf_feature_request,cause_asserted_unverified,,2,DBD-07; DBD-12,device_browser_driver; device_browser_driver,speculative; speculative,hypothetical; hypothetical,0,,"WebGLRenderer always sets xrCompatible:true, which can force multi-GPU laptops onto the discrete GPU and override powerPreference.","body: ""setting this flag will cause the entire system to switch over to rendering on a battery hungry discreet GPU"" || body: ""this may cause a context loss/restore in the dual GPU case"""
19282,https://github.com/mrdoob/three.js/issues/19282,"THREE.WebGLProgram: gl.getProgramInfoLog() C:\fakepath(75,25-100): warning X3571: pow(f, e) will not work for negative f, use abs(f) or conditionally handle negative values if you expect them",CLOSED,2020-05-01,2020-05-02,Browser Issue,perf_regression_report,cause_asserted_unverified,,0,,,,,0,,"User reports 60fps→9fps regression starting r112 on AMD/Firefox, correlated with an ANGLE X3571 pow() shader warning. Maintainers link a Chromium/ANGLE bug; test case never re-shared, never reproduced.",
19303,https://github.com/mrdoob/three.js/issues/19303,TS: Vector3 interface not descriptive enough to support this valid usage,CLOSED,2020-05-05,2020-11-13,,other_nonperf,incidental,,0,,,,,0,,TypeScript definition request for tuple-typed toArray()/set(); performance only mentioned as an aside about avoiding intermediate arrays.,
19317,https://github.com/mrdoob/three.js/issues/19317,Problem with Shadows: GL_INVALID_OPERATION : glDrawArrays: attempt to access out of range vertices in attribute 0,CLOSED,2020-05-07,2020-05-12,,correctness_bug,incidental,,0,,,,,0,,"GL_INVALID_OPERATION out-of-range vertices with shadow maps; unreproduced, but maintainer notes non-buffer Geometry costs startup performance and switching to BufferGeometry fixed it.",
19322,https://github.com/mrdoob/three.js/issues/19322,Safari requestAnimationFrame slow performance vs. setInterval / setTimeout,CLOSED,2020-05-08,2020-05-22,Browser Issue,perf_defect_report,cause_established,,1,DBD-06,device_browser_driver,upstream_bug,observed_cost,0,,"Safari/WebKit throttles or mis-schedules requestAnimationFrame, giving far lower FPS than setInterval on same content; linked WebKit bug.","""this appears to be a WebKit / Safari issue and not directly related to Three.js - https://bugs.webkit.org/show_bug.cgi?id=211624""; measured: ""requestAnimationFrame: 3fps"" vs ""setInterval: 60fps"""
19336,https://github.com/mrdoob/three.js/issues/19336,Preload/prefetch in examples,CLOSED,2020-05-10,2021-03-18,Addons,perf_feature_request,cause_established,,2,LPC-09; DBD-15,loader_parse_cost; device_browser_driver,reporter_asserted; upstream_bug,proposed_optimization; observed_cost,0,,"Examples only start fetching assets after three.js loads, serializing network requests; adding <link rel=preload as=fetch> saved ~200ms but was dropped for simplicity/WebKit bug.","body: ""We downloading resources only after Three.js was loaded."" || makc: ""chrome does load it twice, and it complains if the rquest does not happen within short time after the page was loaded"""
19339,https://github.com/mrdoob/three.js/issues/19339,Rust bindings for three.js,CLOSED,2020-05-11,2021-02-25,,perf_question_or_help,cause_asserted_unverified,,1,O-06,other,speculative,hypothetical,0,,Proposal for Rust/wasm bindings to three.js; discussion asserts JS↔WASM boundary calls and memory copies are costly enough to negate benefits.,"""the problem that JS<-->WASM inter-operations is pretty slow and this bindings can be not so good in performance"" / ""Probably I took too small numbers""; disputed by donmccurdy: ""Reportedly it's getting much faster"""
19342,https://github.com/mrdoob/three.js/issues/19342,Documentation search on client [proposal],CLOSED,2020-05-12,2022-09-13,Enhancement; Documentation,perf_feature_request,no_mechanism,,0,,,,,0,,"Client-side docs search proposal; benchmarks compare FlexSearch vs Lunr index size and query time, and the download cost of a full-text index is the blocker.",
19343,https://github.com/mrdoob/three.js/issues/19343,Safari video-based textures aren't updating when using high resolution source,CLOSED,2020-05-12,2020-05-22,Browser Issue,perf_defect_report,cause_established,,1,TUD-05,texture_upload_decode,reporter_asserted,observed_cost,0,,"Safari fails to complete high-resolution video texture uploads before the next render loop, freezing VideoTexture frames; linked WebKit bug.","body: ""the texture update won't complete before the next render loop which results in frozen frames"""
19408,https://github.com/mrdoob/three.js/issues/19408,Question:Can support VAO?,CLOSED,2020-05-21,2020-05-21,Duplicate,perf_feature_request,duplicate,8705,0,,,,,0,,Request for VAO support citing measured performance improvements; closed as duplicate of #8705.,
19422,https://github.com/mrdoob/three.js/issues/19422,Safari requestAnimationFrame conflict with video playback,CLOSED,2020-05-22,2020-05-22,Browser Issue,perf_defect_report,cause_established,,1,DBD-06,device_browser_driver,reporter_asserted,observed_cost,0,,"Safari bug where video playback plus rAF causes the tab to drop to ~5fps and texture updates to freeze; reproduced in plain WebGL too, linked WebKit bug.","""texture updates will freeze and the entire tab becomes sluggish (rAF drops to ~5fps on my device)"" with filed bug https://bugs.webkit.org/show_bug.cgi?id=212260"
19433,https://github.com/mrdoob/three.js/issues/19433,"Cannot view three.js webxr examples, but can view other webxr such as toji.github.io/webxr-particles",CLOSED,2020-05-23,2020-05-25,Help (please use the forum),other_nonperf,incidental,,0,,,,,0,,WebXR examples not working on Oculus Rift due to Chrome removing Oculus runtime support; closed as non-three.js issue. Performance mentioned only in passing.,
19453,https://github.com/mrdoob/three.js/issues/19453,"GLTFExporter: when exporting single objects, the type is overridden to ""Object3d""",CLOSED,2020-05-25,2020-05-25,,perf_question_or_help,cause_asserted_unverified,,1,LPC-01,loader_parse_cost,reporter_asserted,observed_cost,0,,GLTFExporter single-object export loses type; side discussion on GLTF parse cost causing dropped frames.,"zaino: ""Reports ~34ms, which is indeed very fast, but not as fast at the 16ms needed to render at 60fps."""
19457,https://github.com/mrdoob/three.js/issues/19457,Feature Request: Add support for 3DLUT color grading,CLOSED,2020-05-25,2020-10-26,Enhancement,perf_feature_request,cause_asserted_unverified,,1,RTP-06,render_target_postprocessing,speculative,hypothetical,0,,Request for 3D LUT color grading support; brief discussion of whether LUT lookups are faster than analytic color filters.,"gkjohnson: ""WebGL1 doesn't support 3d textures so interpolation along depth must be done manually -- I suspect the performance benefits in WebGL2 over WebGL1 come from the automatic interpolation in 3d textures."""
19477,https://github.com/mrdoob/three.js/issues/19477,onBeforeRender called twice per render when passing a Mesh to the renderer.,CLOSED,2020-05-27,2020-05-28,,correctness_bug,no_mechanism,,0,,,,,0,,onBeforeRender called twice when a Mesh is passed directly to renderer.render(); perf only mentioned as motivation for bypassing a Scene.,
19498,https://github.com/mrdoob/three.js/issues/19498,PMREM envMap bad performance,CLOSED,2020-05-29,2021-08-30,,perf_defect_report,cause_asserted_unverified,,3,CAH-04; CAH-23; DCO-02,core_algorithmic_hotpath; core_algorithmic_hotpath; draw_call_overhead,speculative; speculative; speculative,hypothetical; hypothetical; hypothetical,0,,"Switching from cube map to PMREM env maps caused 3-5x FPS drop; suspected shader texture-fetch cost, plus draw call overhead from hundreds of materials. Closed for lack of live example.","body: ""So each pixel will access envMap texture 4 or 8 times per frame? I guess this is where the performance drop come from."" || bhouston: ""By doing multiple non-interpolated requests and then manual interpolation, we are by passing full hardware accelaration."" prefaced by ""I am pretty sure"" || elalish: ""The draw call overhead alone could be a bigger problem."""
19511,https://github.com/mrdoob/three.js/issues/19511,Use ImageBitmaps for GLTFLoader (and possibly others),CLOSED,2020-05-30,2020-06-11,Suggestion,perf_feature_request,cause_established,,1,TUD-01,texture_upload_decode,measured,observed_cost,0,,Proposal to use ImageBitmapLoader in GLTFLoader: profiling shows synchronous image decode inside texImage2D blocks the main thread for hundreds of ms.,"""They take **103.29ms**, **24.81ms**, **30.23ms**, **16.07ms** respectively, each of which is blocking the main thread"" and total frame 448.22ms vs 260.13ms with ImageBitmapLoader"
19525,https://github.com/mrdoob/three.js/issues/19525,THREE.CSS2DObject needs a clone method,CLOSED,2020-06-01,2020-06-08,Suggestion,perf_feature_request,no_mechanism,,0,,,,,0,,"CSS2DObject lacks copy/clone, blocking cloning of groups; cloning motivated by 'optimize performance' but no mechanism explained.",
19648,https://github.com/mrdoob/three.js/issues/19648,Unnecessary .initMaterial() calls if CubeCamera && [texture.encoding != output.Encoding || light-based-material] ,CLOSED,2020-06-13,2020-06-14,Duplicate,perf_regression_report,duplicate,19056,0,,,,,0,,CubeCamera usage causes per-frame initMaterial/program cache-key recomputation; closed as duplicate of #19056 and #14121.,
19649,https://github.com/mrdoob/three.js/issues/19649,creating Vectors with NaN values replaces most of them with 0,CLOSED,2020-06-13,2020-06-14,,correctness_bug,incidental,,0,,,,,0,,Vector constructors convert NaN to 0 via `x || 0`; perf mentioned only as a passing aside about default-argument cost.,
19706,https://github.com/mrdoob/three.js/issues/19706,geometry._maxInstanceCount is not cleared on dispose,CLOSED,2020-06-22,2020-06-23,,correctness_bug,no_mechanism,,0,,,,,0,,"geometry._maxInstanceCount not cleared on dispose(), so reused geometry renders the wrong instance count. Memory-saving motivation but no perf mechanism.",
19749,https://github.com/mrdoob/three.js/issues/19749,Suggestion to add functions getPoints() and getVetices(),CLOSED,2020-06-27,2020-06-27,,perf_feature_request,cause_established,,1,PFAG-05,per_frame_allocation_gc,maintainer_confirmed,proposed_optimization,0,,"Request for getPoints()/getVertices() on BufferGeometry declined; maintainer notes allocating a Vector3 per vertex is wasteful and O(n^2) dedup, recommending fromBufferAttribute reuse.","donmccurdy: ""creating a new Vector3 instance for every vertex in a Mesh is very inefficient for performance and memory purposes"""
19759,https://github.com/mrdoob/three.js/issues/19759,Mirror Example broken on Standalone Oculus Quest ,CLOSED,2020-06-30,2021-01-30,Bug; Device Issue,correctness_bug,incidental,,0,,,,,0,,"Reflector mirror renders on top of everything in Oculus Browser immersive sessions; traced to render-target switching in the browser/driver, fixed in Oculus Browser 13.2 / WebXR Layers.",
19770,https://github.com/mrdoob/three.js/issues/19770,THREE.JS does not push attributes to GPU when mesh.visible = false,CLOSED,2020-07-01,2020-07-02,,perf_question_or_help,no_mechanism,,0,,,,,0,,"Reporter claimed attribute updates are skipped while mesh.visible=false (a visibility toggling perf optimization); could not reproduce, no mechanism established.",
19822,https://github.com/mrdoob/three.js/issues/19822,The Joys of Performant Debugging (Optional logs / warnings),CLOSED,2020-07-09,2020-07-10,Duplicate,perf_feature_request,duplicate,,0,,,,,0,,"Request to make three.js console warnings suppressible because tens of thousands of warnings freeze DevTools; maintainers note cost only exists with devtools open, later open to a settable console.",
19871,https://github.com/mrdoob/three.js/issues/19871,Importing GLTF file with multiple armatures in same animations?,CLOSED,2020-07-19,2020-07-23,Question,perf_question_or_help,cause_asserted_unverified,,1,AS-10,animation_skinning,speculative,hypothetical,0,,"glTF with two armatures sharing bone names only animates the first, since AnimationMixer targets by name; workarounds discussed, with reporter worrying about overhead of per-bone mixers.","""assign a different `AnimationMixer()` to every single bone in every armature, which would be messy and seems like it could cause performance issues"""
19879,https://github.com/mrdoob/three.js/issues/19879,kinect example is running by luck,CLOSED,2020-07-20,2020-07-20,Addons,correctness_bug,incidental,,0,,,,,0,,Kinect example races on the video 'loadedmetadata' event; the repro merely uses performance.now() in a busy-wait to delay script execution.,
19900,https://github.com/mrdoob/three.js/issues/19900,"Error ""Cannot read property 'isEmpty' of undefined"" when cloning a Geometry with a Box3Helper",CLOSED,2020-07-21,2021-01-13,,correctness_bug,incidental,,0,,,,,0,,Cloning an object containing a Box3Helper throws because Box3Helper lacks copy(); 'performance' only appears as an offhand aside about clone design.,
19986,https://github.com/mrdoob/three.js/issues/19986,Moving to ES6 Classes,CLOSED,2020-08-02,2021-04-15,Enhancement; Design,perf_feature_request,cause_established,,5,BSLT-03; BSLT-01; BSLT-07; BSLT-04; BSLT-05,bundle_size_load_time; bundle_size_load_time; bundle_size_load_time; bundle_size_load_time; bundle_size_load_time,maintainer_confirmed; measured; reporter_asserted; reporter_asserted; reporter_asserted,observed_cost; observed_cost; observed_cost; observed_cost; observed_cost,0,,"Tracking issue for converting three.js to ES6 classes. Performance content is bundle size / tree-shaking: `instanceof` checks force classes into bundles (hence `is*` flags), prototype mutation-in-place, static methods outside class bodies, Three.Legacy.js Object.defineProperty deprecations, non-ES6 prototype classes, the `Geometries` lookup in ObjectLoader, and unannotated module-scope `new Vector3()` initializers all defeat tree-shaking. Class methods are inherently not tree-shakeable/minifiable.","mrdoob: ""This pattern makes `WebGLRenderer` always include `Geometry` when bundling:"" || marcofugaro: ""this makes the class non tree-shakeable"" || marcofugaro: ""class methods are never gonna be tree-shakeable by any tool"" || `Curve` can't be tree-shaken because it's not an es6 class yet || marcofugaro: ""`WebXRManager` and `WebGLAnimation` won't get tree-shaken."""
20057,https://github.com/mrdoob/three.js/issues/20057,Bug in r119 attributes?,CLOSED,2020-08-12,2021-09-07,,correctness_bug,cause_established,,1,IBL-09,instancing_batching_limits,reporter_asserted,hypothetical,1,"VAO caching skips redundant attribute buffer binding per draw, improving performance (asserted by maintainer but unquantified, and stated as a general preference rather than a measured mechanism)",Adding/removing attributes in onBeforeRender breaks with the new VAO caching path; maintainers declare it unsupported. VAO caching itself is confirmed as a performance win.,"greggman: ""The InstanceMesh solution requires computing 1000 lerped matrices, updating 1000 matrices, computing 1000 lerped colors, 1000 colors, and 1 draw call per frame."""
20072,https://github.com/mrdoob/three.js/issues/20072,Refactor to use polymorphism?,CLOSED,2020-08-14,2020-08-14,,perf_feature_request,cause_asserted_unverified,,1,CAH-05,core_algorithmic_hotpath,speculative,proposed_optimization,0,,"Proposal to replace isX type-check conditionals in WebGLRenderer.projectObject with polymorphic dispatch; debate over mono/polymorphic call performance in JS engines, unresolved.","""all `if`-conditions are polymorphic (or most likely megamorphic) because they observe objects of different shapes"" ... ""most likely would be a performance win"" (mraleph, not a listed maintainer; hedged, no measurement of this code)"
20131,https://github.com/mrdoob/three.js/issues/20131,Render loop in live examples in the documentation wastes energy,CLOSED,2020-08-19,2021-08-31,Documentation,perf_defect_report,cause_established,,3,AAM-02; DBD-06; O-09,app_api_misuse; device_browser_driver; other,reporter_asserted; measured; reporter_asserted,observed_cost; observed_cost; observed_cost,0,,"Docs live examples run an unconditional requestAnimationFrame loop, burning CPU/GPU and battery even when nothing changes; maintainers declined refactoring to on-demand rendering.","VP-: ""it's render function starts with:"" || Hectate: ""The Performance tab of Dev Tools showed ``requestAnimationFrame`` being called while it was both on and off screen."" || arodic: ""causes `change` event to fire at 120Hz - twice per frame"""
20206,https://github.com/mrdoob/three.js/issues/20206,ThreeJs ThreeMF loader is blocking the UI while upzipping the 3MF file.,CLOSED,2020-08-28,2020-11-12,Duplicate,perf_defect_report,duplicate,11746,0,,,,,0,,3MFLoader blocks the UI thread; profiling showed unzipping is negligible (2.6ms) while DOMParser XML parsing/processing dominates (1.85s). Closed as duplicate of the XML parsing issue.,
20220,https://github.com/mrdoob/three.js/issues/20220,localToWorld uses matrix from the previous frame,CLOSED,2020-08-29,2023-03-07,Suggestion,correctness_bug,cause_established,,2,MWU-01; MWU-05,matrix_world_updates; matrix_world_updates,reporter_asserted; maintainer_confirmed,observed_cost; hypothetical,0,,"localToWorld used stale matrixWorld; discussion establishes that three.js world-matrix computation lacks dirty-flag caching and is a profiling hot spot, especially traversing invisible subtrees.","donhatch: ""found out it's spending almost all its time in `updateMatrixWorld()` -- which was particularly unexpected since (1) no matrices were changing at all"" (profiling described but no numbers; donhatch is not a listed maintainer) || donmccurdy: ""You don't want to traverse up or down the tree every time you call a method on any node."""
20238,https://github.com/mrdoob/three.js/issues/20238,videotexture bug in IOS12.2 wechat app webview,CLOSED,2020-09-01,2020-09-02,Browser Issue,correctness_bug,incidental,,0,,,,,0,,VideoTexture not updating in iOS 12.2 WeChat webview; 'performance' used only colloquially. Closed without fix.,
20297,https://github.com/mrdoob/three.js/issues/20297,NodeMaterial: Using usampler2D with node materials,CLOSED,2020-09-08,2023-03-14,Enhancement,perf_feature_request,cause_asserted_unverified,,1,SPC-12,shader_program_compilation,speculative,hypothetical,0,,"Request for usampler2D/isampler2D support in NodeMaterial; precision workaround via onBeforeCompile, with a claim that global high precision would cost performance/memory.","sunag: ""This can affect performance and memory usage in core level"""
20324,https://github.com/mrdoob/three.js/issues/20324,Dual quaternion skinning,OPEN,2020-09-11,,Enhancement,perf_feature_request,cause_asserted_unverified,,0,,,,,0,,Request for dual quaternion skinning; performance claims disputed—an expert says LBS and DQS cost about the same.,
20368,https://github.com/mrdoob/three.js/issues/20368,"Support ""OCULUS_multiview"" WebGL extension",CLOSED,2020-09-17,2026-08-05,Enhancement,perf_feature_request,cause_asserted_unverified,,1,DCO-08,draw_call_overhead,reporter_asserted,proposed_optimization,0,,"Request for OCULUS_multiview extension; multiview reduces per-eye CPU draw submission cost, but WebGL support was declined (WebGPURenderer only).","body: ""Often, a CPU usage reduction of 25% - 50% is possible."""
20384,https://github.com/mrdoob/three.js/issues/20384,Shared context issue in 118+,CLOSED,2020-09-20,2020-09-21,Question,correctness_bug,incidental,,0,,,,,0,,Sharing a WebGL context with Pixi broke after r118 default WebGL2 context; state.reset() is the mitigation but discards cached GL state.,
20401,https://github.com/mrdoob/three.js/issues/20401,OutlinePass causes performance issue especially on mesh with a lot of faces.,CLOSED,2020-09-23,2021-03-10,Addons,perf_defect_report,cause_asserted_unverified,,1,RTP-14,render_target_postprocessing,reporter_asserted,observed_cost,0,,OutlinePass tripled frame time; profiling showed cost scales with number of objects in the selected subtree due to per-frame scene traversals in OutlinePass.,"""There does seem to be some changes that happen based on the number of objects in the scene, like these traversals"" — hedged, preceded by ""I wonder if the issue is actually related to the number of objects"""
20414,https://github.com/mrdoob/three.js/issues/20414,Object3D: Add removeAll or clear.,CLOSED,2020-09-25,2020-10-08,Suggestion,perf_feature_request,cause_asserted_unverified,,1,SGS-04,scene_graph_scale,reporter_asserted,observed_cost,0,,"Object3D.remove() does indexOf+splice per child, making mass removal O(n^2); Object3D.clear() added.","body: ""`remove` find child within children with `indexOf` and remove it using `splice` which becomes bottleneck when there are a lot of children objects"""
20457,https://github.com/mrdoob/three.js/issues/20457,"Exposing internals + onProject, onRender and onRenderShadow",CLOSED,2020-10-05,2024-01-10,Suggestion,perf_feature_request,cause_asserted_unverified,,2,CAH-05; CAH-06,core_algorithmic_hotpath; core_algorithmic_hotpath,reporter_asserted; speculative,proposed_optimization; hypothetical,0,,Request to expose renderer internals and add onProject/onRender/onRenderShadow hooks; side discussion on cost of per-object callbacks and WebGLRenderer's conditional branching.,"Fyrestar: ""THREE unfortunately still has a condition forest in the WebGLRenderer, which could be uncluttered and get faster by references and class specific implementations"" || Usnul: ""if you have a callback per-object, it quickly starts to stray into performance-limiting territory"""
20480,https://github.com/mrdoob/three.js/issues/20480,Three.js Water Flowmap example fails to work on Chrome,CLOSED,2020-10-08,2020-10-08,Duplicate; Browser Issue; Device Issue,correctness_bug,duplicate,16041,0,,,,,0,,Water flowmap example renders incorrectly on Chrome/macOS Intel; traced to a Chromium/driver WebGL canvas-alpha issue and closed as duplicate of #16041. Performance strings appear only in the chrome://gpu dump; software rendering workaround yields ~8 FPS.,
20481,https://github.com/mrdoob/three.js/issues/20481,Why don't we add material properties to InstancedMesh so that materials can vary over instances? Is it gonna hurt performance?,CLOSED,2020-10-08,2020-10-08,Question,perf_question_or_help,cause_established,,1,IBL-08,instancing_batching_limits,maintainer_confirmed,hypothetical,0,,Question on per-instance material properties for InstancedMesh; answered with GPU vertex-attribute limits as the binding constraint.,"donmccurdy: ""You can expect at least 16 vertex or instance attributes to be supported, and more on some devices."""
20491,https://github.com/mrdoob/three.js/issues/20491,User option to send lights in a different space,CLOSED,2020-10-10,2021-03-09,Enhancement,perf_feature_request,cause_asserted_unverified,,0,,,,,0,,Request to supply lights in a user-chosen space to avoid per-fragment light transforms in raymarching shaders; closed as the transform can be hoisted out of the loop.,
20522,https://github.com/mrdoob/three.js/issues/20522,alphaTest with fixed mipmap level sample,OPEN,2020-10-17,,Suggestion,perf_feature_request,cause_asserted_unverified,,2,SPC-06; TUD-07,shader_program_compilation; texture_upload_decode,reporter_asserted; reporter_asserted,proposed_optimization; hypothetical,0,,Proposal to sample the map at a fixed/biased mip level for alphaTest to stop foliage dissolving; discussion weighs extra fragment texture fetch vs. a one-time texture pre-processing pass.,"body: ""It also could be implemented optionally as it adds another texture fetch"" || Fyrestar: ""this gets costly with many textures and influences compression or other formats"""
20530,https://github.com/mrdoob/three.js/issues/20530,SelectionBox: Add support for pixel-perfect selection.,CLOSED,2020-10-19,2021-04-22,Enhancement,perf_feature_request,cause_asserted_unverified,,2,CGSS-01; CASI-10,cpu_gpu_sync_stall; culling_and_spatial_index,speculative; speculative,hypothetical; hypothetical,0,,Request for pixel-perfect SelectionBox; discussion of GPU color-picking readback cost and per-triangle frustum tests without a BVH.,"gkjohnson: ""Copying render target data from the GPU to to the CPU can also be a slow operation and will scale based on canvas size / pixel density."" || gkjohnson: ""you could perform a triangle / selectionbox frustum intersection for every triangle in the mesh"""
20541,https://github.com/mrdoob/three.js/issues/20541,NodeMaterial: Support MaterialX Standard Nodes,CLOSED,2020-10-21,2026-07-20,Suggestion,perf_feature_request,cause_asserted_unverified,,1,LPC-04,loader_parse_cost,reporter_asserted,proposed_optimization,0,,Proposal to support MaterialX standard nodes in NodeMaterial; performance mentioned mainly regarding XML vs JSON parsing cost and WASM bundle size.,"""which is 200KB!"" and ""It is faster to parse."" (bhouston, non-maintainer, no measurement)"
20549,https://github.com/mrdoob/three.js/issues/20549,Renderer state.reset() no longer resets attributes,CLOSED,2020-10-22,2020-12-15,Enhancement,perf_feature_request,cause_asserted_unverified,,2,AAM-03; O-09,app_api_misuse; other,reporter_asserted; speculative,hypothetical; hypothetical,0,,Request to re-expose attribute/binding state reset after r118 moved attribute management to WebGLBindingStates; users mixing raw WebGL with three.js otherwise need a separate context.,"cgauld: ""it does mean a significant performance hit if we have to perform our computation in a separate context and transfer the data between the contexts"" || takahirox: ""In case a lot of VAOs are created, iterating them and calling WebGL methods for each could take time?"""
20560,https://github.com/mrdoob/three.js/issues/20560,"VideoTexture got poor performance in iOS 14, but fine in iOS 13. ",CLOSED,2020-10-26,2020-10-26,Device Issue,perf_defect_report,cause_asserted_unverified,,0,,,,,0,,VideoTexture panorama demos run at low FPS and overheat on iOS 14 but fine on iOS 13; treated as an OS/browser regression to report to Apple.,
20572,https://github.com/mrdoob/three.js/issues/20572,Change the behavior or name of Matrix.getInverse() to align with the rest of the API,CLOSED,2020-10-27,2020-11-03,Suggestion,perf_feature_request,cause_asserted_unverified,,1,PFAG-01,per_frame_allocation_gc,speculative,hypothetical,0,,API naming discussion for Matrix.getInverse(); performance mentioned only as justification for in-place mutation over returning new objects. Resolved by adding invert().,"AndrewPrifer: ""a new object is created, which can impact performance"""
20573,https://github.com/mrdoob/three.js/issues/20573,Grid/line flickering on ThreeJS paint example,CLOSED,2020-10-28,2020-10-30,Device Issue,perf_defect_report,ruled_out_or_no_cause,,0,,,,,1,"Flicker is a device/browser-level issue: the Oculus Browser's XRSession drives the frame rate for WebXR content, so three.js cannot control it",Line/grid flickering in WebXR paint example on Oculus Quest; deemed a device/browser frame-rate issue outside three.js control.,
20607,https://github.com/mrdoob/three.js/issues/20607,composer render drop fps after upgrade to r120,CLOSED,2020-11-02,2020-11-03,Help (please use the forum),perf_question_or_help,duplicate,20401,0,,,,,0,,Claimed FPS regression with EffectComposer since r120; maintainer measured identical FPS in r112 and r122 and attributed slowness to many cloned multi-material objects (draw calls) plus post-processing overhead. Closed as duplicate of #20401 for the postprocessing part.,
20637,https://github.com/mrdoob/three.js/issues/20637,WebGLBindingStates: Memory leak in needsUpdate().,CLOSED,2020-11-06,2020-11-09,Bug,perf_defect_report,cause_established,,1,PFAG-04,per_frame_allocation_gc,reporter_asserted,observed_cost,0,,"WebGLBindingStates.needsUpdate() calls Object.keys twice per call just to compare lengths, allocating two arrays every frame and causing significant GC pressure.","""I saw this little gem contribute to about 35% of GC overhead in my application or around 1kb per frame"""
20660,https://github.com/mrdoob/three.js/issues/20660,Slower OutlinePass starting in r116,CLOSED,2020-11-10,2020-11-10,,perf_regression_report,ruled_out_or_no_cause,,0,,,,,1,Firefox-specific rendering behaviour; maintainers saw no FPS difference in the official example,Reporter observes OutlinePass slowdown from r116 in Firefox; maintainers cannot reproduce in official example and suggest a Firefox-specific issue. Left unconfirmed.,
20824,https://github.com/mrdoob/three.js/issues/20824,NodeJS support,CLOSED,2020-12-04,2020-12-28,Enhancement,perf_feature_request,incidental,,0,,,,,0,,"Request for official Node.js support/build of three.js; resolved by an external `three-universal` package. Discussion is about DOM globals and bundling, not performance.",
20941,https://github.com/mrdoob/three.js/issues/20941,[124] TiltLoader breaks in a module env,CLOSED,2020-12-24,2020-12-29,Bug,correctness_bug,cause_asserted_unverified,,1,LPC-08,loader_parse_cost,speculative,proposed_optimization,0,,"TiltLoader breaks in module environments due to JSZip import; discussion leads to replacing JSZip/zlib.js with fflate, asserted to be much smaller (~5kB vs 80kB), faster at decompression, and more memory-efficient (resize/trim avoids ~2x memory).","drcmda: ""It's smaller (~5kb vs 80kb), faster (they say up to 50%)"""
20958,https://github.com/mrdoob/three.js/issues/20958,Dispose of loaders,OPEN,2020-12-29,,Enhancement; Loaders,perf_feature_request,cause_asserted_unverified,,2,MLD-08; WO-02,memory_leak_disposal; worker_offloading,reporter_asserted; speculative,proposed_optimization; hypothetical,0,,"Request for dispose() on loaders to release Web Workers, WASM, and cached files; discussion of shared WorkerPool between KTX2Loader/DRACOLoader instances.","body: ""loaders that use web workers will leave those threads running in the background"" || donmccurdy: ""A performance penalty (by not sharing web workers) would catch many by surprise."""
21084,https://github.com/mrdoob/three.js/issues/21084,WebXR always asks for hands support,CLOSED,2021-01-13,2021-01-14,Suggestion,perf_defect_report,cause_asserted_unverified,,1,AAM-05,app_api_misuse,speculative,hypothetical,0,,VRButton always requests the 'hand-tracking' optional feature; reporter claims this may slow JS execution and battery life. Closed for lack of numbers.,"body: ""This should only be done if the experience will make use of this feature because it might slow down JavaScript execution."" and ""I don't have exact numbers."""
21088,https://github.com/mrdoob/three.js/issues/21088,Jank with trivial scrolling animation,CLOSED,2021-01-14,2021-02-06,Browser Issue,perf_defect_report,ruled_out_or_no_cause,,0,,,,,1,"Browser compositor/HTML rasterization work causes dropped frames independent of three.js; reproduced with raw WebGL2 and Canvas2D test cases, tracked in crbug.com/1164435","Sporadic frame drops in a simple scrolling animation reproduce with plain WebGL and even Canvas2D/CSS animations across browsers; traced to browser/compositor behavior, not three.js. Closed in favor of the Chromium bug.",
21111,https://github.com/mrdoob/three.js/issues/21111,GLTFLoader: Add an example for `EXT_meshopt_compression`,CLOSED,2021-01-19,2021-01-20,Suggestion; Addons,perf_feature_request,incidental,,0,,,,,0,,Request for a GLTFLoader EXT_meshopt_compression example; a later comment notes gltfpack mesh merging reduced draw calls to 2 giving smooth performance.,
21129,https://github.com/mrdoob/three.js/issues/21129,Add per-vertex line width to `LineGeometry` and `LineMaterial`,OPEN,2021-01-22,,Enhancement; Addons,perf_feature_request,cause_asserted_unverified,,1,CAH-04,core_algorithmic_hotpath,speculative,hypothetical,0,,Request for per-vertex line widths in LineGeometry/LineMaterial; a related prior PR was not merged due to unspecified performance concerns with capsule-intersection based fragment rejection.,"gkjohnson: ""that PR uses capsule intersections to determine whether to render the line. Unfortunately it has not been merged due to concerns about performance."""
21187,https://github.com/mrdoob/three.js/issues/21187,DecalGeometry: Decal projections without distortions.,OPEN,2021-02-01,,Enhancement; Addons,correctness_bug,cause_asserted_unverified,,1,CAH-11,core_algorithmic_hotpath,reporter_asserted,observed_cost,0,,DecalGeometry planar projection distorts/wraps decals around corners. Alternative exponential-map algorithm discussed; noted to have startup distance-calculation cost.,"dipeshdulal: ""There are performance impacts during start up as well because of distance calculation that is needed to be done during start up (one time process)."""
21189,https://github.com/mrdoob/three.js/issues/21189,Strict type check on geometry object before accessing key like  isGeometry,CLOSED,2021-02-02,2021-02-03,,perf_question_or_help,cause_established,,1,CAH-02,core_algorithmic_hotpath,maintainer_confirmed,hypothetical,0,,Request for null checks on geometry in Box3.expandByObject; declined because argument validation adds per-call cost for correct users.,"donmccurdy: ""We do not typically include validation of incorrect inputs to three.js methods, as this creates performance costs paid even by users who are using the APIs correctly."""
21209,https://github.com/mrdoob/three.js/issues/21209,"Would Three consider a prototype.reset() function for its value classes (Vectors, Colors, etc)?",CLOSED,2021-02-05,2021-02-07,,perf_feature_request,cause_asserted_unverified,,1,CAH-01,core_algorithmic_hotpath,speculative,hypothetical,0,,Proposal for reset()/default-value introspection on math classes; rejected as an app-level concern. Getter/setter based approach dismissed as too costly for hot properties.,"looeee: ""I think getters and setters have too high a performance cost to be used for frequently accessed properties like position and scale."" — hedged with ""I think"", no measurement"
21278,https://github.com/mrdoob/three.js/issues/21278,Raycaster.intersectObjects() recursive flag,CLOSED,2021-02-14,2021-09-07,Suggestion,perf_feature_request,cause_asserted_unverified,,0,,,,,0,,"Proposal to default Raycaster.intersectObjects recursive flag to true; a user claimed recursive raycasting over large glTF node trees each frame is CPU-costly, which a maintainer disputed.",
21284,https://github.com/mrdoob/three.js/issues/21284,`Object.defineProperty` in `THREE.Vector3` constructor causing a significant performance penalty ,CLOSED,2021-02-15,2021-02-15,Regression,perf_regression_report,cause_established,,2,CAH-01; PFAG-01,core_algorithmic_hotpath; per_frame_allocation_gc,measured; speculative,observed_cost; hypothetical,0,,"Object.defineProperty for isVector3 flags in math class constructors deoptimizes object creation, making Vector3.clone() ~5-10x slower since r120.","""On my machine, the difference is 5ms (r119) vs 45ms (r120, r125)."" plus ""replacing `Object.defineProperty( this, 'isVector3', { value: true } );` in `THREE.Vector3` constructor with `this.isVector3 = true;` fixes the issue"" || WestLangley: ""it causes unnecessary instantiation of objects and garbage-collection"""
21320,https://github.com/mrdoob/three.js/issues/21320,RayCaster: Allow object tests to be more easily extended.,CLOSED,2021-02-20,2021-02-23,,perf_feature_request,no_mechanism,,0,,,,,0,,Request to make Raycaster's per-object test extensible; maintainer argues no perf difference vs app-level filtering. No mechanism established.,
21330,https://github.com/mrdoob/three.js/issues/21330,SVG Loader: incorrect rendering in complex SVGs,CLOSED,2021-02-21,2026-04-21,Enhancement; Loaders,correctness_bug,incidental,,0,,,,,0,,"SVGLoader fails to render complex SVGs (gradients, url refs, paint order). Performance only mentioned as an aside about the reporter's prior Snap.svg implementation.",
21355,https://github.com/mrdoob/three.js/issues/21355,Octree - update specific triangles of object instead of re-adding everything again,CLOSED,2021-02-24,2021-03-14,Help (please use the forum),perf_feature_request,cause_asserted_unverified,,1,CASI-02,culling_and_spatial_index,reporter_asserted,proposed_optimization,0,,"Octree only supports fromGraphNode(), forcing full rebuild of all triangles when a single object changes.","body: ""this re-adds all triangles instead of giving the option to only update one object. This can heavily impact performance."""
21379,https://github.com/mrdoob/three.js/issues/21379,SSRPass: throws err for a simple scene.,CLOSED,2021-02-28,2021-02-28,Duplicate,correctness_bug,duplicate,18533,0,,,,,0,,SSRPass throws when scene mixes InstancedMesh and Mesh due to shared overrideMaterial program; closed as duplicate of #18533.,
21387,https://github.com/mrdoob/three.js/issues/21387,Rework updateWorldMatrix / scene.autoUpdate,OPEN,2021-03-02,,Suggestion,perf_feature_request,cause_established,,2,MWU-01; SGS-02,matrix_world_updates; scene_graph_scale,measured; reporter_asserted,observed_cost; observed_cost,0,,Proposal to avoid full scene traversal in updateMatrixWorld via dirty-flag propagation; measurements show several ms per frame spent traversing static scene graphs.,"""timing done in Chrome performance tools"" with table rows 5-6 ms vs 2-2.5 ms; ""it would not be necessary to always traverse all objects in `scene.updateMatrixWorld`"" || ""Even in this sample with 7700 objects it should be possible to save 0.5 ms of CPU time on my system"""
21503,https://github.com/mrdoob/three.js/issues/21503,VAO performance issues on Radeon 460,CLOSED,2021-03-23,2021-03-23,Device Issue,perf_regression_report,cause_established,,1,DBD-01,device_browser_driver,upstream_bug,observed_cost,0,,Switching to Vertex Array Objects in r118 caused a large slowdown on several GPUs/browsers; traced to a Chrome (not ANGLE) VAO handling hot spot and fixed upstream in Chrome 93.,"kenrussell: ""The problem was solely in Chrome, not ANGLE""; crbug 1192082 quoted as ""the best workaround would be to change Three.js back to stop using VAOs."""
21512,https://github.com/mrdoob/three.js/issues/21512,Animations mixing bones that aren't part of their keyframes; can't play two distinct animations at same time,CLOSED,2021-03-25,2021-03-25,,correctness_bug,cause_asserted_unverified,,1,AS-10,animation_skinning,speculative,hypothetical,0,,AnimationMixer blends all bones of concurrently played clips; discussion of bone-masking alternatives and their cost.,"RemusMar: ""you need to waste a bunch of resources preventing the skin modifier (the weights controller) accessing unwanted vertices""; donmccurdy hedges: ""I'm pretty sure that additive blending does not impose any additional per-vertex cost. It may impose an additional per-bone cost"""
21568,https://github.com/mrdoob/three.js/issues/21568,Octree: Memory overload.,CLOSED,2021-04-03,2021-05-17,Addons,perf_defect_report,cause_asserted_unverified,,1,MLD-01,memory_leak_disposal,reporter_asserted,observed_cost,0,,Reporter claims Octree.split()'s while+pop loop causes O(n^2) work and memory blowup; maintainers asked for a live demo and closed for lack of info.,"body: ""i kinda resolved this issue by using this argument ``--max-old-space-size=4096`` so i dont get this error"""
21578,https://github.com/mrdoob/three.js/issues/21578,Faster PBR Material,OPEN,2021-04-06,,Enhancement; Needs Investigation,perf_feature_request,cause_established,,4,CAH-04; O-03; AAM-05; RP-01,core_algorithmic_hotpath; other; app_api_misuse; raycasting_picking,measured; maintainer_confirmed; reporter_asserted; reporter_asserted,observed_cost; proposed_optimization; observed_cost; observed_cost,0,,"Request for a cheaper PBR material; long thread with Quest measurements showing MeshStandardMaterial fragment shading dominates, PMREM atlas sampling cost, and unnecessary background cubemap rendering.","FrostKiwi: ""Percentage Time Shading Fragments                      |           92.67"" || Mugen87: ""meaning face selection, uv projection, atlas addressing, seam handling, manual trilinear filtering"" || davehill00: ""I had set a background image (cube map, from a 32-bit EXR) on the scene, which was rendering behind the wall but not contributing anything to the final scene. So that's where all the extra cycles were"" || FrostKiwi: ""The Quest 3 CPU can't even pull the per-frame Raycasts on 50k Poly meshes without dropping frames hard"""
21727,https://github.com/mrdoob/three.js/issues/21727,npm run test fails on the latest Node.js,CLOSED,2021-04-26,2021-04-27,,other_nonperf,incidental,,0,,,,,0,,Unit test failure on Node 16 caused by global `performance` becoming defined while `self` is not; no performance content.,
21786,https://github.com/mrdoob/three.js/issues/21786,instanceColor attribute is not defined when InstancedMesh is populated asynchronously,CLOSED,2021-05-05,2023-07-17,Bug,correctness_bug,cause_asserted_unverified,,1,SPC-05,shader_program_compilation,maintainer_confirmed,hypothetical,0,,instanceColor added asynchronously doesn't trigger shader recompile; maintainer declines per-frame checking citing cost.,"Mugen87: ""it would be necessary to check each frame if colors are present or not. For performance reasons, I do not vote to do this"""
21819,https://github.com/mrdoob/three.js/issues/21819,poor performance with some gltf files,CLOSED,2021-05-12,2021-05-12,,perf_defect_report,cause_established,,1,TUD-02,texture_upload_decode,maintainer_confirmed,observed_cost,0,,"GLTFLoader cloned a texture per material/map because of a no-op KHR_texture_transform extension, creating 20 textures from 3, tanking FPS in the editor; worked around in #21821.","donmccurdy: ""so we preemptively clone the texture, but in this case the extension is doing nothing"""
21869,https://github.com/mrdoob/three.js/issues/21869,WebXRManager getCamera(),CLOSED,2021-05-21,2021-05-25,Question; Documentation,perf_question_or_help,duplicate,13173,0,,,,,0,,WebXRManager.getCamera() returns an ArrayCamera whose fov is never computed; maintainer says computing it per frame is avoided for performance.,
21911,https://github.com/mrdoob/three.js/issues/21911,MeshPhysicalMaterial transmission doesn't work correctly in WebXR immersive mode,CLOSED,2021-05-28,2021-08-26,Enhancement,correctness_bug,cause_asserted_unverified,,1,RTP-10,render_target_postprocessing,reporter_asserted,hypothetical,0,,"Transmission broken in WebXR immersive mode; multi-pass render-target approach doesn't handle stereo/AR camera, and transmission is noted as costly for VR.","""For VR, the performance is very important for better experience. But transmission is costly."""
21913,https://github.com/mrdoob/three.js/issues/21913,Transmission anti aliasing,CLOSED,2021-05-28,2021-06-05,Enhancement,correctness_bug,cause_asserted_unverified,,1,RTP-01,render_target_postprocessing,speculative,hypothetical,0,,Objects behind transmissive materials lose anti-aliasing because the transmission render target is not multisampled (WebGL1 limitation); discussion of full-size RT trade-off.,"For the quality, it should be good. But I'm not sure if it's good for the performance."
21979,https://github.com/mrdoob/three.js/issues/21979,Firefox poor performance / slow rendering: Tracking upstream issue,CLOSED,2021-06-12,2021-06-12,,perf_defect_report,cause_established,,1,DBD-01,device_browser_driver,upstream_bug,observed_cost,0,,"Meta issue documenting 2.4x-7.5x slower three.js rendering in Firefox on Linux, tracked to upstream Mozilla bug 1010527 about slow WebGL compositing.","""1010527 - WebGL composites slowly on Linux by default"" plus benchmark table showing 4-7x lower FPS in Firefox"
21980,https://github.com/mrdoob/three.js/issues/21980,logarithmicDepthBuffer causes Reflector to be rendered incorrectly,CLOSED,2021-06-12,2021-06-14,Enhancement,correctness_bug,incidental,,0,,,,,0,,Reflector renders incorrectly with logarithmicDepthBuffer because its shader lacks the logdepthbuf chunks; adding them fixed it.,
21982,https://github.com/mrdoob/three.js/issues/21982,InstancedMesh first two arguments are optional,CLOSED,2021-06-13,2021-06-18,Design,perf_feature_request,cause_established,,3,GBU-04; PFAG-07; CAH-02,geometry_buffer_updates; per_frame_allocation_gc; core_algorithmic_hotpath,maintainer_confirmed; reporter_asserted; maintainer_confirmed,hypothetical; observed_cost; proposed_optimization,0,,Debate over making InstancedMesh geometry/material optional; touches on buffer allocation and default Mesh construction costs.,"That'll result in uploading all the data every frame. The gpu doesn't let you expand buffers, you need to upload them again. || drcmda: ""these are just empty shells that the GC immediately takes out"" || Mugen87: ""we've agreed in the past to not do this for performance and code readability reasons"""
22009,https://github.com/mrdoob/three.js/issues/22009,Examples: webgl_loader_gltf_transmission issues,CLOSED,2021-06-17,2022-07-12,Addons,correctness_bug,cause_established,,2,RTP-02; RTP-16,render_target_postprocessing; render_target_postprocessing,measured; speculative,observed_cost; hypothetical,0,,Transmission example issues; incorrect normal passed to refraction function fixed. Discussion establishes cost of depth peeling and of a separate tonemapping pass.,"Mugen87: ""Applying gamma and tone mapping in an additional render pass was noticeably slower than doing it inline. In certain examples, performance dropped from 60 to 40 FPS when using a FP32 render target"" || is likely to involve rendering the model many times (""depth peeling"") so I would expect that to reduce performance"
22011,https://github.com/mrdoob/three.js/issues/22011,WebGLProgram: Make cacheKey human-readable,CLOSED,2021-06-17,2021-07-05,Suggestion,perf_feature_request,cause_asserted_unverified,,1,SPC-05,shader_program_compilation,speculative,hypothetical,0,,Request to make WebGLProgram cacheKey human-readable; rejected due to added overhead of maintaining two representations.,"Mugen87: ""Having two different representations of the same thing means more code and potentially additional overhead."""
22035,https://github.com/mrdoob/three.js/issues/22035,KTX2 support for threejs.com/editor,CLOSED,2021-06-22,2023-11-20,Loaders; Editor,perf_feature_request,incidental,,0,,,,,0,,"KTX2 support in the editor; export requires readable data, and outputting RGBA would lose GPU-compressed texture benefits.",
22069,https://github.com/mrdoob/three.js/issues/22069,WebXR VR Examples are broken since the v130 update on Oculus Quest 2,CLOSED,2021-07-01,2021-07-06,Regression,perf_regression_report,ruled_out_or_no_cause,,0,,,,,1,"Switching from XRWebGLLayer to XRWebGLBinding/XRProjectionLayer makes the framebuffer author-created, so the browser's built-in MSAA no longer applies, and EXT_multisampled_render_to_texture is not ex",r130 WebXR layers support broke Quest 2 examples (black screen) and lost antialiasing because XRProjectionLayer framebuffers are app-owned and the multisample extension isn't exposed in WebGL.,
22102,https://github.com/mrdoob/three.js/issues/22102,[Feature request] Add per-instance visibility support to InstanceMesh,CLOSED,2021-07-08,2021-07-12,Enhancement,perf_feature_request,cause_established,,2,IBL-04; RP-03,instancing_batching_limits; raycasting_picking,maintainer_confirmed; reporter_asserted,proposed_optimization; observed_cost,0,,"Request for per-instance visibility on InstancedMesh; maintainer notes an extra attribute wouldn't help, recommends sorting instances and shrinking count. Later comment reports raycast slowdown from infinity-translation hiding hack.","Mugen87: ""an additional instanced attribute that controls visibility will not improve the performance"" ... ""you can use the [count]... property to decrease the effective draw range"" || bergden: ""this hack started causing very severe performance issues when raycasting on the instancedMesh (much worse than when all instances are visible)"""
22167,https://github.com/mrdoob/three.js/issues/22167,FBXLoader: Unable to load animated mesh.,CLOSED,2021-07-22,2026-04-02,Bug; Loaders,correctness_bug,incidental,,0,,,,,0,,"FBXLoader mismatches mesh and bones for a given file; discussion mentions glTF being faster to parse, but no perf mechanism for the bug itself.",
22195,https://github.com/mrdoob/three.js/issues/22195,Updating Chrome browser to v92 from v86 results in very bad performance issue,CLOSED,2021-07-27,2021-08-03,Browser Issue,perf_regression_report,cause_asserted_unverified,,0,,,,,0,,"Chrome 92 causes large FPS drop vs v86 with many InstancedMesh objects; no repro provided, pointed at a Chromium VAO bug.",
22236,https://github.com/mrdoob/three.js/issues/22236,WebGLRenderer: fails to convert CubeCamera renderTarget to PMREM CubeUV format,CLOSED,2021-08-01,2022-01-05,Enhancement,perf_feature_request,cause_established,,2,RTP-07; TUD-04,render_target_postprocessing; texture_upload_decode,maintainer_confirmed; speculative,hypothetical; proposed_optimization,0,,"Render target textures from CubeCamera aren't auto-converted to PMREM CubeUV; regenerating PMREM per frame for dynamic cube cameras is prohibitively expensive, so dynamic env maps with Standard/Physical materials are impractical.","Mugen87: ""Processing dynamic cube maps with `PMREMGenerator` per frame does not work for performance reasons."" || elalish: ""switch the internal format of CubeUV from RGBE to HalfFloat, which should help performance. I believe the mip-chain alternative to PMREM deleted in #22234 will also work properly, but only with `HalfF"""
22242,https://github.com/mrdoob/three.js/issues/22242,Performance loss revision upgrade r130 -> r131,CLOSED,2021-08-02,2021-08-03,Regression,perf_regression_report,no_mechanism,,0,,,,,0,,Reporter measured FPS dropping from 30 to 8-10 between r130 and r131 with 8000 simple cube meshes; no mechanism was ever identified in the thread.,
22254,https://github.com/mrdoob/three.js/issues/22254,Bad performance and stutters on iOS when using lights + shadows,CLOSED,2021-08-03,2021-08-31,Device Issue,perf_defect_report,no_mechanism,,0,,,,,0,,"Stutter with lights+shadows on a 7th-gen iPad in Safari; not reproducible on other iPads, attributed to the device/browser and redirected to WebKit without a mechanism.",
22376,https://github.com/mrdoob/three.js/issues/22376,BatchedMesh: Proposal,CLOSED,2021-08-20,2023-11-21,Suggestion,perf_feature_request,cause_established,,9,DCO-01; GBU-06; SGS-03; AS-07; LUU-06; LUU-03; IBL-03; DBD-02; CASI-03,draw_call_overhead; geometry_buffer_updates; scene_graph_scale; animation_skinning; lights_uniforms_ubo; lights_uniforms_ubo; instancing_batching_limits; device_browser_driver; culling_and_spatial_index,measured; reporter_asserted; speculative; reporter_asserted; speculative; measured; speculative; upstream_bug; reporter_asserted,observed_cost; proposed_optimization; hypothetical; proposed_optimization; hypothetical; observed_cost; hypothetical; observed_cost; observed_cost,0,,"Proposal for a BatchedMesh API to cut draw-call overhead for many distinct static geometries sharing a material. Discussion covers WEBGL_multi_draw, uniform arrays vs DataTexture/UBO, CPU vertex baking, scene-graph proxy overhead, and culling tradeoffs; prototype measured 40fps vs 30fps. Landed in r159.","takahirox: ""40 fps (BatchedMesh) vs 30 fps (regular Mesh) on my Windows 10 Chrome."" || takahirox: ""you will no longer need to directly update positions in `setMatrixAt()` in CPU"" || donmccurdy: ""we're paying the full cost of the scene graph traversal"" || gkjohnson: ""4 bone weights and 4 bone indices are specified per vertex and the shader has to do 16 texture lookups"" || gkjohnson: ""mobile limitations (max UBO size, texture fetch performance)"" || RenaudRohlinger: ""Uniforms Array is by far the worst in performance. FPS drops by 50% or so vs Naive implementation"" || gkjohnson: ""will add complexity and unnecessary performance overhead"" || RenaudRohlinger: ""a bug was introduced in the latest version of Safari that reduces this limitation to 256"" || vegarringdal: ""frustum culling witch is really bad when I merge to much"""
22418,https://github.com/mrdoob/three.js/issues/22418,WebGLRenderer - use alpha: true by default,CLOSED,2021-08-25,2021-08-25,,perf_feature_request,cause_asserted_unverified,,1,DBD-13,device_browser_driver,speculative,hypothetical,0,,Request to default WebGLRenderer to alpha:true because MDN/WebGL best practices say alpha:false requires emulating RGB on an RGBA backbuffer; maintainers declined without measurements and noted blending output changes.,"arpu: ""Emulating RGB-on-RGBA has real overhead, regardless of implementation approach."""
22490,https://github.com/mrdoob/three.js/issues/22490,Performance problems on Chrome with simple scenes,CLOSED,2021-09-03,2021-09-03,,perf_defect_report,cause_established,,1,DBD-03,device_browser_driver,maintainer_confirmed,observed_cost,0,,"Low FPS / dropped frames on skinning examples in Chrome; traces showed no three.js hotspot and the same behaviour reproduced in BabylonJS, so the cost lies outside three.js (browser/driver).","Mugen87: ""Especially the long pauses in the second trace look unrelated to `three.js`."""
22517,https://github.com/mrdoob/three.js/issues/22517,Significant slowdown from r0.127.0 to r.0.128.0,CLOSED,2021-09-09,2021-09-10,,perf_regression_report,no_mechanism,,0,,,,,0,,"App-level slowdown bisected to r128 in a react-three-fiber app; closed for lack of a minimal reproduction, no mechanism identified.",
22530,https://github.com/mrdoob/three.js/issues/22530,WebGLRenderer: Use faster program cache key computation.,CLOSED,2021-09-11,2021-12-30,Suggestion; Needs Investigation,perf_defect_report,cause_established,,3,SPC-05; PFAG-03; MWU-01,shader_program_compilation; per_frame_allocation_gc; matrix_world_updates,reporter_asserted; speculative; measured,observed_cost; hypothetical; observed_cost,1,"console.log in the render path with devtools open, plus profiler-induced deoptimization, inflated the apparent cost of getProgramCacheKey","getProgramCacheKey dominated profiles: it builds an array of strings and joins them, generating garbage, and since r129 (removal of material skinning/vertexTangents flags) it is invoked once or more per mesh per frame via needsProgramChange. Optimized in #22960/#23022; profiler distortion also inflated the original numbers.","""getProgramCacheKey` takes up close to 20% of the entire time""; ""68.5**% of the garbage"" || Usnul: ""it will cause a lot of heap fragmentation and will make GC pauses longer in general"" — asserted by non-maintainer, GC pause effect not measured || gonnavis: ""getProgramCacheKeyTime: 0.10 updateMatrixWorldTime: 21.00"""
22579,https://github.com/mrdoob/three.js/issues/22579,SSR Pass only reflection on the floor working in Firefox and chrome ,CLOSED,2021-09-24,2022-10-15,Addons,correctness_bug,ruled_out_or_no_cause,,0,,,,,1,"ANGLE/GPU driver miscompiles or mishandles the SSR fragment shader loop, producing black/flickering output; switching ANGLE backend fixes it","SSRPass reflections missing on certain GPU/driver combos; traced to ANGLE/driver shader bug, fixed by driver update or changing ANGLE backend.",
22628,https://github.com/mrdoob/three.js/issues/22628,gltf geometry corrupted on Safari 15,CLOSED,2021-10-02,2021-10-07,Browser Issue; Needs Investigation,correctness_bug,incidental,,0,,,,,0,,Corrupted glTF geometry on Safari 15 with Radeon Pro GPUs; tracked as a WebKit bug.,
22634,https://github.com/mrdoob/three.js/issues/22634,CSS2DRenderer / CSS3DRenderer: allow usage of existing DOM element,CLOSED,2021-10-04,2021-10-04,Suggestion,perf_feature_request,no_mechanism,,0,,,,,0,,Request to let CSS2D/3DRenderer use an existing DOM element; performance benefit asserted without mechanism.,
22652,https://github.com/mrdoob/three.js/issues/22652,"Textures in gLTF sometimes display black, but only on iOS",CLOSED,2021-10-07,2021-12-24,Device Issue,perf_defect_report,cause_established,,2,TUD-11; MLD-05,texture_upload_decode; memory_leak_disposal,measured; reporter_asserted,observed_cost; observed_cost,0,,Textures go black on iOS due to ImageBitmap memory not being freed; workaround is disabling createImageBitmap on iOS.,"donmccurdy: ""There seems to be a threshold around 250 MB"" and ""exactly 10 textures will load, exactly 5 will fail""; niklasramo: ""2, 5, 5, 4, 5"" || bzztbomb: ""you must call `.close` on the `ImageBitmap` instance"" ... ""The GC of the ImageBitmap isn't enough to free the resources it has (on iOS)."""
22659,https://github.com/mrdoob/three.js/issues/22659,Performance issues between release 125 and 133,CLOSED,2021-10-08,2021-10-14,,perf_regression_report,cause_established,,1,AAM-09,app_api_misuse,reporter_asserted,observed_cost,0,,"Reported 2-3x slowdown between r125 and r133 turned out to be Babel transpiling three.js to ES5, preventing V8 optimisation of updateMatrixWorld/projectObject.","""Babel transpiles the code onto es5 and performance is 6 times slower. From a renderloop of 5ms to 26fps."""
22673,https://github.com/mrdoob/three.js/issues/22673,Performance drop using correct sRGBEncoding for scene.environment cubemap,CLOSED,2021-10-12,2021-10-12,Duplicate,perf_defect_report,duplicate,22631,0,,,,,0,,"Frame hitch when setting sRGBEncoding on an environment cubemap; duplicate of #22631, caused by SRGB8_ALPHA8 texture upload overhead on Windows/Chrome.",
22696,https://github.com/mrdoob/three.js/issues/22696,gl.compile doesn't work for off screen objects,CLOSED,2021-10-15,2021-10-26,Suggestion,perf_question_or_help,cause_established,,1,TUD-08,texture_upload_decode,maintainer_confirmed,observed_cost,0,,"compile() only precompiles shaders, so first-scroll jank came from texture uploads happening lazily on first render.","Mugen87: ""only pre-compiles shaders but does not actually render items. So there are no uniform updates nor texture uploads."" — reporter's profile screenshot confirms ""it was indeed the texture upload that created lag on first scroll"""
22700,https://github.com/mrdoob/three.js/issues/22700,r133 getProgramInfoLog performance issue,CLOSED,2021-10-18,2021-10-21,Duplicate,perf_regression_report,duplicate,,0,,,,,0,,r133 first-frame slowdown attributed to getProgramInfoLog was actually blocking texImage2D for sRGB textures under WebGL2 (#22631).,
22717,https://github.com/mrdoob/three.js/issues/22717,Geometry shaders,CLOSED,2021-10-21,2021-10-21,,perf_feature_request,no_mechanism,,0,,,,,0,,Request for mesh/geometry shaders for automatic LOD; not possible in WebGL/WebGPU.,
22736,https://github.com/mrdoob/three.js/issues/22736,CurvePath getLengths() not updating,CLOSED,2021-10-27,2021-10-28,Documentation,perf_question_or_help,cause_established,,1,AAM-04,app_api_misuse,maintainer_confirmed,hypothetical,0,,CurvePath.updateArcLengths() doesn't recurse into child curves by design; recursing would be too expensive. Resolved as documentation clarification.,"Mugen87: ""Hence it has to update all of them which is bad for performance."""
22758,https://github.com/mrdoob/three.js/issues/22758,10x shader compilation time regression from r132 to r133 (Windows),CLOSED,2021-10-29,2021-11-10,Browser Issue; Regression,perf_regression_report,cause_established,,1,TUD-06,texture_upload_decode,measured,observed_cost,0,,"Switching sRGB textures to SRGB8_ALPHA8 internal format in r133 triggered a driver/browser pathological path on Windows, making texture upload/mipmap generation (surfacing as long getProgramInfoLog/gl call stalls) ~10x slower. Fixed by reverting SRGB8_ALPHA8 usage (#22759) pending Chromium bug 1256340.","""Then load times are instantly better (though the scene is predictably washed out.)"" plus profiles showing ~500ms vs ~5 seconds"
22779,https://github.com/mrdoob/three.js/issues/22779,WebGL2: Asynchronous Readback with PIXEL_PACK_BUFFERs,CLOSED,2021-11-02,2024-05-07,Enhancement,perf_feature_request,cause_asserted_unverified,,1,CGSS-01,cpu_gpu_sync_stall,reporter_asserted,observed_cost,0,,Request for asynchronous readback via PIXEL_PACK_BUFFER because readRenderTargetPixels forces a GPU sync stall costing tens of ms per call.,"body: ""waits for a sync with the GPU before the download starts, costing tens of milliseconds per-call"""
22785,https://github.com/mrdoob/three.js/issues/22785,Extremely slow performance with specific file,CLOSED,2021-11-04,2021-11-05,Duplicate,perf_defect_report,duplicate,22758,0,,,,,0,,Asset with many materials sharing one sRGB texture hangs the browser; closed as duplicate of #22758 (SRGB8_ALPHA8 + repeated texture upload per material).,
22803,https://github.com/mrdoob/three.js/issues/22803,generateUUID() is slow after the introduction of crypto.randomUUID(),CLOSED,2021-11-09,2021-11-09,Regression,perf_regression_report,cause_established,,1,CAH-08,core_algorithmic_hotpath,measured,observed_cost,0,,"MathUtils.generateUUID switched to crypto.randomUUID(), which is ~97% slower in benchmarks and dominated object creation during parsing; change was reverted.","body: ""we're seing `generateUUID()` being a significant factor (20-40%) of the time setting up ThreeJS Meshes"" plus jsbench link showing ""97% slower""; Mugen87: ""Since `crypto.randomUUID()` is actually that much slower, it's probably better to revert."""
22814,https://github.com/mrdoob/three.js/issues/22814,Unmuting video's causing performance issues on iOS,CLOSED,2021-11-10,2021-11-10,,perf_defect_report,no_mechanism,,0,,,,,0,,Video textures stutter on iOS Safari after unmuting; redirected to WebKit bug tracker with no mechanism identified.,
22823,https://github.com/mrdoob/three.js/issues/22823,ArcballControls is using .clone() unnecessarily,CLOSED,2021-11-12,2023-05-19,Addons,perf_defect_report,cause_established,,1,PFAG-01,per_frame_allocation_gc,reporter_asserted,proposed_optimization,0,,"ArcballControls allocates new objects via .clone() and returns new objects from helper methods on every mouse move, violating three.js reuse convention; refactor abandoned as too risky.","Mugen87: ""certain methods like `calculateRotationAxis()` or `getCursorNDC()` return new objects""; WestLangley: ""Every time the mouse moves."""
22841,https://github.com/mrdoob/three.js/issues/22841,Critical performance issue even though scene doesn't have a lot of objects. ,CLOSED,2021-11-16,2021-11-16,,perf_defect_report,no_mechanism,,0,,,,,0,,"Reporter saw render() take 500-600ms when one extra cabinet object was added; closed by reporter because the repro didn't work, no mechanism identified.",
22849,https://github.com/mrdoob/three.js/issues/22849,Adding GLSL style swizzling to vectors,CLOSED,2021-11-16,2021-11-26,Suggestion,perf_feature_request,cause_established,,1,PFAG-01,per_frame_allocation_gc,maintainer_confirmed,hypothetical,0,,Proposal for GLSL-style swizzle getters on vectors rejected partly because each getter must allocate a new Vector instance per access.,"Mugen87: ""You also allocate a new vector instance in your getters at every call which is a no-go in context of performance."""
22892,https://github.com/mrdoob/three.js/issues/22892,Enable usage of SRGB8_ALPHA8,CLOSED,2021-11-26,2021-12-03,Enhancement,meta_or_audit,cause_established,,1,TUD-06,texture_upload_decode,upstream_bug,observed_cost,0,,Tracking issue to re-enable SRGB8_ALPHA8 once the Chromium sRGB decode performance bug is fixed or texStorage2D is adopted.,"""performance issues while decoding sRGB textures under Windows"" linked to Chromium Issue 1256340"
23019,https://github.com/mrdoob/three.js/issues/23019,Transparent objects brighten when using gammacorrectionshader,CLOSED,2021-12-14,2023-06-28,Enhancement; Post-processing,correctness_bug,cause_established,,2,RTP-02; RTP-04,render_target_postprocessing; render_target_postprocessing,measured; maintainer_confirmed,observed_cost; observed_cost,0,,"Transparent objects blend incorrectly because sRGB encoding/tone mapping is done inline in material shaders before blending; the correct fix (separate post-processing pass with half-float render target) was measured to cost significant FPS, so inline remained default.","""RGBA8 ->47 FPS"" ... ""FP16 -> 45 FPS"" ... ""FP32 -> 39 FPS""; ""Examples that used to run at 60 FPS on my iMac now run at approx. 40 FPS."" || bhouston: ""many mobile devices simply didn't have enough memory to handle it properly"" and ""Just using that much memory could slow things down a lot, even without considering the separate pass."""
23063,https://github.com/mrdoob/three.js/issues/23063,MorphTargets - morphTargetInfluences in Safari not transforming mesh object,CLOSED,2021-12-21,2022-04-08,Device Issue,correctness_bug,incidental,,0,,,,,0,,"Morph target influences render incorrectly in Safari on Intel Macs; traced to a Safari/driver bug, triggered by antialias:true context. No performance content.",
23106,https://github.com/mrdoob/three.js/issues/23106,Performance Regression: `getProgram` & `getProgramCacheKey` been called too many times.,CLOSED,2021-12-28,2021-12-28,Duplicate,perf_regression_report,duplicate,,0,,,,,0,,getProgram/getProgramCacheKey called many more times per frame in r135 vs r129; closed as duplicate of #22530.,
23195,https://github.com/mrdoob/three.js/issues/23195,webgl_instancing_performance naive performs better,CLOSED,2022-01-10,2022-01-11,Browser Issue,perf_defect_report,cause_established,,1,DBD-16,device_browser_driver,upstream_bug,observed_cost,0,,In the instancing_performance example the naive path outran instancing on macOS Chrome; attributed to a known Chromium mac bug (crbug.com/1245448).,"Mugen87: ""The Chromium issue states this happens only on mac."""
23251,https://github.com/mrdoob/three.js/issues/23251,outputEncoding not handled correctly when using sRGB render target in WebGL2,CLOSED,2022-01-17,2022-01-17,Bug,correctness_bug,cause_asserted_unverified,,2,RTP-08; RTP-04,render_target_postprocessing; render_target_postprocessing,maintainer_confirmed; speculative,proposed_optimization; hypothetical,0,,sRGB render targets got double-encoded (inline shader encode plus hardware); side discussion on the cost of repeated sRGB encode/decode and half-float buffers in FX chains.,"Mugen87: ""This encoding/decoding overhead is waste from my point of view."" || vanruesc: ""it requires `HalfFloatType` buffers to avoid banding which can have an impact on performance"""
23408,https://github.com/mrdoob/three.js/issues/23408,"Setting Material.blending to ""CustomBlending"" no longer works blends as expected",CLOSED,2022-02-02,2022-02-04,Regression,perf_regression_report,cause_established,,2,DBD-13; TS-03,device_browser_driver; transparency_sorting,maintainer_confirmed; speculative,observed_cost; proposed_optimization,0,,"CustomBlending with opacity broke in r137 due to #23361 forcing gl_FragColor.a = 1.0 for non-transparent materials; that change existed because always using an RGBA default framebuffer (alpha:true) avoids browser emulation of alpha:false, a large perf win.","mrdoob: ""apparently many systems do not create a webgl context with `alpha: false` so the browser has to emulate it""; Mugen87: ""always having a RGBA default framebuffer introduced the performance benefit"" || gkjohnson: ""my understanding is that theres a performance impact when enabling blending"""
23493,https://github.com/mrdoob/three.js/issues/23493,Any PolyhedronGeometry tanks the GPU,CLOSED,2022-02-14,2022-02-14,,perf_defect_report,no_mechanism,,0,,,,,0,,"Reporter sees ~5FPS with PolyhedronGeometry-based InstancedMesh on Chrome/2016 MacBook only; closed for lack of a minimal reproduction, no mechanism identified.",
23550,https://github.com/mrdoob/three.js/issues/23550,WebGL2 asynchronous readback implementation.,CLOSED,2022-02-21,2022-02-22,Enhancement,perf_feature_request,duplicate,22779,0,,,,,0,,Request for WebGL2 async readback (PIXEL_PACK_BUFFER + fences) because blocking gl.readPixels stalls the pipeline; closed as duplicate of #22779.,
23604,https://github.com/mrdoob/three.js/issues/23604,Multisampling effectively disables Depth Texture,CLOSED,2022-02-27,2022-02-28,Regression,correctness_bug,cause_established,,0,,,,,0,,Depth texture empty on multisampled render targets because depth is invalidated during the multisample blit—an intentional WebXR performance optimization whose opt-out flag was lost in r138.,
23614,https://github.com/mrdoob/three.js/issues/23614,Roadmap for a color-managed workflow in three.js,CLOSED,2022-02-28,2023-07-23,Enhancement; Design,meta_or_audit,cause_asserted_unverified,,1,RTP-02,render_target_postprocessing,reporter_asserted,proposed_optimization,0,,Roadmap tracking issue for color-managed workflow. Performance is only mentioned in passing: applying the sRGB OETF in a separate render target pass is described as costly.,"""Currently we have the option of applying the OETF in a render target (which is costly), or at the end of each fragment shader during initial rendering"""
23649,https://github.com/mrdoob/three.js/issues/23649,Unstable shadows since r138 ,CLOSED,2022-03-03,2022-03-03,Regression,perf_regression_report,cause_established,,1,SM-06,shadow_maps,maintainer_confirmed,observed_cost,0,,"Shadows became unstable (and a perf regression in skinning example appeared) after r138; bisected to PR #23559, reverting fixes both, but no explanation of the mechanism.","Mugen87: ""I've also noticed a performance regression in `webgl_animation_skinning_blending` on my iMac. Reverting the PR solves this issue, too."""
23670,https://github.com/mrdoob/three.js/issues/23670,Implement Bounding Boxes in Groups to improve the frustum culling performance.,CLOSED,2022-03-07,2022-03-10,,perf_feature_request,cause_asserted_unverified,,1,CASI-04,culling_and_spatial_index,reporter_asserted,proposed_optimization,0,,"Request for hierarchical bounding volumes on Group so frustum culling can skip whole subtrees; maintainer declined, suggesting app-level BVH/spatial structures.","""if you have a scene with 100 groups of 10 meshes each, with the actual way there are performed a 1000 of checks"""
23688,https://github.com/mrdoob/three.js/issues/23688,After calling WebGLRenderer.resetState() subsequent render does not setup VertexAttributes,CLOSED,2022-03-09,2022-03-10,,correctness_bug,incidental,,0,,,,,0,,resetState() doesn't reset cached vertex attribute state when sharing a WebGL context; the only workaround (recreating scene each frame) is noted as bad for performance.,
23711,https://github.com/mrdoob/three.js/issues/23711,Wierd behaviour of single MorphTarget.position record on large buffer geometry,CLOSED,2022-03-12,2022-03-15,Device Issue,correctness_bug,ruled_out_or_no_cause,,0,,,,,2,"WebGL2 texture-based morph target code path produces incorrect rendering on certain GPU drivers; switching to WebGL1Renderer avoids it || Browser/driver bug in handling the morph-attribute data texture path, reproduced by a maintainer and filed upstream with Chromium",Morph target data stored in a large data texture (WebGL2 texture-based morph path) renders with glitches on certain Windows/Android GPUs; maintainer reproduced and filed a Chromium/driver bug. Workaround: use WebGL1Renderer. Rendering correctness rather than runtime cost.,
23803,https://github.com/mrdoob/three.js/issues/23803,Reconsider removal of inline sRGB decode,CLOSED,2022-03-28,2022-11-21,Suggestion,perf_feature_request,cause_asserted_unverified,,2,TUD-16; TUD-06,texture_upload_decode; texture_upload_decode,reporter_asserted; speculative,observed_cost; hypothetical,0,,"Request to restore inline sRGB decode for WebGL1; discussion of CPU-side sRGB->linear conversion cost/precision and EXT_sRGB disabling mipmaps, plus concerns about video texture upload fast paths with sRGB internal formats.","body: ""or a costly CPU-side conversion if not"" || tangobravo: ""it wouldn't surprise me if many browsers only have a hardware fast path implemented for RGBA formats"""
23821,https://github.com/mrdoob/three.js/issues/23821,WebGL1Renderer now faster than WebGLRenderer after browser update,CLOSED,2022-03-31,2022-04-01,Browser Issue,perf_regression_report,cause_established,,1,DBD-01,device_browser_driver,reporter_asserted,observed_cost,0,,"Chromium 100 on macOS/AMD Radeon regressed WebGL2 performance (59fps -> 14fps) while WebGL1 stayed fast; reproduced across Brave and Chrome, not Firefox/Safari. Closed as browser issue.","""from 59 fps to 14-15 fps""; ""Changed WebGLRenderer to WebGL1Renderer: got speed back!"""
23929,https://github.com/mrdoob/three.js/issues/23929,Check exist image in texture before export,CLOSED,2022-04-22,2022-04-22,,perf_feature_request,incidental,,0,,,,,0,,Request for null-image validation checks in texture export; declined partly citing performance/readability cost of validation code.,
23951,https://github.com/mrdoob/three.js/issues/23951,OBJExporter (also PLY and STL): Support for deformable meshes (skins & morphs),CLOSED,2022-04-26,2026-05-23,Enhancement,perf_feature_request,cause_established,,2,AS-08; LPC-02,animation_skinning; loader_parse_cost,reporter_asserted; maintainer_confirmed,proposed_optimization; hypothetical,0,,Request for exporters to bake skinning/morphs; discussion of memory/CPU cost of cloning scenes vs computing morphed attributes; resolved by recommending three-mesh-bvh StaticGeometryGenerator.,"gkjohnson: ""designed to update a provided geometry in place to avoid the memory and performance overhead of creating a new object every run"" || donmccurdy: ""serializing it all to ASCII strings for OBJ or PLY, are going to greatly outweigh the cost of shallow-cloning the wrapping objects"""
24039,https://github.com/mrdoob/three.js/issues/24039,Materials take care of needsUpdate by itself,CLOSED,2022-05-10,2022-05-10,,perf_feature_request,cause_asserted_unverified,,1,SPC-05,shader_program_compilation,speculative,hypothetical,0,,Proposal for materials to manage needsUpdate internally; rejected because internal state tracking (version counters on property setters) adds per-property overhead.,"Mugen87: ""This kind of logic always comes with an overhead which can be produce performance issues in certain use cases."""
24082,https://github.com/mrdoob/three.js/issues/24082,[Suggestion] Replace EventDispatcher with native EventTarget and CustomEvents,CLOSED,2022-05-18,2022-05-18,,perf_feature_request,cause_established,,1,CAH-22,core_algorithmic_hotpath,measured,observed_cost,0,,Proposal to replace EventDispatcher with native EventTarget/CustomEvent; rejected because native dispatch benchmarks ~10-20x slower than three's dispatcher.,"""native dispatch: 2.988037109375 ms"" vs ""three dispatch: 0.47705078125 ms""; LeviPesin: ""Three is still about 20 times faster than native on Chrome.""; mrdoob: ""10x here too"""
24093,https://github.com/mrdoob/three.js/issues/24093,"Core: Switch to Object.defineProperty( this, 'is*', { value: true } );",CLOSED,2022-05-20,2022-05-20,,perf_question_or_help,cause_established,,1,CAH-01,core_algorithmic_hotpath,maintainer_confirmed,observed_cost,0,,Suggestion to define is* flags via Object.defineProperty; rejected referencing a prior issue where defineProperty was slow; also note that public class fields use defineProperty internally.,"marcofugaro: ""we used `Object.defineProperty()` in the past but turns out it was slow."""
24112,https://github.com/mrdoob/three.js/issues/24112,"new THREE.Vector3(0, 0, 0).angleTo(new THREE.Vector3(0, 0, 0)) should be undefined",CLOSED,2022-05-23,2022-05-24,,perf_question_or_help,incidental,,0,,,,,0,,angleTo of zero vectors returns PI/2; answered that three.js deliberately skips input validation for performance reasons.,
24128,https://github.com/mrdoob/three.js/issues/24128,Can scene data be added when compiling materials,CLOSED,2022-05-25,2022-05-26,,perf_feature_request,cause_asserted_unverified,,1,SPC-01,shader_program_compilation,speculative,hypothetical,0,,Request to pass scene into material compile hooks; user asserts using onBeforeRender to attach envMap causes repeated shader recompilation because envMap type changes inject different #defines.,"""it is likely that the shader will be recompiled due to different types, which will greatly affect the performance"""
24167,https://github.com/mrdoob/three.js/issues/24167,isVector3  is present when serializing Vector3,CLOSED,2022-06-01,2022-06-01,Duplicate,perf_question_or_help,duplicate,24093,0,,,,,0,,"Closed as duplicate of #24093, but thread contains measurements: adding a custom toJSON to Vector3 slows JSON.stringify ~20%, per-instance isVector3 adds ~10MB per million vectors, getters/defineProperty are slower; concludes typed arrays outperform Vector3 arrays.",
24199,https://github.com/mrdoob/three.js/issues/24199,Making 'three' tree-shakeable,CLOSED,2022-06-07,2022-12-06,Enhancement,perf_feature_request,cause_established,,6,BSLT-01; O-12; BSLT-03; BSLT-05; SPC-14; BSLT-02,bundle_size_load_time; other; bundle_size_load_time; bundle_size_load_time; shader_program_compilation; bundle_size_load_time,reporter_asserted; speculative; maintainer_confirmed; maintainer_confirmed; reporter_asserted; maintainer_confirmed,observed_cost; hypothetical; observed_cost; observed_cost; observed_cost; observed_cost,0,,"Long thread on making the 'three' npm package tree-shakeable. Contributors enumerate concrete module-level side effects (ShaderLib/UniformsLib object literals, MathUtils _lut loop, DataUtils tables, ObjectLoader Geometries namespace, Material.fromType, Materials.js re-exports, static class properties and .prototype.* assignments outside class bodies, __THREE_DEVTOOLS__/window.__THREE__ globals) that force bundlers to retain the entire dependency graph, inflating bundle size (~420kb-1MB) and load-time evaluation. Also documented: `instanceof` defeats tree-shaking (hence .isFoo flags), webpack cannot tree-shake static class properties, and a flat bundle has no module boundaries so `sideEffects: false` barely helps. Largely closed as wontfix/workaround since splitting the ShaderChunk `#include <...>` namespace would be a huge breaking change.","pschroen: ""`ShaderLib.js`, `UniformsLib.js` and `ShaderChunk.js` are also side-effects"" || pschroen: ""I'd imagine this would improve load time, and also reduce memory usage a little as well."" || marcofugaro: ""Yup, it will be included. This is the reason three switched to `.is*`"" || marcofugaro: ""Webpack has no support for tree-shaking static class properties"" || pschroen: ""the entire shader system of three.js is built around these [includes]"" || lukastaegert: ""It just does not make a lot of difference for a flat bundle. As soon as you import anything, all side effects are included."""
24220,https://github.com/mrdoob/three.js/issues/24220,Three.js is slower than zen-3d,CLOSED,2022-06-09,2022-06-11,,perf_defect_report,cause_established,,1,RTP-07,render_target_postprocessing,maintainer_confirmed,observed_cost,0,,Claim that three.js ocean/sky demo is slower than zen-3d; maintainer found the comparison fiddle did unnecessary per-frame work.,"Mugen87: ""you generate an environment map via `PMREMGenerator` per frame (!) which is not used at all"""
24331,https://github.com/mrdoob/three.js/issues/24331,"The ""LineSegments"" object suffered a 1000% performance worsening after version 0.117.0 (problem also present in r142)",CLOSED,2022-07-09,2022-07-09,Duplicate,perf_regression_report,duplicate,,0,,,,,0,,"LineSegments with 400k segments much slower since r118; cause is the switch to a WebGL2 context by default, tied to a Chromium bug.",
24416,https://github.com/mrdoob/three.js/issues/24416,FBXLoader: Fbx Models containing .tif-format textures do not work,CLOSED,2022-08-02,2022-08-02,,perf_question_or_help,incidental,,0,,,,,0,,Request for TIFF texture support in FBXLoader; performance only mentioned in passing as an unknown.,
24451,https://github.com/mrdoob/three.js/issues/24451,WebGLShaderCache poor performance,OPEN,2022-08-05,,Suggestion,perf_defect_report,cause_established,,1,SPC-05,shader_program_compilation,reporter_asserted,observed_cost,1,computing a hash of the shader source per lookup is itself slower than the full-text map lookup,"WebGLShaderCache uses full shader source strings as Map keys and does has()+get() double lookups per object per frame, costing measurable time.","body: ""performs several lookups per frame, causing noticeably poor performance"""
24521,https://github.com/mrdoob/three.js/issues/24521,Avoid multiple calls to scene.updateMatrixWorld() when scene.autoUpdate is used with multiple renders.,CLOSED,2022-08-22,2022-08-23,,perf_feature_request,cause_established,,1,MWU-01,matrix_world_updates,maintainer_confirmed,proposed_optimization,0,,Using multiple renderers on one scene causes scene.updateMatrixWorld() to traverse the whole graph once per render call; workaround is to disable autoUpdate and update manually.,"Mugen87: ""the engine automatically performs updates no matter if the update is necessary or not (since there is no caching or dirty flags in place)"""
24581,https://github.com/mrdoob/three.js/issues/24581,Add support for space warp in WebXR,OPEN,2022-09-01,,Enhancement; WebXR,perf_feature_request,no_mechanism,,0,,,,,0,,Request to support Oculus Space Warp so WebXR apps can render at half frame rate; no mechanism of three.js cost identified.,
24618,https://github.com/mrdoob/three.js/issues/24618,renderer.setPixelRatio(window.devicePixelRatio); should be default,CLOSED,2022-09-09,2022-09-10,Question,perf_question_or_help,cause_established,,1,DBD-11,device_browser_driver,maintainer_confirmed,hypothetical,0,,Question why setPixelRatio(devicePixelRatio) isn't default; answer is that native resolution costs fill rate on many devices.,"Mugen87: ""On certain devices rendering in the native resolution can quickly downgrade performance."""
24621,https://github.com/mrdoob/three.js/issues/24621,mergeVertices truncates coordinates which misses some neighbors,CLOSED,2022-09-10,2023-09-13,,correctness_bug,cause_established,,1,CAH-26,core_algorithmic_hotpath,reporter_asserted,observed_cost,0,,mergeVertices truncates coordinates when hashing; discussion explains truncation binning was chosen for performance vs O(n log n)/spatial-index alternatives.,"erasta: ""Can report that @gkjohnson's truncating method is x6 times faster than using Octree."""
24635,https://github.com/mrdoob/three.js/issues/24635,LDrawLoader: Incorrect normals in function smoothNormals,CLOSED,2022-09-13,2026-04-15,Bug; Loaders,correctness_bug,cause_established,,1,FOR-02,fillrate_overdraw_resolution,maintainer_confirmed,hypothetical,0,,LDrawLoader smoothNormals produces bad normals for duplicated double-sided faces; workaround of using DoubleSide material noted as a perf risk.,"gkjohnson: ""Enabling double sided rendering always can have big performance implications and cause undesirable artifacts in some rendering scenarios."""
24657,https://github.com/mrdoob/three.js/issues/24657,Fix `Uncaught TypeError: (intermediate value).now is not a function` on clock.getDelta(),CLOSED,2022-09-17,2022-09-17,Help (please use the forum),other_nonperf,incidental,,0,,,,,0,,"User overwrote the global `performance` object in their own page, breaking Clock.getDelta(); not a performance topic.",
24711,https://github.com/mrdoob/three.js/issues/24711,Option to disable two-pass rendering of transparent objects,CLOSED,2022-09-29,2022-12-22,Enhancement,perf_feature_request,cause_established,,1,TS-03,transparency_sorting,maintainer_confirmed,hypothetical,0,,Request to make the hardcoded two-pass rendering of double-sided transparent materials optional; it causes artifacts and extra cost for some users. Resolved by adding a THREE.TwoPassDoubleSide side constant.,"Mugen87: ""the two-pass rendering introduces performance issues for certain users"""
24727,https://github.com/mrdoob/three.js/issues/24727,Documentation: Add a warning when raycasting on the same frame than a change in position/scale/rotation.,CLOSED,2022-10-02,2022-10-03,,perf_question_or_help,cause_established,,1,MWU-05,matrix_world_updates,speculative,hypothetical,0,,Doc warning request about raycasting in the same frame as transform changes; discussion notes that auto-updating world matrices per raycast would be costly. Closed in favor of #24736.,"gkjohnson: ""Updating matrix transforms every time a raycast is performed, which can many times per frame, is incredibly performance prohibitive."""
24736,https://github.com/mrdoob/three.js/issues/24736,Raycasting: Ensure that world matrices are up-to-date ,CLOSED,2022-10-03,2026-06-19,Suggestion,correctness_bug,cause_asserted_unverified,,2,MWU-05; MWU-01,matrix_world_updates; matrix_world_updates,speculative; speculative,hypothetical; hypothetical,0,,Raycasting against stale world matrices; proposals to auto-update matrices were rejected because of cost and incompleteness. Merged into #21387.,"Mugen87: ""is potentially a huge waste since the world matrix might already be up-to-date"" — hedged with 'potentially', no measurement || AxiomeCG: ""It updates even objects that did not moved, scaled or rotated on the previous frame. I think a lot of perf are wasted here."" — hedged 'I think', non-maintainer"
24743,https://github.com/mrdoob/three.js/issues/24743,"WebGLRenderer should be recomputing on each frame only the subtrees that are dirty, not the whole scene",CLOSED,2022-10-04,2022-10-04,Duplicate,perf_feature_request,duplicate,,0,,,,,0,,Request that the renderer only update dirty subtrees instead of the whole scene graph each frame; closed as duplicate of #21387.,
24826,https://github.com/mrdoob/three.js/issues/24826,[WebXR] WebXRController doesn't initiate joints when controller connected,CLOSED,2022-10-21,2022-11-05,,correctness_bug,incidental,,0,,,,,0,,WebXRController does not populate hand.joints until first update; fix populates them on 'connected'. Polling in update was noted as worse for performance.,
24860,https://github.com/mrdoob/three.js/issues/24860,Put `samples` next to `pause` control inside gui,CLOSED,2022-10-27,2022-10-28,Suggestion; Addons,other_nonperf,incidental,,0,,,,,0,,UI layout suggestion for the pathtracer example GUI; 'performance' appears only in a linked example filename.,
24870,https://github.com/mrdoob/three.js/issues/24870,'ONLY_MODULE' is not recognized as an internal or external command in windows,CLOSED,2022-10-30,2022-11-07,,other_nonperf,incidental,,0,,,,,0,,"Windows env-var issue with the build-module npm script; brief aside about build script speed, no three.js runtime performance content.",
24980,https://github.com/mrdoob/three.js/issues/24980,WebComponent ThreeJS,CLOSED,2022-11-18,2022-11-18,,perf_question_or_help,incidental,,0,,,,,0,,"Proposal to add a Web Components wrapper example; declined as out of scope, with a remark that Web Component wrappers carry higher overhead than React/Svelte wrappers.",
24984,https://github.com/mrdoob/three.js/issues/24984,Offloading the Hosting and Maintenance of the Non-English Docs,CLOSED,2022-11-19,2026-07-10,Documentation; Manual,meta_or_audit,incidental,,0,,,,,0,,"Meta discussion about offloading non-English docs and moving to JSDoc; only mention of performance is about JSDoc tool speed, not three.js runtime.",
25054,https://github.com/mrdoob/three.js/issues/25054,Feature: Add the OpenSSF Scorecard GitHub Action,CLOSED,2022-12-01,2023-01-30,Suggestion,other_nonperf,incidental,,0,,,,,0,,"Request to add OpenSSF Scorecard GitHub Action; security/tooling discussion, no performance content beyond an offhand mention of 'performance vulnerabilities'.",
25078,https://github.com/mrdoob/three.js/issues/25078,From InstancedMesh to more generic Instances,OPEN,2022-12-04,,Suggestion,perf_feature_request,cause_asserted_unverified,,2,AS-05; IBL-06,animation_skinning; instancing_batching_limits,reporter_asserted; reporter_asserted,observed_cost; proposed_optimization,0,,"Proposal for a generic Instances API beyond InstancedMesh, to allow GPU instancing of SkinnedMesh/Line/Points; comment asserts skinning animation/matrix cost dominates draw-call cost.","Fyrestar: ""The most expensive part for SkinnedMesh is the animation and matrices computations which, without a LOD system, makes instancing not really a benefit as performance likely suffers earlier from that th"" || body: ""Because of this design, it has limiation. It is hard to make the use of GPU instancing with non-regular `Mesh`, eg. `SkinnedMesh`, `Line`, or `Points`."""
25115,https://github.com/mrdoob/three.js/issues/25115,"Potential improvement of ""real-world"" performance of updateMatrixWorld() ",CLOSED,2022-12-11,2024-06-08,Duplicate,perf_defect_report,duplicate,,0,,,,,0,,updateMatrixWorld() is much slower in real scenes than in the homogeneous benchmark because traversing a mix of Object3D subclasses makes property access polymorphic (V8 hidden-class/IC misses); prototype refactor to a monomorphic Object3DMatrixData gives ~50% gain. Closed as duplicate of #21387.,
25124,https://github.com/mrdoob/three.js/issues/25124,"Benchmarks: Contamination between benchmark tests, dependent on ordering",CLOSED,2022-12-12,2023-02-06,Browser Issue,meta_or_audit,cause_asserted_unverified,,2,CAH-24; O-12,core_algorithmic_hotpath; other,reporter_asserted; reporter_asserted,observed_cost; observed_cost,0,,"Benchmark results depend on test ordering; a polymorphic test deoptimizes three.js library functions in V8 (and shared module-scope vars leak state), so subsequent monomorphic tests measure 3x slower. Closed in favour of removing/reworking benchmarks.","""A plausible explanation for this is that the V8 engine will observe the polymorphic use of functions, and mark these functions up as non-optimizable"" || ""It really is vars of the same name, being module scoped and manipulated."""
25133,https://github.com/mrdoob/three.js/issues/25133,Setting up a texture without uploading initial data,CLOSED,2022-12-13,2024-01-30,Suggestion,perf_feature_request,cause_established,,1,TUD-09,texture_upload_decode,reporter_asserted,observed_cost,0,,"Request to allow allocating a large texture (texStorage2D) without an initial data upload; currently one must allocate a huge zero-filled CPU buffer and upload it, costing ~200MB and ~1s.","""The initial upload roughly takes 1 second for my data load which I'd like to avoid."" plus ""can be well over 200 MB""; Mugen87 confirms ""The engine performs now the combination of the memory allocation via `texStorage2D()` and the initial data upload via `texSubImage2D()`"""
25154,https://github.com/mrdoob/three.js/issues/25154,The matrixWorld of Bone should be automatically updated,CLOSED,2022-12-18,2022-12-18,,perf_question_or_help,cause_asserted_unverified,,1,MWU-04,matrix_world_updates,maintainer_confirmed,hypothetical,0,,Request to auto-update Bone matrixWorld in add(); rejected by maintainer because updating matrices inside add() would cost performance for apps that frequently add/remove nodes.,"Mugen87: ""If we start to update matrices inside `add()`, we introduce potential performance regressions (especially for apps which frequently add and remove nodes to the scene graph)."""
25166,https://github.com/mrdoob/three.js/issues/25166,Derivatives should be computed before alpha test ,CLOSED,2022-12-21,2026-08-05,Suggestion,correctness_bug,cause_asserted_unverified,,1,O-03,other,maintainer_confirmed,hypothetical,0,,Derivative-based normal mapping breaks next to alpha-test-discarded fragments on Linux/Nvidia; the proposed fix (computing derivatives before alphatest_fragment) is rejected partly because it would compute TBN/normal fetches for fragments that get discarded.,"Mugen87: ""it means we would compute TBN matrices or perform normal map fetches for fragments that are going to be discarded anyway. So we trade performance for correctness"" — hedged, hypothetical, no measurement"
25264,https://github.com/mrdoob/three.js/issues/25264,Octree should allow each leaf to store more than 8 triangles,CLOSED,2023-01-09,2025-05-13,Suggestion; Addons,perf_defect_report,cause_asserted_unverified,,1,CASI-02,culling_and_spatial_index,reporter_asserted,observed_cost,0,,Addon Octree is slow and memory-hungry for triangle meshes because a triangle spanning many leaves is duplicated into each; raising the per-leaf triangle limit from 8 to 32 cut duplication ~10x.,"body: ""A geometry with more than 200k triangles could end up being 100+ times bigger in triangle count in `Octree` due to overlaps, taking more than 20 seconds to build and occupying a few giga bytes of memory"""
25292,https://github.com/mrdoob/three.js/issues/25292,An option to suppress context creation error messages.,CLOSED,2023-01-16,2023-01-16,,perf_question_or_help,incidental,,0,,,,,0,,"Request to suppress WebGL context creation error logs when probing powerPreference options; 'high-performance' is only a context attribute, no performance mechanism discussed. Resolved by creating the context on app level.",
25295,https://github.com/mrdoob/three.js/issues/25295,`WebGPUAttributes._createBuffer()` is extremely slow,CLOSED,2023-01-17,2025-12-07,Browser Issue,perf_defect_report,cause_established,,2,WBO-06; DBD-17,webgpu_backend_overhead; device_browser_driver,reporter_asserted; speculative,observed_cost; hypothetical,0,,WebGPUAttributes._createBuffer spends ~70% of compute() CPU time in typedArray.set() copying a 4M-element array into the mapped GPU buffer range; alternative writeBuffer path measured slower. Marked a browser issue and eventually closed with a request to file upstream.,"""it takes about 70% of `WebGPURenderer.compute()` total CPU time (150 ms out of 210 ms in that case)"" and ""The slow part is `.set( array )`"" || ""such large times (for both approaches) happen only about one third of tries -- mostly times are about 0.1 ms... This is really strange""; Mugen87: ""I don't know what the browser internally does."""
25309,https://github.com/mrdoob/three.js/issues/25309,GLTFExporter: Missing required padding on integer vertex attributes,CLOSED,2023-01-20,2024-04-10,Bug,correctness_bug,incidental,,0,,,,,0,,GLTFExporter emits byteStride not multiple of 4 for integer vertex attributes; glTF spec requires 4-byte alignment 'for performance and compatibility reasons'.,
25325,https://github.com/mrdoob/three.js/issues/25325,Why don't work postprocessing?,CLOSED,2023-01-24,2023-01-24,Help (please use the forum),perf_question_or_help,incidental,,0,,,,,0,,Postprocessing passes not working; redirected to forum. 'high-performance' powerPreference appears only in pasted code.,
25326,https://github.com/mrdoob/three.js/issues/25326,SVGLoader: Shape generation breaks with large stroke width.,CLOSED,2023-01-24,2026-04-22,Bug; Loaders,correctness_bug,incidental,,0,,,,,0,,SVGLoader stroke geometry breaks with large stroke-width due to self-intersecting contours; performance only mentioned in passing as 'similar as before'.,
25353,https://github.com/mrdoob/three.js/issues/25353,Rendering to WebGL3DRenderTarget in Chrome with D3D11 backend does not work correctly,CLOSED,2023-01-28,2023-02-15,Browser Issue,correctness_bug,incidental,,0,,,,,0,,WebGL3DRenderTarget rendering broken on Chrome/Windows ANGLE D3D11 backend; reported upstream to Chromium.,
25480,https://github.com/mrdoob/three.js/issues/25480,Make raycasting faster by performing a preliminary check based on the bounding sphere,CLOSED,2023-02-10,2023-02-17,Suggestion,perf_feature_request,cause_asserted_unverified,,1,RP-03,raycasting_picking,reporter_asserted,proposed_optimization,0,,"Request to skip meshes whose bounding sphere lies outside raycaster near/far range, since near/far give no speedup.","body: ""it seems to me that this test is not being performed"" / ""setting the 'near' and 'far' properties on `Raycaster` doesn't result in a speedup"""
25518,https://github.com/mrdoob/three.js/issues/25518,"AnimationMixer.update() doesn't update tracks that did not change since last update(), even if they changed externally",CLOSED,2023-02-16,2026-04-23,Won't fix,correctness_bug,cause_established,,1,AS-03,animation_skinning,maintainer_confirmed,hypothetical,0,,AnimationMixer skips writing tracks whose values are unchanged vs its own cache; won't fix for performance reasons.,"Mugen87: ""The issue is the animation system compares any newly accumulated values against its own previously written cached values. The system would need to bypass its cache in order to detect modified values. """
25610,https://github.com/mrdoob/three.js/issues/25610,InstancedMesh bounding volume issue,CLOSED,2023-03-03,2023-03-03,,perf_feature_request,cause_established,,1,CASI-01,culling_and_spatial_index,maintainer_confirmed,hypothetical,0,,Request for 'precise' best-fit bounding volumes for InstancedMesh; maintainer declines by default because bounding volume recomputation cost matters.,"Mugen87: ""since these volumes are recomputed often, it's not required to have the best-fit volume. The performance of the computation is also important."""
25618,https://github.com/mrdoob/three.js/issues/25618,Rendering an object with multiple textures causes issues with later copyTextureToTexture calls,CLOSED,2023-03-04,2026-03-12,Bug,correctness_bug,incidental,,0,,,,,0,,copyTextureToTexture writes to the wrong texture because WebGLState's currentBoundTextures cache skips a bind when the texture is already recorded in slot 0 while another slot is active.,
25648,https://github.com/mrdoob/three.js/issues/25648,Object with MeshPhysicalMaterial contains Transmission artifacts,CLOSED,2023-03-10,2026-03-19,Device Issue,correctness_bug,ruled_out_or_no_cause,,0,,,,,1,"AMD GPU driver mishandles the new transmission shader code (textureLod/textureBicubic) from #25483, producing artifacts",Transmission artifacts on Windows/AMD integrated GPUs after the bicubic transmission shader change in r150; concluded to be a GPU driver issue.,
25674,https://github.com/mrdoob/three.js/issues/25674,Missing `AnimationAction` export,CLOSED,2023-03-14,2023-03-15,,other_nonperf,incidental,,0,,,,,0,,AnimationAction is not exported; speculated that direct construction bypasses AnimationMixer.clipAction caching.,
25751,https://github.com/mrdoob/three.js/issues/25751,SkeletonUtils `.retarget()` and `.retargetClip()` error with documented `SkeletonHelper` params,CLOSED,2023-03-31,2026-04-04,Documentation,other_nonperf,incidental,,0,,,,,0,,SkeletonUtils.retarget docs/params mismatch; performance only mentioned as vague aside about retargeting options.,
25764,https://github.com/mrdoob/three.js/issues/25764,Clipping plane artifacts in Mac Chrome browser,CLOSED,2023-04-03,2023-04-03,,correctness_bug,incidental,,0,,,,,0,,"Clipping plane hairline artifacts on Mac Chrome, attributed to texture filtering inaccuracies interacting with discard; workaround of moving clipping snippet after texture sampling costs performance.",
25846,https://github.com/mrdoob/three.js/issues/25846,rev.151 /materials-physical-transmission errors on older macs,CLOSED,2023-04-16,2023-04-18,Device Issue,correctness_bug,incidental,,0,,,,,0,,"On an old Intel HD 3000 Mac, WebGL2 context creation fails (ES3 blocklisted / driver workarounds) and three.js falls back to WebGL1, where the transmission shader's GLSL3-only builtins (textureLod with lod arg, textureSize, isinf) fail to compile, so materials-physical-transmission renders nothing. Maintainers closed as a device/driver limitation.",
25905,https://github.com/mrdoob/three.js/issues/25905,Chrome/Edge bug: texture loading fails on fast devices,CLOSED,2023-04-22,2023-04-24,Browser Issue,perf_defect_report,ruled_out_or_no_cause,,0,,,,,1,"Chromium Fetch API/blob caching bug causes large local image responses to lose their data (""No data found for resource with given identifier"") on fast machines; fails only via Fetch, only outside inco","Texture loading via Fetch API + blob URLs fails on fast Windows machines in Chrome/Edge; traced to a Chromium Fetch/cache bug, reproduced by Chromium team.",
25914,https://github.com/mrdoob/three.js/issues/25914,Skeleton updated outside of frustum,CLOSED,2023-04-24,2023-04-27,Suggestion,perf_feature_request,cause_established,,1,AS-01,animation_skinning,maintainer_confirmed,observed_cost,0,,"SkinnedMesh skeleton (bone texture) updates happen outside the frustum check in projectObject, wasting work for culled skinned meshes.","Mugen87: ""The method only updates the bones texture which isn't required when the object isn't rendered at all."""
25917,https://github.com/mrdoob/three.js/issues/25917,Objects too bright in Three.js r152dev,CLOSED,2023-04-24,2023-04-24,Help (please use the forum),perf_question_or_help,no_mechanism,,0,,,,,0,,Color management change in r152 made objects too bright; reporter's follow-up performance advice request redirected to forum with no mechanism.,
25936,https://github.com/mrdoob/three.js/issues/25936,SVG path seems to render weird in some conditions,CLOSED,2023-04-25,2023-04-26,Help (please use the forum),correctness_bug,incidental,,0,,,,,0,,SVG/ocean rendering glitches: z-fighting from coincident planes and broken frustum culling due to custom shader vertex offsetting invalidating bounding volumes.,
25947,https://github.com/mrdoob/three.js/issues/25947,WebGPU module js build of Three.js,CLOSED,2023-04-27,2024-06-30,Suggestion,perf_feature_request,cause_asserted_unverified,,2,WBO-02; LPC-09,webgpu_backend_overhead; loader_parse_cost,reporter_asserted; speculative,observed_cost; hypothetical,0,,"Request for an official WebGPU build; thread drifts into bundle size, node registration cost, and unresolved WebGPU video-texture GPU usage.","danrossi: ""it now consumes 20-40% gpu for video textures"" || danrossi: ""They all get registered on load of the page regardless if they are needed. It may slow page load."""
25960,https://github.com/mrdoob/three.js/issues/25960,SkinnedMesh+InstancedMesh: Removing the buffer array in onUploadCallback throws errors while rendering,CLOSED,2023-04-30,2026-03-13,Suggestion,correctness_bug,cause_established,,2,CASI-06; MLD-11,culling_and_spatial_index; memory_leak_disposal,maintainer_confirmed; reporter_asserted,hypothetical; observed_cost,0,,Nulling attribute arrays in onUploadCallback breaks SkinnedMesh/InstancedMesh bounding-sphere computation; maintainer notes missing bounds cost frustum culling and raycasting performance.,"Mugen87: ""otherwise you end up with no view frustum culling an poor ray casting performance"" || body: ""remove the array because it saves hundreds of MB of RAM in our application"""
26071,https://github.com/mrdoob/three.js/issues/26071,Do we need a `enableHDR` flag?,CLOSED,2023-05-17,2023-09-19,Suggestion; Post-processing,perf_feature_request,ruled_out_or_no_cause,,0,,,,,2,"Half-float (FP16) render targets cost slightly more than SRGB8; measured drop of only 2 FPS (43→41) in the SAO example, negligible elsewhere || SRGB8 render targets flicker on Apple M1/M2 due to a Chromium driver bug, preventing use of the cheaper SRGB8 path",Discussion of HDR/half-float render targets for post-processing; measured that FP16 render targets cost almost nothing vs RGBA8.,
26106,https://github.com/mrdoob/three.js/issues/26106,Compare `line.startsWith` performance to `lineFirstChar ===`,CLOSED,2023-05-21,2023-05-25,,perf_question_or_help,no_mechanism,,0,,,,,0,,Suggestion to benchmark line.startsWith vs first-char comparison in OBJLoader; closed without any measurement or mechanism.,
26137,https://github.com/mrdoob/three.js/issues/26137,Allow >4 bones to skin a vertex,OPEN,2023-05-25,,Enhancement,perf_feature_request,cause_asserted_unverified,,1,AS-07,animation_skinning,speculative,hypothetical,0,,Request to support >4 bone influences per vertex; asserted that extra influences cost vertex-shader time and that a skinning data texture may be slower than attributes.,"RemusMar: ""if you have high detailed skinned meshes (over 50,000 polys) and a bunch of bones you'll need a HUGE processing power to animate them if you raise that limit to 6 or 8"""
26143,https://github.com/mrdoob/three.js/issues/26143,Way to control gl.STENCIL_BUFF_BIT in updateMultisampleRenderTarget,CLOSED,2023-05-26,2024-09-16,Enhancement,perf_defect_report,cause_established,,2,DBD-01; CGSS-02,device_browser_driver; cpu_gpu_sync_stall,reporter_asserted; reporter_asserted,observed_cost; observed_cost,0,,"MSAA multisample render target resolve blits DEPTH|STENCIL together, hitting an ANGLE/D3D11 bug that stalls the GPU ~100ms per frame on Windows.","body: ""`_gl.blitFramebuffer` will be invoked with mask _gl.DEPTH_BUFFER_BIT|_gl.STENCIL_BUFFER_BIT, which cause the peformance issue"" || CodyJasonBennett: ""blitting stencil separately since that's not hardware accelerated on ANGLE/D3D11"""
26183,https://github.com/mrdoob/three.js/issues/26183,Texture: Performance issues with hardware sRGB decode.,CLOSED,2023-06-02,2023-08-02,Browser Issue,perf_regression_report,cause_established,,1,TUD-06,texture_upload_decode,measured,observed_cost,1,Driver/backend dependent: AMD Vulkan/RADV backend in Chrome dev shows no penalty while ANGLE OpenGL backend does,"Since r152, textures with SRGBColorSpace use the SRGB8_ALPHA8 internal format (hardware sRGB decode); per-frame uploads of canvas/video textures with this format are dramatically slower in Chrome/ANGLE (OpenGL backend) and Firefox, collapsing framerate. Reproduced by maintainer (60 FPS linear vs 7 FPS sRGB), tied to ANGLE driver workarounds on Apple, and tracked as a browser issue with app-side workarounds (linear textures + inline decode).","comment by Mugen87: ""(A) runs with 60 FPS, (B) with 7 FPS. The entire tab becomes quite slow with (B)."""
26190,https://github.com/mrdoob/three.js/issues/26190,Allow for updating specific regions of a canvas texture instead of the entire texture,CLOSED,2023-06-04,2023-06-05,Help (please use the forum),perf_feature_request,cause_asserted_unverified,,1,TUD-09,texture_upload_decode,reporter_asserted,observed_cost,0,,"Setting needsUpdate on a very large CanvasTexture every frame re-uploads the whole texture, stalling rendering; partial update via copyTextureToTexture suggested.","body: ""set `needsUpdate` to `true` every frame, the render can crawl to a halt if the canvas texture is sufficiently large (say 6000 x 6000)"""
26221,https://github.com/mrdoob/three.js/issues/26221,Trasparency fluctuates per camera position,CLOSED,2023-06-08,2023-06-08,,correctness_bug,cause_established,,0,,,,,0,,"r152 bounding-sphere-center Painter's sort changed transparency ordering; sorting is done for performance and transparency, workaround is sortObjects=false / renderOrder.",
26229,https://github.com/mrdoob/three.js/issues/26229,PLYLoader : RangeError: Offset is outside the bounds of the DataView,CLOSED,2023-06-09,2023-06-12,Regression; Loaders,correctness_bug,incidental,,0,,,,,0,,"PLYLoader regression from performance-optimization PRs: header length miscomputed for \r\n files because extractHeaderText strips \n, causing binary read out of bounds.",
26233,https://github.com/mrdoob/three.js/issues/26233,WebGPURenderer produces washed out colours compared to WebGL,CLOSED,2023-06-11,2023-06-14,Bug; WebGPURenderer,correctness_bug,incidental,,0,,,,,0,,WebGPURenderer washed-out video colors due to GPUExternalTexture lacking UNORM sRGB conversion; reporter also notes high CPU with video textures (split to #26266).,
26239,https://github.com/mrdoob/three.js/issues/26239,Depth-based fog transparency effect to blend with the page background,CLOSED,2023-06-12,2026-03-13,Suggestion,perf_feature_request,cause_asserted_unverified,,1,RTP-03,render_target_postprocessing,speculative,hypothetical,0,,Proposal for depth-pass-based fog blending to page background; notes the extra depth pass has a performance cost.,"body: ""There are fairly significant downsides like the extra performance cost"""
26245,https://github.com/mrdoob/three.js/issues/26245,The rate of radiographic inspection has dropped dramatically,CLOSED,2023-06-13,2023-06-13,,perf_regression_report,no_mechanism,,0,,,,,0,,"Vague report of ~10 FPS drop from r149 to r150 with many models; no template filled, no mechanism identified.",
26266,https://github.com/mrdoob/three.js/issues/26266,Performance issue with WebGPURenderer in Windows Chrome,CLOSED,2023-06-14,2023-08-31,Enhancement; WebGPURenderer,perf_defect_report,cause_established,,3,SPC-02; WBO-02; TUD-06,shader_program_compilation; webgpu_backend_overhead; texture_upload_decode,maintainer_confirmed; reporter_asserted; reporter_asserted,observed_cost; observed_cost; observed_cost,0,,"High CPU/GPU with WebGPURenderer video textures traced to pipeline/bind-group caches being keyed or cleared per frame, causing shader pipeline and bind group re-creation every frame.","danrossi: ""This map key is never get/set. So on each frame the shader is being setup again.""; sunag: ""Fixed this point."" || ""The pipeline is being cleared and created on every loop"" ... ""If I comment this out I get 1-2% cpu"" || ""it's when the internal format is set to `_gl.SRGB8_ALPHA8` because of srgb color space if set to `_gl.RGBA8` there is low cpu for video textures"""
26292,https://github.com/mrdoob/three.js/issues/26292,Shadow not updated when object is outside of frustum,CLOSED,2023-06-19,2023-06-20,Regression,correctness_bug,ruled_out_or_no_cause,,0,,,,,1,"Optimization that skips skeleton updates for objects outside the camera frustum also skipped them during shadow rendering, freezing shadow skeletons","Skinned mesh skeleton update was skipped for frustum-culled objects (perf optimization #25937), freezing shadows of off-screen casters; fixed to also update inside shadow frustums.",
26330,https://github.com/mrdoob/three.js/issues/26330,Post-processing will cause an lensflare exception,CLOSED,2023-06-26,2023-10-02,Bug; Addons,correctness_bug,incidental,,0,,,,,0,,Lensflare artifacts / GL_INVALID_OPERATION when used with EffectComposer post-processing; 'high-performance' only appears in the pasted renderer config.,
26363,https://github.com/mrdoob/three.js/issues/26363,InstancedBufferGeometry._maxInstanceCount preventing instances from being rendered,CLOSED,2023-07-03,2023-07-04,,perf_question_or_help,cause_established,,1,GBU-04,geometry_buffer_updates,maintainer_confirmed,hypothetical,0,,_maxInstanceCount caps instances after first render; maintainer explains buffer resizing/auto-detection is deliberately avoided because it is costly.,"Mugen87: ""We do not want to implement some sort of auto-detection and resizing in the renderer since this comes with a performance hit. Especially the resize itself is costly and should be avoided whenever possible."""
26469,https://github.com/mrdoob/three.js/issues/26469,The WebGPURenderer causes the browser to crash while loading the glb model,CLOSED,2023-07-20,2024-08-16,,perf_defect_report,cause_established,,2,SPC-04; DCO-05,shader_program_compilation; draw_call_overhead,maintainer_confirmed; maintainer_confirmed,observed_cost; observed_cost,0,,"WebGPURenderer freezes/crashes browser on a huge glb (80M faces, 16000 draw calls) that WebGL handles; sunag traced main problem to missing NodeBuilder cache so identical materials rebuild shaders repeatedly. Merged into #26673.","sunag: ""if we create 3 x `MeshStandardMaterial` with identical settings it runs `NodeBuilder` 3 times"" || Mugen87: ""Your model has 80.000.000 faces and produces 16000 draw calls"""
26484,https://github.com/mrdoob/three.js/issues/26484,Memory leak: cannot dispose of a hidden texture,CLOSED,2023-07-24,2023-07-24,,perf_question_or_help,cause_established,,2,RTP-05; MLD-03,render_target_postprocessing; memory_leak_disposal,maintainer_confirmed; maintainer_confirmed,observed_cost; hypothetical,0,,"Reported 'memory leak' of an undisposable texture; actually the internal transmission render target kept alive by the renderer, and info.memory not decremented due to dispose ordering. Not a leak.","gkjohnson: ""this from an intermediary render target used internally for rendering transmissive materials"" || gkjohnson: ""rendering the same objects with multiple renderers which will cause \""dispose\"" callbacks to accumulate"""
26496,https://github.com/mrdoob/three.js/issues/26496,"Browser crashes when loading large files (dxf, glTF, etc.)",CLOSED,2023-07-26,2023-07-26,Help (please use the forum),perf_question_or_help,no_mechanism,,0,,,,,0,,"Browser crashes loading very large DXF/glTF (1M+ entities, 20000+ draw calls, 1.5GB JS heap); redirected to the forum without any mechanism analysis.",
26516,https://github.com/mrdoob/three.js/issues/26516,Video textures look washed out in safari starting with version 0.152.0,CLOSED,2023-07-31,2023-08-02,Browser Issue,correctness_bug,cause_asserted_unverified,,1,TUD-06,texture_upload_decode,speculative,hypothetical,0,,Video textures washed out in Safari because WebKit ignores SRGB8_ALPHA8 internal format; workaround is inline sRGB decode in shader. Upstream WebKit bug filed; perf discussion about why browsers may not decode video textures cheaply.,"""do the conversion CPU-side, which would be suuuper slow"" — hedged with ""I suspect"", ""I think"""
26537,https://github.com/mrdoob/three.js/issues/26537,STLLoader: Add name to multiple solids ,CLOSED,2023-08-04,2023-08-04,Loaders,perf_feature_request,no_mechanism,,0,,,,,0,,STLLoader feature request to name multiple solids; maintainer notes switching to one mesh per solid would keep draw calls (and thus performance) identical.,
26562,https://github.com/mrdoob/three.js/issues/26562,Proposal: InstancedMesh.updateRanges -> array of update ranges,CLOSED,2023-08-10,2023-12-10,Enhancement,perf_feature_request,cause_asserted_unverified,,2,GBU-03; PFAG-04,geometry_buffer_updates; per_frame_allocation_gc,reporter_asserted; speculative,proposed_optimization; hypothetical,0,,Proposal for multiple InstancedMesh update ranges to avoid uploading one huge bufferSubData span; earlier attempt (#13393) had perf issues; addressed by #27103.,"body: ""avoid having to, at minimum, define a single range from 10 through 500_005"" || trusktr: ""creating and replacing arrays every frame is not gonna be ideal"""
26569,https://github.com/mrdoob/three.js/issues/26569,KTX2Loader: Support for ASTC and ETC1 formats,CLOSED,2023-08-10,2023-08-21,Loaders,perf_defect_report,cause_established,,1,LPC-08,loader_parse_cost,reporter_asserted,observed_cost,0,,"ASTC/ETC1 KTX rendering issues; along the way established that KTX2 Basis transcoding of 4K array textures is the bottleneck for 25fps texture-video playback, motivating raw ASTC in KTX2 (added via #26586).","""Currently transcoding is our bottleneck."" plus a measuring tool and report loading 2 seconds worth of textures, ""here I'm measuring the transcoding time"""
26588,https://github.com/mrdoob/three.js/issues/26588,Clone the material array when Object3D.clone() is called,CLOSED,2023-08-15,2023-08-16,Suggestion,perf_feature_request,incidental,,0,,,,,0,,Request to clone the material array (not the materials) in Object3D.clone(); reporter notes deep-cloning materials themselves would be expensive.,
26595,https://github.com/mrdoob/three.js/issues/26595,"ShapeGeometry without uvs, normals",CLOSED,2023-08-17,2023-08-17,Help (please use the forum),perf_feature_request,cause_asserted_unverified,,1,GBU-11,geometry_buffer_updates,reporter_asserted,proposed_optimization,0,,"Request for ShapeGeometry to skip generating normals/UVs in a 2D, memory-sensitive app; maintainers suggest deleteAttribute or a custom generator.","""we'd prefer to avoid creating any objects that are not needed"""
26661,https://github.com/mrdoob/three.js/issues/26661,Pluggable Tone Mapping Operators (their own class that injects GLSL),CLOSED,2023-08-28,2023-08-31,Enhancement,perf_feature_request,incidental,,0,,,,,0,,Proposal for pluggable tone mapping operator classes injecting GLSL; closed as current custom-tonemapping injection is good enough. Side note on AgX LUT cost.,
26668,https://github.com/mrdoob/three.js/issues/26668,HemisphereLightProbe intensity wrong,CLOSED,2023-08-30,2023-09-03,Bug,correctness_bug,cause_established,,1,LUU-09,lights_uniforms_ubo,maintainer_confirmed,proposed_optimization,0,,"HemisphereLightProbe intensity wrong under new lighting mode; discussion also raised that getLightProbeIrradiance() is evaluated unconditionally in lights_fragment_begin even with no probes, and that probe SH evaluation is more expensive than hemisphere light irradiance.","Mugen87: ""`getLightProbeIrradiance()` should only be executed if there are actually probes in the scene"""
26673,https://github.com/mrdoob/three.js/issues/26673,WebGPURenderer: Increase performance,OPEN,2023-08-31,,Enhancement; WebGPURenderer,perf_feature_request,cause_established,,5,WBO-01; LUU-01; DCO-01; LUU-02; AAM-03,webgpu_backend_overhead; lights_uniforms_ubo; draw_call_overhead; lights_uniforms_ubo; app_api_misuse,maintainer_confirmed; speculative; maintainer_confirmed; maintainer_confirmed; maintainer_confirmed,proposed_optimization; proposed_optimization; proposed_optimization; proposed_optimization; observed_cost,0,,"Umbrella issue tracking WebGPURenderer CPU-side performance work: cache key checks, NodeBuilder reuse, binding group separation, per-object UBO management, and RenderObject consolidation.","body by sunag: ""two Materials of the same type with only a different color will be compiled twice instead of reuse the `NodeBuilder`"" || Mugen87: ""I wanted to experiment ... Not sure if this works and how it performs but it's maybe worth giving it a shot."" || sunag: ""avoiding “duplicate” commands to the GPU, as in the case of using thousands of repeated objects without instancing"" || sunag: ""Currently the values are tested during rendering, trigger an event for an update flag, which would be much more efficient"" || sunag: ""It looks like there is a conflict in `frameId`."" (hedged, though fix confirmed by reporter)"
26692,https://github.com/mrdoob/three.js/issues/26692,improve `morphAttributes` perfomance,CLOSED,2023-09-04,2023-09-06,,perf_defect_report,cause_established,,2,GBU-06; AAM-07,geometry_buffer_updates; app_api_misuse,measured; maintainer_confirmed,observed_cost; observed_cost,0,,WebGLMorphtargets copies the entire morph attribute ArrayBuffer element-by-element into a Float32Array each time morph data changes before creating/uploading the DataTexture; profile shows update() at 16ms vs 0.66ms upload.,"body: ""renderer iterates over every element in the morphAttribute's ArrayBuffer and assigns it to `buffer` (which is used to create DataTexture)"" || Mugen87: ""The performance problem presented in this issue is related to the recurring texture prepare and upload operations which the implementation is not designed for."""
26727,https://github.com/mrdoob/three.js/issues/26727,Cannot read properties of undefined (reading 'traverse'),CLOSED,2023-09-10,2023-09-12,,correctness_bug,no_mechanism,,0,,,,,0,,"traverse() breaks when children are removed inside the callback; the recommended workaround (collect then remove) is claimed inefficient, but maintainers say the array push cost is negligible.",
26738,https://github.com/mrdoob/three.js/issues/26738,Feature request: ability to dodge circular references in scene tree,CLOSED,2023-09-12,2023-09-12,Enhancement,perf_feature_request,cause_established,,1,SGS-02,scene_graph_scale,maintainer_confirmed,hypothetical,0,,Request to detect circular references in Object3D.add()/attach(); rejected because ancestry checks would cost too much per insertion.,"gkjohnson: ""Adding such checks would have a pretty severe performance penalty for adding children to the hierarchy."""
26796,https://github.com/mrdoob/three.js/issues/26796,Improving quality of rough environmental reflections,CLOSED,2023-09-18,2023-11-07,Enhancement,perf_question_or_help,cause_asserted_unverified,,2,TUD-04; RTP-07,texture_upload_decode; render_target_postprocessing,maintainer_confirmed; maintainer_confirmed,hypothetical; hypothetical,0,,Blocky rough environment reflections due to PMREM roughness->mip resolution mapping; discussion covers why higher-res mips per roughness level are not used (prefiltering time and texture cache cost).,"elalish: ""a huge part of frame rate performance is the size of the PMREM texture cache"" || elalish: ""You definitely want to maintain the steady power-of-two reduction in resolution or the filtering time will explode."""
26811,https://github.com/mrdoob/three.js/issues/26811,WebGL renderer crashes when Mesh object uses an array of Node Materials,CLOSED,2023-09-20,2023-10-02,,correctness_bug,cause_asserted_unverified,,1,CASI-04,culling_and_spatial_index,speculative,hypothetical,0,,"WebGLRenderer crashes with an array of node materials on a Mesh; discussion drifts into whether multi-material groups vs GeometryView is better, touching frustum-check counts and shared matrixWorld.","sunag: ""An `array of materials` seems to save on the number of tests in the `Frustum.intersectsObject()`"""
26820,https://github.com/mrdoob/three.js/issues/26820,WebGPU Node system extremely slow startup,CLOSED,2023-09-21,2023-10-02,Nodes,perf_defect_report,cause_established,,1,CAH-14,core_algorithmic_hotpath,measured,observed_cost,0,,"WebGPU node material build took ~400ms per material at startup; profiling traced it to recursive Node.traverse() calls from VarNode.assign() over huge subnode graphs. Fixed by PRs #26881/#26885, reducing NodeBuilder.build from ~180ms to ~14ms.","""most of the compute is going toward this traverse method in the `core/Node.js`""; after removal sunag: ""previously I had an average of `180 ms` and now `14 ms`"""
26835,https://github.com/mrdoob/three.js/issues/26835,Dispose old attribute when it's updated to new one,CLOSED,2023-09-25,2023-09-25,Duplicate,perf_defect_report,duplicate,,0,,,,,0,,"Replacing BufferGeometry attributes with new BufferAttribute instances leaks GL buffers because gl.deleteBuffer is only called on geometry disposal; maintainer recommends allocating buffers once, updating content, and using drawRange. Closed as duplicate of #15261/#17063.",
26876,https://github.com/mrdoob/three.js/issues/26876,Feature request: WEBGPU: batch/bundle rendering,CLOSED,2023-09-30,2024-05-24,WebGPURenderer,perf_feature_request,cause_established,,1,DCO-10,draw_call_overhead,measured,observed_cost,0,,Request to use WebGPU render bundles / static scenes to cut per-draw-call CPU overhead in WebGPURenderer; implemented as `group.static`.,"aardgoose: ""gives a frame time of 50ms normal and 40ms with bundling enabled"""
26897,https://github.com/mrdoob/three.js/issues/26897,Disposing scene background texture does not remove the geometry,CLOSED,2023-10-04,2023-10-04,,perf_defect_report,ruled_out_or_no_cause,,0,,,,,1,"WebGLBackground allocates an internal plane mesh/shader material that is intentionally cached rather than disposed, so it remains reported in renderer.info",Internal background PlaneGeometry cannot be disposed; maintainers say it is intentionally cached for performance and is not a leak.,
26916,https://github.com/mrdoob/three.js/issues/26916,LinesSegments with World Units have Visible Artifacts from Various Angles (Fat Lines Example),CLOSED,2023-10-07,2023-12-11,Addons,correctness_bug,incidental,,0,,,,,0,,Fat line world-units artifacts from quad-based capsule bounding and lack of gl_FragDepth writes; a perf aside about discard/fragment depth cost.,
26937,https://github.com/mrdoob/three.js/issues/26937,More efficient Ray-AABB intersection test,CLOSED,2023-10-10,2023-11-13,Enhancement,perf_feature_request,cause_asserted_unverified,,1,CAH-25,core_algorithmic_hotpath,reporter_asserted,proposed_optimization,0,,Proposal to replace Ray.intersectsBox/intersectBox with the efficient slabs method; PR closed without adoption.,"body: ""the current method is just essentially catching the exceptions of the"" intersection distance function"
27108,https://github.com/mrdoob/three.js/issues/27108,Big performance drop from version r154+,CLOSED,2023-11-03,2023-11-04,,perf_regression_report,cause_established,,1,RTP-11,render_target_postprocessing,maintainer_confirmed,observed_cost,0,,FPS drop from r154 with transmissive MeshPhysicalMaterial: multisampling was unconditionally enabled on the transmission render target.,"Mugen87: ""That is because of #26177. Multisampling is now active for all setups in order to avoid feedback loops with broken reflections."""
27170,https://github.com/mrdoob/three.js/issues/27170,"InstancedMesh: Proposal to support sorting, frustum culling",OPEN,2023-11-10,,Suggestion,perf_feature_request,cause_established,,3,IBL-04; GBU-16; DBD-01,instancing_batching_limits; geometry_buffer_updates; device_browser_driver,reporter_asserted; reporter_asserted; measured,proposed_optimization; hypothetical; observed_cost,0,,Proposal to add sorting/frustum culling to InstancedMesh; discussion uncovers cost of resorting instance attributes and a Chrome/ANGLE-Metal `flat varying` slowdown with multi_draw.,"body: ""it's not possible to easily or quickly sort individual instances to improve opaque overdraw for performance or transparency sorting"" || gkjohnson: ""This would require sorting _all_ per-instanced attribute data including color, matrices"" || CodyJasonBennett: ""On Metal, Angle has to rewrite the index buffer if you're using flat attributes in your shader"""
27171,https://github.com/mrdoob/three.js/issues/27171,Adopt (or simply promote) a new true HDR file format leveraging JPEG/WEBP compression. Potentially alleviates HDR and EXR file size issues,CLOSED,2023-11-10,2023-11-29,Suggestion,perf_feature_request,cause_established,,4,LPC-08; TUD-01; CGSS-01; TUD-07,loader_parse_cost; texture_upload_decode; cpu_gpu_sync_stall; texture_upload_decode,reporter_asserted; measured; reporter_asserted; maintainer_confirmed,proposed_optimization; observed_cost; observed_cost; hypothetical,0,,"Proposal to adopt gain map (Ultra HDR) format for env maps; discussion covers HDR file size, JS decoding cost, and texture upload cost.","body: ""Requires a javascript PNG parser which is not very fast, big `rgbm` images can take a long time to parse."" || daniele-pelagatti: ""the `texSubImage2D` call for uploading the same texture on the GPU lasts `~1176ms` on my machine"" || daniele-pelagatti: ""so you must request a conversion to `DataTexture` which is implemented with [readRenderTargetPixels]"" || elalish: ""since we have to process these images on the GPU and the GPU can't write to compressed textures, there is no GPU memory savings"""
27199,https://github.com/mrdoob/three.js/issues/27199,High gpu usage with WebGPURenderer returned with video textures,CLOSED,2023-11-17,2023-11-22,Device Issue,perf_defect_report,no_mechanism,,0,,,,,0,,"Reported 40% GPU usage with video textures under WebGPURenderer on Windows/Chrome; maintainer could not reproduce, trace showed no bottleneck, directed to Chromium tracker.",
27223,https://github.com/mrdoob/three.js/issues/27223,Object3D: getObjectsByProperty improvement,CLOSED,2023-11-20,2023-11-22,Suggestion,perf_feature_request,cause_asserted_unverified,,1,CAH-06,core_algorithmic_hotpath,reporter_asserted,proposed_optimization,0,,Object3D.getObjectsByProperty allocates a new array per node and concatenates results; suggestion to pass a shared result array.,"body: ""can be greatly improved by sharing the same array, instead of creating new ones and concatenating them"""
27309,https://github.com/mrdoob/three.js/issues/27309,An error is thrown when a shader uniform array value is set to an empty array.,CLOSED,2023-12-04,2023-12-04,,correctness_bug,incidental,,0,,,,,0,,Empty array uniform throws; maintainer explains three.js deliberately skips input validation for performance reasons.,
27334,https://github.com/mrdoob/three.js/issues/27334,Vector3.applyQuaternion--- The floating-point precision issue ,CLOSED,2023-12-07,2023-12-12,,correctness_bug,incidental,,0,,,,,0,,Floating point roundoff difference in the r158 optimized Vector3.applyQuaternion; deemed invalid use case (camera looking along up axis) and closed.,
27339,https://github.com/mrdoob/three.js/issues/27339,Bad performance with prime-run and electron,CLOSED,2023-12-07,2023-12-08,,perf_defect_report,cause_asserted_unverified,,1,CGSS-01,cpu_gpu_sync_stall,reporter_asserted,observed_cost,0,,Electron app on Linux with prime-run lags with 0% GPU utilization and a driver 'GPU stall due to ReadPixels' message; redirected to forum/chat.,"body: ""GPU stall due to ReadPixels"""
27440,https://github.com/mrdoob/three.js/issues/27440,anisotropy effect looks not that correct,CLOSED,2023-12-25,2023-12-28,,correctness_bug,incidental,,0,,,,,0,,Anisotropy shading incorrect because the mesh lacks tangent attributes; three.js does not auto-compute tangents for performance reasons.,
27449,https://github.com/mrdoob/three.js/issues/27449,Is it possible to add a setColorAt method for BatchedMesh?,CLOSED,2023-12-27,2023-12-28,Duplicate,perf_feature_request,duplicate,27203,0,,,,,0,,Request for setColorAt on BatchedMesh; closed as duplicate of #27203.,
27465,https://github.com/mrdoob/three.js/issues/27465,"Use `Object.keys(…)` to iterate over ""own"" properties?",CLOSED,2023-12-28,2023-12-30,Suggestion,perf_question_or_help,cause_asserted_unverified,,1,PFAG-04,per_frame_allocation_gc,speculative,hypothetical,0,,Suggestion to replace for...in with Object.keys to guard against Object.prototype pollution; rejected partly on suspected slowdown in hot render loop.,"mrdoob: ""I think `Object.keys()` is slower than the current code and the current code needs to run many times per second."""
27501,https://github.com/mrdoob/three.js/issues/27501,Using a texture as `scene.background` is blurrier than it should,CLOSED,2024-01-04,2024-01-09,Suggestion,correctness_bug,cause_established,,1,TUD-04,texture_upload_decode,measured,hypothetical,1,"WebGLCubeMaps converts equirectangular backgrounds into a cube render target sized image.height/2, giving fewer texels than the source and undersampling it (quality loss)","scene.background equirect textures look blurry because they are converted to a cube render target sized image.height/2, undersampling the source; raising size fixes quality at 4x memory cost.","Mugen87: ""CubeMap: 6 x 1024 x 1024 x 4 (RGBA) x HALF_FLOAT = 50.331.648 BYTE"""
27555,https://github.com/mrdoob/three.js/issues/27555,Invalidate materials uniforms during render,CLOSED,2024-01-12,2024-01-19,,perf_feature_request,cause_established,,1,AAM-04,app_api_misuse,maintainer_confirmed,hypothetical,0,,"Request for a flag to refresh material uniforms during render so a shared material can vary per object; maintainer rejected, warning about per-object needsUpdate cost and recommending separate materials / WebGPU per-instance uniforms.","Mugen87: ""you need to add an `onBeforeRender()` callback for all objects and end up with a call of `needsUpdate` per object which is not good"""
27556,https://github.com/mrdoob/three.js/issues/27556,PerspectiveCamera - New helper method `.getMarginAt(distance)`,CLOSED,2024-01-12,2024-01-20,Enhancement,perf_feature_request,no_mechanism,,0,,,,,0,,Feature request for PerspectiveCamera helpers to get frustum size/bounds at a distance; performance mentioned only as marginal micro-cost of calling helpers per frame.,
27564,https://github.com/mrdoob/three.js/issues/27564,Please allow each `Material` to turn on/off shadow casting,CLOSED,2024-01-14,2024-01-17,Suggestion,perf_feature_request,no_mechanism,,0,,,,,0,,Request for per-material shadow casting control; maintainer notes splitting multi-material meshes has no perf penalty since they are separate render items anyway. No cost mechanism established.,
27626,https://github.com/mrdoob/three.js/issues/27626,Large time delta values using Timer when page is not visible (in Firefox),CLOSED,2024-01-26,2024-01-30,Browser Issue,perf_defect_report,cause_established,,2,DBD-06; AAM-08,device_browser_driver; app_api_misuse,upstream_bug; maintainer_confirmed,observed_cost; observed_cost,0,,"Firefox keeps firing requestAnimationFrame in hidden tabs (throttled), so Timer reports multi-second deltas and hidden tabs keep consuming resources; fix is a document.hidden check in Timer.update.","""requestAnimationFrame` callbacks are still being fired by Firefox even when the page is not visible, albeit at an exponentially increasing interval""; bugzilla link 1548561 || gkjohnson: ""There is no protection in the class for rAF calls firing while the page is hidden."""
27639,https://github.com/mrdoob/three.js/issues/27639,Provide an iterative version of Object3D.traverse(),CLOSED,2024-01-29,2024-02-02,Suggestion,perf_feature_request,cause_established,,1,CAH-06,core_algorithmic_hotpath,reporter_asserted,proposed_optimization,0,,"Proposal to replace recursive Object3D.traverse() with an iterative stack version, measured ~15% faster in Chrome; maintainer declined citing readability and that traverse isn't a per-frame call.","body: ""traverse() is ca. 15% faster when implemented iteratively"""
27655,https://github.com/mrdoob/three.js/issues/27655,WebGLRenderer: Setting Scissor and Viewport is imprecise due to rounding issues,CLOSED,2024-01-31,2024-02-08,,correctness_bug,incidental,,0,,,,,0,,"setScissor/setViewport floor pixelRatio-multiplied values, so tiled rendering (used for performance in three-gpu-pathtracer) misses rows/columns of pixels. Suggested fix: round + clamp.",
27701,https://github.com/mrdoob/three.js/issues/27701,Material: It's currently not possible to determine if a material failed to compile,OPEN,2024-02-07,,Enhancement,perf_feature_request,cause_asserted_unverified,,2,SPC-03; AAM-05,shader_program_compilation; app_api_misuse,reporter_asserted; speculative,observed_cost; hypothetical,0,,Request for an API to detect shader compilation failure; discussion notes very slow shader compilation on Windows/DirectX and that toggling debug.checkShaderErrors globally during compileAsync can hurt render performance.,"""compilation can take upwards of 30 seconds on Windows"" || ""potentially causing render performance problems while rendering in that time"""
27702,https://github.com/mrdoob/three.js/issues/27702,Object3D / Raycaster: Provide way to stop raycast intersection traversal,CLOSED,2024-02-07,2024-04-27,Enhancement,perf_feature_request,cause_established,,3,RP-02; SGS-05; CASI-04,raycasting_picking; scene_graph_scale; culling_and_spatial_index,measured; measured; reporter_asserted,observed_cost; observed_cost; observed_cost,0,,"Profiled: with thousands of meshes, Raycaster's unconditional recursive traversal of children (even with no-op raycast overrides) accounts for 40-80% of intersectObject time; asks for a way to stop traversal.","body: ""the additional traversal of the children with no-op raycast functions is accounting for 40-80% of the `intersectObject` function"" || body: ""bring the amount of time to perform a single raycast down from ~25-35ms to ~2-5ms"" || gkjohnson: ""Currently layers does not solve this issue because, as you mention, the all children are all still traversed and layers are checked."""
27756,https://github.com/mrdoob/three.js/issues/27756,Frustum: IntersectsBox function can produce incorrect results,CLOSED,2024-02-16,2026-07-22,Bug,correctness_bug,cause_established,,2,CASI-01; CAH-25,culling_and_spatial_index; core_algorithmic_hotpath,reporter_asserted; speculative,observed_cost; hypothetical,0,,"Frustum.intersectsBox false positives cause objects far outside the frustum to be considered visible; reporter says the imprecise test made his culling algorithm slower. Maintainers keep the fast test, docs to be improved.","""were seeing that a lot of tiles were visible despite being a large distance from the camera"" and ""my algorithm was a slower than it could have been because of this"" || ""I do see some notion online that these imperfect intersection tests are used under the assumption that the improved performance of the test is worth the trade off"""
27783,https://github.com/mrdoob/three.js/issues/27783,`VideoFrame` not supported as Texture source,CLOSED,2024-02-20,2024-02-26,Enhancement,perf_feature_request,cause_established,,1,TUD-10,texture_upload_decode,reporter_asserted,observed_cost,0,,"Request to support VideoFrame directly as texture source; the workaround of copying each VideoFrame to a canvas costs a few ms per frame, which is too costly for many high-frequency streams.","snosenzo: ""With `console.time` it took a few ms"""
27846,https://github.com/mrdoob/three.js/issues/27846,Transmission not working properly when a Reflector is added to the scene,CLOSED,2024-02-29,2024-03-09,Addons,correctness_bug,ruled_out_or_no_cause,,0,,,,,1,"Adding stencilBuffer to _transmissionRenderTarget reportedly causes a large FPS drop in transmission rendering; maintainer could not reproduce (only 1-2 FPS difference), and discussion was moved elsew","Nested render calls (Reflector) overwrite the renderer's single _transmissionRenderTarget, breaking transmission; fixed by per-render-state transmission render targets. A side comment reported a big FPS drop from adding stencilBuffer to the transmission render target, redirected elsewhere.",
27878,https://github.com/mrdoob/three.js/issues/27878,bloompass bug：flashing black block,CLOSED,2024-03-07,2024-03-13,Device Issue,correctness_bug,ruled_out_or_no_cause,,0,,,,,1,"Custom shader arithmetic produces NaN values which propagate through the bloom blur passes; NaN handling is implementation-defined per GPU/driver, so black blocks appear only on some hardware. Confirm",Black flashing blocks with UnrealBloomPass caused by NaN values produced in a custom fragment shader and propagated by the bloom blur; hardware-dependent NaN handling. Not fixable in three.js or the browser.,
27882,https://github.com/mrdoob/three.js/issues/27882,Show warning for undisposed geometries/materials using `FinalizationRegistry`?,CLOSED,2024-03-08,2024-03-09,Suggestion,perf_feature_request,cause_established,,1,MLD-01,memory_leak_disposal,maintainer_confirmed,observed_cost,0,,Suggestion to use FinalizationRegistry to warn about undisposed geometries/materials. Maintainers explain leaks come from engine-internal references not cleared without dispose(); closed as not worth core complexity.,"Mugen87: ""the engine internally holds references to specific objects that are only removed if `dispose()` is called on app level"""
27895,https://github.com/mrdoob/three.js/issues/27895,WebGPURenderer: Performance Drop Due to Cache Key Overhead After PR #26942,CLOSED,2024-03-10,2024-03-12,Regression; WebGPURenderer,perf_regression_report,cause_established,,1,WBO-01,webgpu_backend_overhead,measured,observed_cost,0,,"PR #26942 made WebGPURenderer's getCacheKey computation dominate CPU time per frame, raising CPU load from ~5% to 60-90% and making average scenes unusable.","body: ""has led to a significant increase in CPU usage for the WebGPURenderer's cache key system. CPU load went from around 5% overall to 60-90%"""
27905,https://github.com/mrdoob/three.js/issues/27905,Add volume calculator for 3d mesh,CLOSED,2024-03-12,2025-02-10,Enhancement,perf_feature_request,incidental,,0,,,,,0,,Request for a built-in mesh volume calculator; closed in favour of the third-party three-volume package. The only 'performance' token is performance.now() in a pasted snippet.,
27926,https://github.com/mrdoob/three.js/issues/27926,GLTFLoader: Don't duplicate vertex buffers when loading triangle fans and strips,CLOSED,2024-03-15,2026-06-29,Loaders,perf_defect_report,cause_established,,3,LPC-06; GBU-08; DCO-05,loader_parse_cost; geometry_buffer_updates; draw_call_overhead,reporter_asserted; measured; maintainer_confirmed,observed_cost; observed_cost; observed_cost,0,,"GLTFLoader's toTrianglesDrawMode clones the whole geometry (including attribute arrays) per triangle-fan/strip primitive, producing thousands of duplicate vertex buffers: 1.3MB of vertex data becomes ~9GB of RAM and 386M uploaded vertices.","body: ""The issue is that it clones the geometry, including the entire array buffer"" || donmccurdy: ""386,437,472 vertices if we upload attributes per-geometry (current), only 38,924 if we upload attributes individually or per by interleaved buffer"" || donmccurdy: ""Lot of draw calls either way""; ""reduced to ~30,000 vertices uploaded to the GPU, and 1 draw call"""
27979,https://github.com/mrdoob/three.js/issues/27979,BatchedMesh: add method to check if geometry can be added,OPEN,2024-03-23,,Suggestion,perf_feature_request,no_mechanism,,0,,,,,0,,Request for a public canAddGeometry/validateGeometry API on BatchedMesh. The claim that _validateGeometry is slow was retracted by the reporter with no mechanism identified.,
27980,https://github.com/mrdoob/three.js/issues/27980,BatchedMesh: `bufferSubData` causes lag,CLOSED,2024-03-23,2025-05-13,Question,perf_defect_report,cause_established,,2,GBU-03; AAM-04,geometry_buffer_updates; app_api_misuse,maintainer_confirmed; reporter_asserted,observed_cost; proposed_optimization,0,,"BatchedMesh.setGeometryAt triggered a full bufferSubData upload of the entire ~9M-element vertex buffer on every LOD swap, causing frame hitches; fixed by using addUpdateRange to upload only changed ranges.","gkjohnson: ""This will have been fixed in #27981 with the use of updateRanges"" || donmccurdy: ""you could switch between LODs generated by meshoptimizer without changing the vertex buffer at all"""
28020,https://github.com/mrdoob/three.js/issues/28020,Support non-integer loop start and ends when using pragma unroll_loop_*,OPEN,2024-03-28,,Enhancement,perf_feature_request,cause_asserted_unverified,,1,SPC-01,shader_program_compilation,reporter_asserted,observed_cost,1,Loop unrolling exists as a workaround for slow dynamic loops on older mobile GPUs; current benefit uncertain,Request to support non-integer (define-based) loop bounds in the unroll_loop pragma; side discussion on whether unrolling still matters for performance and on shader recompiles when loop counts change.,"sguimmara: ""I have to recompile the shader every time the number of iterations in the loop changes"""
28024,https://github.com/mrdoob/three.js/issues/28024,"Add transform origin (or ""pivot point"") support to the editor",CLOSED,2024-03-29,2024-03-29,Duplicate,perf_feature_request,duplicate,15965,0,,,,,0,,Request to add pivot/transform-origin support to the editor; closed as duplicate of #15965 (which was rejected in core partly over performance impact).,
28052,https://github.com/mrdoob/three.js/issues/28052,Add generator-based Object3D traversal methods,CLOSED,2024-04-02,2024-04-23,Suggestion,perf_feature_request,no_mechanism,,0,,,,,0,,Suggestion to add generator-based Object3D traversal; claims a performance increase but names no concrete cost mechanism.,
28073,https://github.com/mrdoob/three.js/issues/28073,Possible performance degradation in VR with r160 when using certain materials,CLOSED,2024-04-05,2024-04-09,,perf_regression_report,cause_asserted_unverified,,1,RTP-10,render_target_postprocessing,maintainer_confirmed,observed_cost,0,,"VR framerate regression from r160 with transmissive materials: the transmission render target now sizes to the WebXR framebuffer (and is twice as wide as needed), making the extra transmission pass far more expensive per eye.","mrxz: ""The WebXR framebuffer has two views side-by-side, but the transmission pass simply takes these dimensions and renders to the full extent (meaning it ends up twice the needed width)."""
28101,https://github.com/mrdoob/three.js/issues/28101,Add non-blocking large textures uploading to GPU - maybe via tiled uploading `copyTextureToTexture`,CLOSED,2024-04-09,2024-04-11,Suggestion,perf_feature_request,cause_established,,1,TUD-01,texture_upload_decode,measured,observed_cost,0,,"Uploading several 16k textures blocks the main thread for seconds; discussion of decode+upload cost, ImageBitmap, and KTX2 compression as mitigations.","body: ""8s to load the 7x16k and 8k textures"""
28102,https://github.com/mrdoob/three.js/issues/28102,Problem implementing frustum culling and sorting for InstancedMesh,CLOSED,2024-04-09,2024-08-15,Question,perf_feature_request,cause_asserted_unverified,,1,CASI-03,culling_and_spatial_index,reporter_asserted,proposed_optimization,0,,"Proposal to add per-instance frustum culling and sorting to InstancedMesh; declined in core, moved to external library.","body: ""a library that add frustum culling to `InstancedMesh`"""
28238,https://github.com/mrdoob/three.js/issues/28238,Black/gray outline shows around transparent textures when mipmaps are used.,CLOSED,2024-04-30,2024-04-30,Help (please use the forum),correctness_bug,incidental,,0,,,,,0,,Black fringes around transparent textures from mipmap interpolation with black RGB in transparent pixels; asset issue. Reporter mentions perf concerns of a shader-based fix.,
28247,https://github.com/mrdoob/three.js/issues/28247,Add StorageBufferAttribute to current version of Three.js,CLOSED,2024-04-30,2024-04-30,,perf_question_or_help,cause_established,,1,WBO-07,webgpu_backend_overhead,reporter_asserted,hypothetical,0,,Question about StorageBufferAttribute availability; answered that storage buffers are WebGPU-only and the WebGL fallback emulates them at a performance cost.,"aardgoose: ""emulates them at the expense of a lot of additional complexity and with lower performance than the native WebGPU types"""
28389,https://github.com/mrdoob/three.js/issues/28389,[WebGPU] drawIndirect and drawIndexedIndirect,CLOSED,2024-05-15,2025-02-10,WebGPURenderer,perf_feature_request,cause_asserted_unverified,,2,CGSS-01; CASI-03,cpu_gpu_sync_stall; culling_and_spatial_index,reporter_asserted; reporter_asserted,observed_cost; observed_cost,0,,Request for drawIndirect/drawIndexedIndirect in WebGPURenderer to enable GPU-driven culling; current CPU-side LOD/culling and GPU->CPU->GPU roundtrips are the bottleneck. Initial support landed via #29615.,"body: ""it would always require a gpu->cpu->gpu roundtrip to read how many meshlets should be displayed in order to properly call drawElements"" || AIFanatic: ""discarding geometry in the vertex shader gives some performance boost but not a lot"""
28635,https://github.com/mrdoob/three.js/issues/28635,Improve GPUComputationRenderer performance by using fullscreen triangle,CLOSED,2024-06-12,2024-06-12,,perf_feature_request,cause_asserted_unverified,,1,RTP-12,render_target_postprocessing,reporter_asserted,proposed_optimization,0,,Proposal to replace the 2x2 PlaneGeometry in GPUComputationRenderer with a fullscreen triangle to avoid redundant fragment work along the screen diagonal.,"body: ""eliminates unnecessary fragment calculations along the screen diagonal"""
28668,https://github.com/mrdoob/three.js/issues/28668,Why functions like Box3.getSize() need a vector3 parameter ? ,CLOSED,2024-06-16,2024-06-17,Help (please use the forum),perf_question_or_help,cause_asserted_unverified,,1,PFAG-01,per_frame_allocation_gc,speculative,hypothetical,0,,Question about why Box3.getSize() takes a target vector; answer is to avoid per-call object allocation and GC pressure.,"""It's intentional that the functions avoid creating an object every time the function is called."" — richfwebb, not a listed maintainer, no measurement"
28728,https://github.com/mrdoob/three.js/issues/28728,TSL: Wrong compilation of `min(...)` and `max(...)` with 3 or more parameters,CLOSED,2024-06-23,2025-03-23,Enhancement; TSL,correctness_bug,incidental,,0,,,,,0,,TSL min/max with >2 args compiles to invalid GLSL/WGSL; 'performance' only mentioned in passing about input validation cost.,
28749,https://github.com/mrdoob/three.js/issues/28749,PassNode: Implement Auto-MRT.,CLOSED,2024-06-26,2024-07-10,Enhancement; WebGPURenderer,perf_feature_request,cause_asserted_unverified,,2,RTP-13; RTP-04,render_target_postprocessing; render_target_postprocessing,reporter_asserted; speculative,proposed_optimization; hypothetical,0,,Request for auto-MRT in PassNode so normal/velocity buffers are produced in a single scene pass instead of extra passes.,"body: ""It would be good for performance if normal and velocity would be generated in one pass with beauty and depth."" || CodyJasonBennett: ""I worry this can be very bandwidth hungry if generalized to an attachment per element of data since we can't have mixed precision between MRT attachments"""
28751,https://github.com/mrdoob/three.js/issues/28751,Different default background colors of WebGLRenderer and WebGPURenderer,CLOSED,2024-06-26,2025-06-08,Bug; WebGPURenderer,correctness_bug,incidental,,0,,,,,0,,Default clear alpha/background differences between WebGL and WebGPU renderers; aside notes alpha:false context can be expensive.,
28754,https://github.com/mrdoob/three.js/issues/28754,WebGPURenderer: Make output of post-processing passes configurable.,CLOSED,2024-06-27,2024-07-01,Enhancement; WebGPURenderer,perf_feature_request,cause_established,,1,RTP-08,render_target_postprocessing,reporter_asserted,proposed_optimization,0,,Proposal to let post-processing passes declare input type so per-pixel effects can be fused into one shader instead of writing intermediate render targets.,"body: ""Always rendering effects to intermediate texture nodes as input for the next pass. This will negatively affect performance though."""
28776,https://github.com/mrdoob/three.js/issues/28776,Significant Performance Drop and High CPU Usage with BatchedMesh,OPEN,2024-07-01,,Needs Investigation,perf_defect_report,cause_asserted_unverified,,5,GBU-11; CASI-03; TS-08; AAM-07; IBL-07,geometry_buffer_updates; culling_and_spatial_index; transparency_sorting; app_api_misuse; instancing_batching_limits,speculative; reporter_asserted; reporter_asserted; speculative; speculative,hypothetical; observed_cost; observed_cost; proposed_optimization; hypothetical,0,,"BatchedMesh with large geometry counts (6k-200k) shows high CPU / lower FPS than merged or instanced meshes. Asserted mechanisms: per-frame upload of multiDraw starts/counts buffers, per-instance frustum culling and z-sorting loops in onBeforeRender rewriting _indirectTexture via texSubImage2D, multiDrawElementsWEBGL per-draw overhead (no instanced multidraw variant), and per-vertex texelFetch/gl_DrawID indirection added in 0.174. Maintainer could not confirm via profiler; unresolved.","comment by gkjohnson: ""my only guess is that it's due to the"" ... ""which will amount to ~1.6 MB of data for 200,000 items. It's hard to say for sure, though, because this isn't showing up on the profiler."" || comment by Shakhriddin: ""the freezes are due to the update `_indirectTexture`. And of course, this is due to the fact that there are a lot of instances and do `loop` through them all takes a lot of time"" || comment by lanvada: ""enabling the `sortObjects` option causes the `texSubImage2D` function to take up too much time"" || comment by nkallen: ""If you don't have a dynamic scene you shouldn't used BatchedMesh"" ... ""then you are paying a significant cost for no reason"" || comment by maud-stereo: ""This suggests the bottleneck might be related to `gl_DrawID` or `texelFetch`."""
28804,https://github.com/mrdoob/three.js/issues/28804,"When Three.js Version bigger than 164, the shadowMap cant be cache,This leads to a decrease in rendering performance,",CLOSED,2024-07-04,2024-07-04,Help (please use the forum),perf_question_or_help,cause_asserted_unverified,,1,AAM-04,app_api_misuse,speculative,hypothetical,0,,User disabled shadowMap.enabled after first frame to freeze shadow maps; maintainer couldn't reproduce and pointed to shadowMap.autoUpdate/needsUpdate as the correct API.,"body: ""this.renderer.shadowMap.enabled = false;"""
28831,https://github.com/mrdoob/three.js/issues/28831,WebGPURenderer: Unlit materials should not be tone mapped ,CLOSED,2024-07-07,2024-07-09,Won't fix,perf_defect_report,cause_established,,2,RTP-02; RTP-03,render_target_postprocessing; render_target_postprocessing,reporter_asserted; maintainer_confirmed,observed_cost; observed_cost,0,,"WebGPURenderer applies tone mapping/color space as a mandatory post pass, breaking material.toneMapped; discussion covers the performance cost of the extra pass vs inline conversion.","bhouston: ""It is 2x faster or better than using post-processing in my original tests - in part because it can use RGBA8 buffers rather than multiple FP buffers"" || sunag: ""so for materials with transmission or refractions we do not need to render opaque materials twice"""
28835,https://github.com/mrdoob/three.js/issues/28835,Scene/Camera Jitter when open in Meta Quest Browser,CLOSED,2024-07-08,2024-07-09,Browser Issue,perf_defect_report,cause_asserted_unverified,,1,DBD-07,device_browser_driver,speculative,observed_cost,0,,"Jitter/judder in Quest 2 browser when moving the camera; reproduces in other engines, suspected home-environment compositing overhead. Redirected to Meta.","cabanier: ""We suspect that the home environment is adding enough overhead that complex shaders in WebGL get overloaded."""
28868,https://github.com/mrdoob/three.js/issues/28868,VideoTexture: Slow performance on Quest Browser in non-XR mode.,CLOSED,2024-07-14,2025-10-11,Browser Issue,perf_defect_report,cause_established,,1,TUD-11,texture_upload_decode,maintainer_confirmed,observed_cost,0,,"Video texture examples run at 3-5fps in Quest Browser in non-XR mode; narrowed to a browser-level VideoTexture problem affecting WebGL, WebGPU and non-three.js demos alike.","Mugen87: ""In fact any demos using `THREE.VideoTexture` run slow."""
28905,https://github.com/mrdoob/three.js/issues/28905,Json Parsing changes for Shape/Path/Curves subclasses' CurrentPoint ,CLOSED,2024-07-17,2024-07-18,,other_nonperf,incidental,,0,,,,,0,,"Request to change Path/Curve JSON serialization of currentPoint from array to {x,y} object; declined for backwards compatibility. 'Performance' appears only as an aside about server-side data generation.",
28948,https://github.com/mrdoob/three.js/issues/28948,Using GLBufferAttribute with InterleavedBufferAttribute,CLOSED,2024-07-23,2024-07-24,Suggestion,perf_feature_request,cause_asserted_unverified,,1,GBU-14,geometry_buffer_updates,reporter_asserted,proposed_optimization,0,,Request to allow GLBufferAttribute to back InterleavedBufferAttribute so large data can live in GPU buffers without a JS-heap copy; maintainer agreed to a simple reorder of checks in WebGLAttributes.,"body: ""without needing to maintain a source array on the javascript heap"""
28957,https://github.com/mrdoob/three.js/issues/28957,Documentation: State of `WebGPURenderer` and Nodes,CLOSED,2024-07-24,2025-10-29,Documentation,perf_question_or_help,no_mechanism,,0,,,,,0,,Documentation question about WebGPURenderer/nodes state; maintainer mentions unresolved known performance issues but names no mechanism.,
28958,https://github.com/mrdoob/three.js/issues/28958,Mesh: allow caller to specify which geometry to raycast and ignore material visibility,CLOSED,2024-07-24,2024-07-30,Enhancement,perf_feature_request,cause_asserted_unverified,,1,RP-02,raycasting_picking,speculative,hypothetical,0,,"Request to raycast against an alternate (simplified) geometry without adding a non-renderable mesh to the scene graph; closed, existing workarounds suggested.","body: ""adding it to the scene graph is superfluous and might lead to performance overhead (even if the mesh is not `visible`)"""
28968,https://github.com/mrdoob/three.js/issues/28968,WebXR not supported on WebGPURenderer,CLOSED,2024-07-25,2026-05-20,Enhancement; WebGPURenderer,perf_feature_request,cause_established,,4,LUU-01; DCO-08; RTP-10; CGSS-07,lights_uniforms_ubo; draw_call_overhead; render_target_postprocessing; cpu_gpu_sync_stall,maintainer_confirmed; maintainer_confirmed; reporter_asserted; speculative,proposed_optimization; proposed_optimization; observed_cost; hypothetical,0,,"Request for WebXR support in WebGPURenderer; long discussion of multi-view rendering, camera UBO scoping and duplicate render objects/bindings as cost concerns.","Mugen87: ""Camera uniforms are maintained in the _shared_ `RENDER` UBO which means they are updated only once per render call."" || Mugen87: ""The idea of single-pass multi-view rendering is that you process a render item only once. As long as we don't use an extension, we have to manually execute the draw per view"" || cabanier: ""there is now an extra pass to do tonemapping"" || CodyJasonBennett: ""nor is it a good idea to mix WebGL and WebGPU on the same page, performance ramifications of a full copy aside"""
28980,https://github.com/mrdoob/three.js/issues/28980,Better performance support for passing `VideoFrame`'s to a `CanvasTexture` or `VideoTexture`,CLOSED,2024-07-26,2025-01-08,Enhancement,perf_feature_request,cause_asserted_unverified,,2,TUD-09; DBD-16,texture_upload_decode; device_browser_driver,reporter_asserted; reporter_asserted,observed_cost; observed_cost,0,,"CanvasTexture path allocates texture storage and uses texSubImage2D per frame, which is ~5x slower than texImage2D for VideoFrame uploads on the ANGLE/OpenGL backend; fixed by #30270.","body: ""threejs stores the image to texture storage and then runs `texSubImage2D` on it to send it to the GPU, which I thought might be the culprit"" || body: ""the performance of this is _markedly_ (~5x) worse using the OpenGL ANGLE graphics backend"""
28994,https://github.com/mrdoob/three.js/issues/28994,"Using the games_fps example, there is an exception in my model",CLOSED,2024-07-27,2026-02-24,Bug; Addons,correctness_bug,incidental,,0,,,,,0,,Capsule/Octree collision glitch in games_fps example with a custom model; reproduced by maintainer but not diagnosed. 'performance.now()' appears only in pasted code.,
29018,https://github.com/mrdoob/three.js/issues/29018,"BatchedMesh and gl.LINES, gl.POINTS",OPEN,2024-07-30,,Suggestion,perf_feature_request,cause_established,,3,O-07; IBL-02; DCO-10,other; instancing_batching_limits; draw_call_overhead,measured; reporter_asserted; reporter_asserted,observed_cost; observed_cost; proposed_optimization,0,,"Request to support gl.LINES/gl.POINTS with BatchedMesh multidraw; discussion establishes why Line2/LineSegments2 is expensive (long thin triangles, MSAA pressure) versus native gl.LINES, and why multidraw reduces draw calls.","""Almost by accident I decided to turn off MSAA and this is what I saw"" || ""LineSegments2 is expensive both because of the massive instancing operation"" || ""We now use multidraw for everything possible, rather than one draw call per object."""
29036,https://github.com/mrdoob/three.js/issues/29036,BatchedMesh without a transform array,OPEN,2024-07-31,,Suggestion,perf_feature_request,cause_asserted_unverified,,2,DCO-10; IBL-07,draw_call_overhead; instancing_batching_limits,reporter_asserted; reporter_asserted,observed_cost; proposed_optimization,0,,"Request to make BatchedMesh matrix/color textures optional; asserts VRAM and shader cost of unused per-instance transform texture lookups, and explains multidraw benefits over geometry groups.","nkallen: ""we get a big performance benefit from using multidraw, rather than threejs's (geometry) groups (which are individual draw calls)"" || body: ""it uses less VRAM, and it has a (small) effect on rasterization performance"""
29052,https://github.com/mrdoob/three.js/issues/29052,Nodes: SelectionPassNode,CLOSED,2024-08-01,2024-08-18,,perf_feature_request,cause_established,,1,RTP-03,render_target_postprocessing,maintainer_confirmed,proposed_optimization,0,,"Proposal for a SelectionPassNode; maintainer rejects it because an extra scene pass costs performance, recommending an MRT objectId node instead.","sunag: ""creating a new `pass()` for this would also harm performance"""
29075,https://github.com/mrdoob/three.js/issues/29075,[Sample] webgpu_performance_renderbundle sample could have more optimal usage of GPURenderBundles and GPUBindGroups,CLOSED,2024-08-06,2024-08-31,WebGPURenderer,perf_defect_report,cause_asserted_unverified,,1,WBO-03,webgpu_backend_overhead,reporter_asserted,proposed_optimization,0,,"WebGPU renderbundle example creates 4000 render bundles, bind groups, buffers and writeBuffer calls per frame instead of one; a browser engineer identifies the redundant per-object GPU object/upload overhead.","body: ""a render bundle per object is created. This seems unnecessary."""
29114,https://github.com/mrdoob/three.js/issues/29114,Batch rendering support for lines,CLOSED,2024-08-11,2024-08-15,Duplicate,perf_feature_request,duplicate,,0,,,,,0,,Request for BatchedLineSegments; closed as duplicate of #29018.,
29200,https://github.com/mrdoob/three.js/issues/29200,WebGPU - Duplicate shadow when logarithmicDepthBuffer is true - Shadow appears below and above object (WebGPU build 167),CLOSED,2024-08-21,2024-09-28,WebGPURenderer; Needs Investigation,correctness_bug,incidental,,0,,,,,0,,WebGPU logarithmicDepthBuffer produces duplicate shadows; fixed by PR #29447. No performance mechanism.,
29227,https://github.com/mrdoob/three.js/issues/29227,Visibility (Cull or hide) flags,CLOSED,2024-08-25,2024-09-11,Duplicate,perf_feature_request,duplicate,,0,,,,,0,,Idea for culling flags/occlusion culling APIs; merged into #13909.,
29235,https://github.com/mrdoob/three.js/issues/29235,gltf-model loading speed optimization,CLOSED,2024-08-27,2024-08-27,,perf_question_or_help,ruled_out_or_no_cause,,0,,,,,1,"glTF assets embedding resources as base64 Data URIs cause GLTFLoader to issue one fetch request per URI, offloading decoding to the browser rather than blocking the main thread",Thousands of fetch requests when loading a glTF with embedded Data URIs; maintainer explains Data URI decoding is offloaded to fetch to avoid blocking the main thread and recommends removing Data URIs from the asset.,
29349,https://github.com/mrdoob/three.js/issues/29349,Raycacting on moving instances of InstancedMesh doesn't work anymore,CLOSED,2024-09-07,2024-09-08,Help (please use the forum),perf_question_or_help,ruled_out_or_no_cause,,0,,,,,1,Per-frame computeBoundingSphere/computeBoundingBox calls needed after transforming InstancedMesh instances; maintainer states overhead is minor and that prior versions' raycasting was slower due to la,Raycasting against moved InstancedMesh instances fails since r151 because bounding volumes are stale; maintainer explains bounding-volume early-out and cost of recomputation.,
29429,https://github.com/mrdoob/three.js/issues/29429,WebGLRenderTarget: Allow opt-in for output transforms / image formation,OPEN,2024-09-17,,Suggestion,perf_feature_request,cause_asserted_unverified,,2,RTP-02; RTP-08,render_target_postprocessing; render_target_postprocessing,reporter_asserted; speculative,proposed_optimization; proposed_optimization,0,,"Proposal to let render targets opt into tone mapping/output transform so post-processing stacks avoid an extra full-screen pass, which is reportedly costly on mobile.","body: ""can force an additional (expensive!) pass in a post-processing stack. Based on feedback, this is problematic for mobile applications."" || gkjohnson: ""merges all postprocessing code it can into a single shader, if I recall right, in order to avoid expensive extra passes"""
29434,https://github.com/mrdoob/three.js/issues/29434,Version 168 accessing undefined variable in onContextRestore,CLOSED,2024-09-17,2024-09-22,,correctness_bug,no_mechanism,,0,,,,,0,,"Runtime error in onContextRestore on iOS Safari when the WebGL context becomes null after context loss; maintainer declined a fix, citing performance cost of pervasive null checks.",
29463,https://github.com/mrdoob/three.js/issues/29463,"BatchedMesh: Plans for adding ""optimize"" function",CLOSED,2024-09-22,2024-09-30,Enhancement,perf_feature_request,cause_established,,1,IBL-05,instancing_batching_limits,reporter_asserted,proposed_optimization,0,,Request for BatchedMesh.optimize() to compact fragmented geometry buffers after deletions; implemented in PRs #29527/#29523.,"body: ""BatchedMesh attribute buffer space can become fragmented or full if assets in the scene have been added or removed"""
29464,https://github.com/mrdoob/three.js/issues/29464,"BatchedMesh: Plans for adding a ""resize"" function",CLOSED,2024-09-22,2024-10-08,Enhancement,perf_feature_request,cause_asserted_unverified,,1,IBL-05,instancing_batching_limits,reporter_asserted,proposed_optimization,0,,"Request for BatchedMesh resize functions; discussion establishes that recreating a BatchedMesh forces re-extraction/re-add of all geometry, instances, matrices and colors, whereas internal resize is a block copy. Implemented in #29577.","gkjohnson: ""It will be cheaper in both performance and user code complexity."" — an unmeasured forward-looking claim about a not-yet-existing API, and donmccurdy explicitly hedges (""I'm not sure about `resizeGeometry`"")"
29549,https://github.com/mrdoob/three.js/issues/29549,WebGLRenderer: Output color space impacts final render color even when ColorManagement is disabled,CLOSED,2024-10-04,2024-10-07,Suggestion,correctness_bug,no_mechanism,,0,,,,,0,,Debate over outputColorSpace still affecting output when ColorManagement.enabled=false; closed with no change. Performance only mentioned speculatively as a possible future consideration.,
29580,https://github.com/mrdoob/three.js/issues/29580,BatchedMesh Example much slower on WebGPU than WebGL on Android,OPEN,2024-10-07,,Device Issue; WebGPURenderer,perf_defect_report,cause_established,,2,WBO-03; DBD-17,webgpu_backend_overhead; device_browser_driver,maintainer_confirmed; reporter_asserted,observed_cost; observed_cost,0,,WebGPU BatchedMesh example runs at ~13FPS vs ~25FPS on WebGL on Android; cause is lack of multi-draw in WebGPU forcing many individual draw calls. Also Safari device loss/1fps at high instance counts.,"RenaudRohlinger: ""The multiDrawAPI isn't currently supported in WebGPU, which is why a single multi-draw call with 20,000 batched elements performs significantly better in WebGL"" || Makio64: ""I dont crash at 20k instance on safari but im at 1fps.. when 120fps on chrome on the same machine"""
29668,https://github.com/mrdoob/three.js/issues/29668,Postprocessing: Add SSILVB GI and AO,CLOSED,2024-10-15,2025-09-08,Post-processing,perf_feature_request,cause_established,,2,RTP-06; RTP-13,render_target_postprocessing; render_target_postprocessing,reporter_asserted; maintainer_confirmed,proposed_optimization; proposed_optimization,1,Suspected memory leak in the GLSL demo page inflating frame time,"Request to add SSILVB screen-space GI/AO post-processing. Discussion covers per-pixel cost of the technique: bidirectional depth-buffer ray marching doubles depth samples, high-quality acos and importance-sampling defines cost extra ALU, stochastic depth cubemaps would 3x+ cost, and a suspected memory leak in the demo. Maintainer redirects to TSL/WebGPU post-processing as more efficient.","Mirko-Salm: ""you cut the number of depth buffer samples in half without doing the same to the quality"" || Mugen87: ""the new post processing in `WebGPURenderer` is more efficient and provides MRT support"""
29712,https://github.com/mrdoob/three.js/issues/29712,WebGPURenderer: `Animation.js` runs all the time in requestAnimationFrame.,CLOSED,2024-10-21,2024-10-24,WebGPURenderer,perf_defect_report,cause_asserted_unverified,,1,O-09,other,speculative,proposed_optimization,0,,"WebGPURenderer's Animation.js keeps a requestAnimationFrame loop running even when the app renders on demand, wasting CPU on frameId updates. Maintainer explains the loop is needed because a single render() call cannot safely bump frameId; closed as intended behavior.","""it would be necessary to update the `frameId` manually. Just a call of `render()` is not sufficient to raise the id counter""; reporter: ""Right now this logic doesn't pose a performance problem, but I feel like it's a bit of a waste of CUP"""
29740,https://github.com/mrdoob/three.js/issues/29740,BatchedMesh: Reorganization discussion,CLOSED,2024-10-24,2026-04-13,Suggestion,perf_feature_request,cause_established,,3,DCO-01; GBU-01; AAM-07,draw_call_overhead; geometry_buffer_updates; app_api_misuse,reporter_asserted; reporter_asserted; reporter_asserted,observed_cost; proposed_optimization; proposed_optimization,0,,"Design discussion on restructuring BatchedMesh. Establishes draw-call reduction as the class's benefit, and argues that rebuilding a batch from scratch (keeping source geometry resident) is more expensive in memory and time than in-place delete+optimize. Also notes throwing _validateGeometry forces try/catch in hot batching loops.","Ctrlmonster: ""very happy with the new class as it really eases the draw call issue"" || gkjohnson: ""Keeping the original geometry around in memory just to rebuild is an unnecessary cost and it's generally more expensive, anyway."" || Ctrlmonster: ""That would remove the need to do a `try catch` in the hot loop when finding a batch to add an object to."""
29768,https://github.com/mrdoob/three.js/issues/29768,GLTFLoader: Conflicting mesh/primitive/geometry mappings,OPEN,2024-10-30,,Loaders,correctness_bug,cause_asserted_unverified,,1,LPC-05,loader_parse_cost,speculative,hypothetical,0,,"GLTFLoader caches BufferGeometry by attribute set, which loses per-primitive .extras/userData and flattens mesh names. Proposed fix of including userData in the cache key is noted to duplicate geometry and raise VRAM/upload cost; geometry caching exists precisely to avoid duplicate GPU uploads.","""May duplicate geometry and raise VRAM cost in rare cases."""
29781,https://github.com/mrdoob/three.js/issues/29781,Need a Raw Shader solution for WebGPURenderer,OPEN,2024-10-31,,Suggestion,perf_feature_request,cause_asserted_unverified,,1,LUU-06,lights_uniforms_ubo,speculative,proposed_optimization,0,,"Request for raw GLSL/WGSL shader support in WebGPURenderer; TSL uniform handling puts uniforms into UBOs. Perf mentioned only in passing (raw shaders needed to 'squeeze out performance'), plus binding-count/struct packing remarks.","Spiri0: ""A struct with 12 bundled uniforms only uses one binding instead of the 12 individual uniforms and more efficient."""
29795,https://github.com/mrdoob/three.js/issues/29795,geometry.setAttribute is not working,CLOSED,2024-11-03,2024-11-05,Bug; WebGPURenderer,correctness_bug,cause_asserted_unverified,,2,SPC-07; MLD-02,shader_program_compilation; memory_leak_disposal,reporter_asserted; maintainer_confirmed,observed_cost; hypothetical,0,,"Replacing a BufferGeometry attribute via setAttribute broke in WebGPURenderer; fixed by PRs. A follow-up showed geometry replacement forced a material/shader re-setup, fixed in #29873.","Lafeu-p: ""when calling change, the material will be re-setup"" || Mugen87: ""since that potentially creates memory leaks"""
29830,https://github.com/mrdoob/three.js/issues/29830,Noise algorithm in WebGPURenderer - performance concerns,CLOSED,2024-11-07,2024-11-11,Question,perf_question_or_help,no_mechanism,,0,,,,,0,,User asks whether TSL-transpiled simplex noise is performant; maintainer sees no obvious flaw and shows getShaderAsync for inspecting output. No mechanism identified.,
29855,https://github.com/mrdoob/three.js/issues/29855,WebGLAnimation cannot be stopped from inside the animation loop,CLOSED,2024-11-10,2024-11-11,Question,perf_defect_report,cause_asserted_unverified,,1,CAH-27,core_algorithmic_hotpath,reporter_asserted,hypothetical,0,,"WebGLAnimation keeps requesting animation frames after setAnimationLoop(null) because onAnimationFrame doesn't check isAnimating, preventing CPU idle. Maintainer says intended; user uses setTimeout workaround.","""the loop will unconditionally add a new request"""
29898,https://github.com/mrdoob/three.js/issues/29898,.initRenderTarget missing in WebGPURenderer,CLOSED,2024-11-15,2024-12-19,Enhancement,perf_feature_request,cause_established,,2,TUD-08; RTP-05,texture_upload_decode; render_target_postprocessing,maintainer_confirmed; speculative,observed_cost; hypothetical,0,,"Request for initRenderTarget/initTexture in WebGPURenderer to pre-allocate GPU resources; maintainer says initTexture exists to avoid texture decode overhead but render targets have no such cost, and closes for lack of a demonstrated case.","Mugen87: ""the purpose of `initTexture()` is to eliminate the texture decode overhead"" || Makio64: ""I can feel there is a short latency during the frame"" — never demonstrated; issue closed asking for a demo"
29899,https://github.com/mrdoob/three.js/issues/29899,Threejs V2,CLOSED,2024-11-15,2024-11-21,Suggestion,other_nonperf,cause_established,,1,WBO-07,webgpu_backend_overhead,speculative,hypothetical,0,,Branding proposal to call WebGPURenderer 'three.js v2'; rejected by mrdoob. Only incidental perf remark about WebGL2 compute emulation.,"RenaudRohlinger: ""Emulating such features in WebGL2 using double array buffers and PBOs imposes substantial performance limitations."""
29916,https://github.com/mrdoob/three.js/issues/29916,Improve compatibility of three/webgpu with nextjs,CLOSED,2024-11-17,2024-11-24,WebGPURenderer,other_nonperf,incidental,,0,,,,,0,,"three/webgpu references `self` at module top level, breaking Next.js SSR builds; workaround is dynamic import. Performance only mentioned as an aside about client-side bundles.",
29949,https://github.com/mrdoob/three.js/issues/29949,Problem with manual update matrix,CLOSED,2024-11-23,2024-11-23,,perf_question_or_help,cause_established,,1,MWU-02,matrix_world_updates,maintainer_confirmed,proposed_optimization,0,,User disabling matrixWorldAutoUpdate for static-object performance found objects frozen; behavior is by design. Maintainer advises keeping matrixWorldAutoUpdate on and only disabling matrixAutoUpdate.,"Mugen87: ""you can already save some overhead if you set `matrixAutoUpdate` to `false` and update local matrices on demand"""
29980,https://github.com/mrdoob/three.js/issues/29980,WebGPURenderer: Models with morphs are less performant,OPEN,2024-11-27,,WebGPURenderer; Needs Investigation,perf_defect_report,cause_established,,1,AS-02,animation_skinning,measured,observed_cost,0,,Profiling shows models with morph targets are much slower on GPU under WebGPURenderer than WebGL (1.79ms vs 0.08ms); later PRs improved it. Skinning also reported slower.,"""models with morphs have much lesser GPU performance compared to the same model without morphs"" plus timestamp tables (morph webgpu gpu 1.796866048 vs 0.52953088)"
30017,https://github.com/mrdoob/three.js/issues/30017,Add transmission render target scale for performance improvements,CLOSED,2024-12-02,2024-12-09,Enhancement,perf_feature_request,cause_asserted_unverified,,1,RTP-01,render_target_postprocessing,reporter_asserted,observed_cost,0,,"Request for a scale factor on the transmission render target, since rendering it at full viewport resolution is a considerable perf cost with little visual gain when downscaled.","""considerable performance impact of rendering at full resolution and minimal visual degradation by scaling it's size"""
30040,https://github.com/mrdoob/three.js/issues/30040,USDZ exporter premultiplies alpha in textures when Texture.premultiplyAlpha == false ,OPEN,2024-12-05,,Addons,correctness_bug,ruled_out_or_no_cause,,0,,,,,1,"Workaround extracts texture data via WebGL2 readPixels round-trip and encodes PNG in JS (fast-png) instead of Canvas2D, which is much slower during export",USDZExporter uses Canvas2D which premultiplies alpha; the reporter's WebGL2+fast-png workaround fixes correctness but is much slower.,
30065,https://github.com/mrdoob/three.js/issues/30065,WebGPURenderer: Shadows Performances Issues,CLOSED,2024-12-08,2025-01-14,WebGPURenderer,perf_defect_report,cause_established,,1,SM-07,shadow_maps,reporter_asserted,observed_cost,0,,"WebGPURenderer shadow pass runs renderObject.needsUpdate/cache key evaluation per object per frame, costing ~30% FPS; receiveShadow bumping the cacheKey suspected to force updates.","body: ""renderShadow from calling `renderObject.needsUpdate` on every frame for every object"""
30099,https://github.com/mrdoob/three.js/issues/30099,THREE.WebGPURenderer: WebGPU Device Lost - displaying on all three examples and own project,CLOSED,2024-12-11,2024-12-16,Device Issue,perf_question_or_help,ruled_out_or_no_cause,,0,,,,,1,"Browser/GPU driver fails to keep a WebGPU device alive on this hardware; device loss reproduces with non-three.js WebGPU samples, so it is outside three.js","WebGPU Device Lost on a specific laptop; reproduces with non-three.js WebGPU samples, so it is a browser/driver issue.",
30168,https://github.com/mrdoob/three.js/issues/30168,Replacing an attribute of a geometry instanced by another new attribute with a superior length break the renderer,CLOSED,2024-12-19,2025-06-06,Bug,perf_defect_report,cause_established,,1,GBU-11,geometry_buffer_updates,reporter_asserted,proposed_optimization,1,"Renderer caches the RenderObject/buffer when a geometry attribute is replaced (tracking only version, not uuid), so the new larger attribute is never uploaded and rendering breaks",Replacing an InstancedBufferAttribute with a larger one breaks WebGPURenderer; RenderObject/InstanceNode buffers are not rebuilt. Discussion covers cost of buffer recreation vs oversized buffers.,"Samsy: ""so the app does not require to upload 45.000 indexes ( if you consider 30 characters is the maximum ) per frame when it only needs 1.500"""
30181,https://github.com/mrdoob/three.js/issues/30181,GLTFLoader support KHR_texture_procedurals,OPEN,2024-12-21,,Loaders,perf_feature_request,incidental,,0,,,,,0,,Request for GLTFLoader support of KHR_texture_procedurals/MaterialX; aside on node ordering affecting loader performance.,
30184,https://github.com/mrdoob/three.js/issues/30184,`DataTexture`: Proposal to support partial update,CLOSED,2024-12-21,2025-07-22,Suggestion,perf_feature_request,cause_established,,3,TUD-09; CGSS-04; CGSS-02,texture_upload_decode; cpu_gpu_sync_stall; cpu_gpu_sync_stall,reporter_asserted; speculative; upstream_bug,proposed_optimization; hypothetical; hypothetical,0,,Proposal for partial DataTexture updates; full texture re-upload for a single changed pixel (BatchedMesh matrix/color/indirect textures) is a major cost. Implemented in #30998.,"gkjohnson: ""Uploading the whole image for just a single pixel is a waist."" || RenaudRohlinger: ""probably improves by a lot your advanced BatchedMesh performances"" (hedged); Nmzik reports no observed improvement || Nmzik: ""compressedTexSubImage2D will **ALWAYS** trigger CPU readback from PBO"" with ANGLE source link"
30185,https://github.com/mrdoob/three.js/issues/30185,WebGLRenderer: Add support for Node Materials,CLOSED,2024-12-22,2026-03-16,TSL,perf_feature_request,cause_established,,3,LUU-07; RTP-03; CGSS-02,lights_uniforms_ubo; render_target_postprocessing; cpu_gpu_sync_stall,maintainer_confirmed; maintainer_confirmed; speculative,proposed_optimization; observed_cost; hypothetical,0,,"Discussion about backporting Node Materials/TSL to WebGLRenderer as a migration path to WebGPURenderer. Performance appears as side concerns: WebGPURenderer's uniform/binding architecture is more efficient, WebGLRenderer renders opaque objects twice for transmission, WebGPURenderer's WebGL fallback has perf/stability issues, and WebGL transform feedback/PBOs cause software fallbacks and sync stalls. Resolved via WebGLNodesHandler addon (#32851).","Mugen87: ""the whole uniforms/bindings topic is implemented differently (more efficiently) in `WebGPURenderer`"" || sunag: ""WebGPURenderer does not render the opaque materials twice when using transmission materials like WebGLRenderer, instead it copies the g-buffer to a texture"" || CodyJasonBennett: ""WebGL easily degrades in performance with software fallbacks and expensive syncs/flushes"""
30195,https://github.com/mrdoob/three.js/issues/30195,Add a Method to Convert Between Material Types Without Traversing Object3D,CLOSED,2024-12-24,2024-12-24,,perf_feature_request,no_mechanism,,0,,,,,0,,Request for a material type conversion method; resolved by material2.copy(material1). Performance only mentioned as a passing worry.,
30220,https://github.com/mrdoob/three.js/issues/30220,getShadowMask equivalent in TSL ,CLOSED,2024-12-27,2025-01-01,WebGPURenderer; Needs Investigation,perf_question_or_help,incidental,,0,,,,,0,,Request for getShadowMask equivalent in TSL for Water; discussion notes Gouraud shading's small perf benefit isn't worth the edge cases.,
30234,https://github.com/mrdoob/three.js/issues/30234,Huge Performances issues / rebuilding node / updating material ,CLOSED,2024-12-30,2024-12-30,WebGPURenderer,perf_defect_report,cause_established,,1,SPC-07,shader_program_compilation,maintainer_confirmed,observed_cost,0,,"App rebuilt node material every frame, forcing shader recompilation each step; maintainer identified it as API misuse, suggesting material swapping instead.","sunag: ""You are generating a new shader for the material every time step"" and ""This approach should be replaced with multiple materials instead of replacing nodes and forcing a rebuild."""
30261,https://github.com/mrdoob/three.js/issues/30261,"Add an expand method to Vector2, Vector3, Quaternion, etc.",CLOSED,2025-01-03,2025-01-04,Suggestion,perf_feature_request,cause_established,,1,PFAG-04,per_frame_allocation_gc,maintainer_confirmed,hypothetical,0,,Proposal for Vector.expand(); maintainer rejects due to per-call array allocation causing GC churn.,"Mugen87: ""you increase the memory churn and thus end up with more GC overhead"""
30292,https://github.com/mrdoob/three.js/issues/30292,NaN radius on 2 component attributes,CLOSED,2025-01-08,2025-01-08,Duplicate,correctness_bug,duplicate,,0,,,,,0,,2-component position attribute yields NaN bounding sphere; closed as duplicate/won't fix.,
30305,https://github.com/mrdoob/three.js/issues/30305,Improve explanation on how to migrate from 151 to 152 color management,CLOSED,2025-01-11,2025-10-27,Suggestion; Documentation,perf_question_or_help,ruled_out_or_no_cause,,0,,,,,1,"WebGLRenderer writes shader output directly to the drawing buffer and does not perform an extra full-screen conversion pass, because that additional pass over the entire image would cost performance; ",Color management migration docs discussion; explains WebGLRenderer blends in output color space because a full-image conversion pass was avoided for performance.,
30326,https://github.com/mrdoob/three.js/issues/30326,Disable jpg conversion for performance reason,CLOSED,2025-01-14,2025-01-17,Suggestion,perf_feature_request,cause_asserted_unverified,,1,TUD-18,texture_upload_decode,speculative,proposed_optimization,0,,"Request to disable ImageUtils.getDataURL's JPG conversion of >2048px images, added originally for performance; maintainer questions whether it's still needed.","""converts an PNG images to jpg for performance reasons""; Mugen87: ""I wonder if the JPG fallback is still necessary"""
30327,https://github.com/mrdoob/three.js/issues/30327,"When i use BatchedMesh, some model matrix scale is (-1,-1,-1) , the lighting calculation of the model is incorrect",CLOSED,2025-01-15,2025-01-20,,correctness_bug,incidental,,0,,,,,0,,Incorrect normals for negatively scaled BatchedMesh instances; user avoided double-sided material fix citing rendering cost.,
30344,https://github.com/mrdoob/three.js/issues/30344,Slow rendering on : webgpu_compute_particles,CLOSED,2025-01-17,2025-02-05,Suggestion,perf_defect_report,cause_established,,1,FOR-01,fillrate_overdraw_resolution,maintainer_confirmed,observed_cost,0,,webgpu_compute_particles slow on iPhone; maintainer identifies fragment-shader-bound overdraw from 1M particles rather than compute cost.,"Mugen87: ""When an application is fragment shader bound, using WebGPU won't help."" plus reporter's measurement ""top angle : 60fps"" / ""bottom angle : 20fps"""
30352,https://github.com/mrdoob/three.js/issues/30352,InstancedMesh significantly slower than Mesh with shared attributes,CLOSED,2025-01-17,2025-01-24,,perf_defect_report,cause_asserted_unverified,,1,IBL-04,instancing_batching_limits,speculative,hypothetical,0,,"InstancedMesh slower than many Meshes; maintainers attribute it to overdraw since InstancedMesh instances are not depth-sorted, unlike BatchedMesh.","gkjohnson: ""My assumption is also that this is due to overdraw since InstancedMesh instances are not sorted"" (hedged as an assumption; also ""There is no apparent performance difference in the demo on my machine"")"
30403,https://github.com/mrdoob/three.js/issues/30403,"Add support for hiding, deleting, or managing individual instances in InstancedMesh",CLOSED,2025-01-26,2025-01-27,Enhancement,perf_feature_request,no_mechanism,,0,,,,,0,,Request for per-instance hide/delete API on InstancedMesh; redirected to BatchedMesh which supports culling and sorting. No cost mechanism established.,
30482,https://github.com/mrdoob/three.js/issues/30482,Merge textures of BatchedMesh,CLOSED,2025-02-08,2025-02-13,Suggestion,perf_feature_request,cause_asserted_unverified,,0,,,,,0,,"Proposal to merge BatchedMesh's 2-3 per-mesh textures (indirect, matrices, colors) into one to reduce per-frame texture binds/updates; maintainer saw it as a micro-optimization with no demonstrated issue and closed it.",
30512,https://github.com/mrdoob/three.js/issues/30512,Improve Performance of CSG and Geometry Operations Using WASM,CLOSED,2025-02-12,2025-02-13,,perf_feature_request,cause_asserted_unverified,,0,,,,,0,,"Request to move CSG/geometry math to WASM for speed; maintainers noted three.js has no CSG code, discussion fizzled.",
30516,https://github.com/mrdoob/three.js/issues/30516,Scene environment and scene background are leaking after deep clean,CLOSED,2025-02-13,2025-02-17,,perf_defect_report,cause_established,,1,MLD-07,memory_leak_disposal,reporter_asserted,observed_cost,0,,"After deep-cleaning a scene, textures/geometries from scene.environment/background remain; the internal PMREMGenerator is never disposed (only its output render target), so its _pingPongRenderTarget texture accumulates per clean/repopulate cycle.","catalin-enache: ""But the `PMREMGenerator` instance itself is not disposed."""
30560,https://github.com/mrdoob/three.js/issues/30560,WebGPURenderer: Current UBO system has severe performance issues with many render items.,OPEN,2025-02-19,,WebGPURenderer; Needs Investigation; High priority,perf_defect_report,cause_established,,3,LUU-01; DCO-03; DBD-01,lights_uniforms_ubo; draw_call_overhead; device_browser_driver,measured; maintainer_confirmed; upstream_bug,observed_cost; observed_cost; observed_cost,0,,"WebGPURenderer is ~4x slower than WebGLRenderer with 20k non-instanced meshes because each render object has its own UBO that must be bound and updated per draw; profiling shows time in bindBufferBase/bindBuffer/bufferData, and gl.bindBufferBase is especially slow on Metal/ANGLE.","Mugen87: ""Because every object has its own UBO for managing their object scope uniforms, each frame all UBOs must be bound and updated which seems to cause a considerable amount of overhead."" || Mugen87: ""there is a considerable amount of state changes between each `drawElements()` command"" || It's slow on Metal because the GLSL ES 3.0 UBO layouts are incompatible with Metal MSL layouts and so there's a translation step. (see https://issues.angleproject.org/issues/459088194)"
30589,https://github.com/mrdoob/three.js/issues/30589,WebGLbackend: autoClear bug,CLOSED,2025-02-23,2025-02-24,Device Issue,correctness_bug,cause_established,,0,,,,,0,,"WebGLBackend rendering corruption with MSAA on Nvidia+Chrome traced to gl.invalidateFramebuffer/invalidateSubFramebuffer calls; removing them fixes it. Mechanism relates to driver behaviour, not perf cost per se.",
30599,https://github.com/mrdoob/three.js/issues/30599,WEBGPURender: GLTF mesh is destroyed,CLOSED,2025-02-24,2025-03-24,Bug; WebGPURenderer,correctness_bug,ruled_out_or_no_cause,,0,,,,,1,"WebGPU supports only 32-bit integer shader attributes, so quantized uint8/uint16 meshopt vertex attributes were mishandled by the WebGPU backend (fixed in #30749)","Meshopt-quantized (u)int8/16 vertex attributes were not handled by the WebGPU backend, corrupting skinned GLTF meshes; fixed in #30749 since WebGPU only supports 32-bit integer shader attributes.",
30693,https://github.com/mrdoob/three.js/issues/30693,PointLightHelper can't dispose when  use WebGPURenderer,CLOSED,2025-03-09,2025-03-09,Regression,correctness_bug,no_mechanism,,0,,,,,0,,PointLightHelper.dispose() throws with WebGPURenderer (missing destroy method); no performance mechanism discussed.,
30701,https://github.com/mrdoob/three.js/issues/30701,BundleGroup: `static=true` leads to wrong binding updates. ,CLOSED,2025-03-10,2026-08-06,Bug; WebGPURenderer,correctness_bug,ruled_out_or_no_cause,,0,,,,,1,"NodeMaterialObserver.needsRefresh() early-returns false for static bundles after the first per-frame renderId-triggered refresh, so subsequent render objects sharing the observer skip uniform-buffer u","With BundleGroup static=true, NodeMaterialObserver.needsRefresh() returns true only for the first render object of a frame (renderId check) and early-returns false for the rest, so only the first material's UBO is updated.",
30725,https://github.com/mrdoob/three.js/issues/30725,Support for WebGPU Compatibility Mode,OPEN,2025-03-11,,Enhancement; WebGPURenderer,perf_feature_request,incidental,,0,,,,,0,,"Request to support WebGPU compatibility mode so WebGPU (and compute shaders) can run on older devices; discussion catalogues compat limits that break three.js examples (mipmap generation, 16k UBO, 128 workgroup invocations, 4096 texture size, per-target blending, multisampled rgba16float).",
30849,https://github.com/mrdoob/three.js/issues/30849,TSL Roadmap,OPEN,2025-04-02,,WebGPURenderer; TSL,meta_or_audit,cause_asserted_unverified,,1,CAH-14,core_algorithmic_hotpath,speculative,proposed_optimization,0,,TSL roadmap tracking usability/perf/maintainability tasks; includes replacing Proxy with prototype for better performance and notes about Fn inlining vs function calls.,"body: ""Investigate the feasibility of using prototypes instead of `Proxy` for better performance."""
30919,https://github.com/mrdoob/three.js/issues/30919,src: Use chain style.,CLOSED,2025-04-12,2025-04-15,Suggestion,other_nonperf,incidental,,0,,,,,0,,Style suggestion to use chained calls in src; performance explicitly untested and irrelevant. Maintainer declined.,
30931,https://github.com/mrdoob/three.js/issues/30931,TrackballControls does not support on-demand rendering like OrbitControls,OPEN,2025-04-15,,Addons,correctness_bug,cause_asserted_unverified,,1,AAM-02,app_api_misuse,reporter_asserted,observed_cost,0,,"TrackballControls does not fire 'change' on wheel zoom, breaking on-demand rendering so apps must render in a continuous loop.","body: ""does not emit the `change` event on all interactions (such as mouse wheel zoom)"""
30955,https://github.com/mrdoob/three.js/issues/30955,WebGPURenderer: Geometry transformations are broken at large scales,CLOSED,2025-04-19,2025-04-20,,correctness_bug,cause_established,,1,LUU-08,lights_uniforms_ubo,maintainer_confirmed,proposed_optimization,1,modelViewMatrix computed on GPU rather than per-object on CPU (traded precision for performance),"WebGPURenderer computes modelViewMatrix on GPU (fp32) instead of CPU for performance, causing precision jitter at large coordinates; high-precision nodes exist as opt-in.","sunag: ""the differences are quite significant in relation to performance especially if we want to use a `RenderBundle`"""
30982,https://github.com/mrdoob/three.js/issues/30982,Add support for dispatchWorkgroupsIndirect,CLOSED,2025-04-23,2025-10-27,WebGPURenderer,perf_feature_request,cause_asserted_unverified,,0,,,,,0,,Request for dispatchWorkgroupsIndirect so compute dispatch counts derived from GPU output don't require a CPU readback/round-trip; implemented in #31488.,
31019,https://github.com/mrdoob/three.js/issues/31019,Add layer option for createEquirectLayer,CLOSED,2025-04-28,2025-04-29,,perf_feature_request,cause_asserted_unverified,,1,TUD-05,texture_upload_decode,reporter_asserted,proposed_optimization,0,,"Request for API to create native WebXR equirect video layers, which avoid rendering video through the app's own textured mesh on Quest.","body: ""I've investigated the native video layers for Quest headsets for better performance."""
31055,https://github.com/mrdoob/three.js/issues/31055,The performance of the WebGPU Renderer is much slower than WebGL,CLOSED,2025-05-06,2025-05-06,Duplicate,perf_defect_report,duplicate,30560,0,,,,,0,,WebGPURenderer ~10x slower than WebGL with 3000 unbatched moving cubes; closed as duplicate of #30560 (UBO per-object uniform update cost).,
31056,https://github.com/mrdoob/three.js/issues/31056,"When using the WebGPU renderer, the second call to LineSegmentsGeometry.setPositions does not take effect",CLOSED,2025-05-06,2026-05-14,Addons,correctness_bug,cause_established,,1,GBU-01,geometry_buffer_updates,maintainer_confirmed,proposed_optimization,0,,"LineSegmentsGeometry.setPositions replaces attributes via setAttribute, which WebGPURenderer no longer honors; workaround of disposing/recreating geometry causes VRAM churn.","Mugen87: ""Ideally the implementation would not use `setAttribute()` twice but only once when no attributes are defined yet."""
31086,https://github.com/mrdoob/three.js/issues/31086,WEBGL // UBO (Uniform Buffer Object) with `onBeforeCompile` is not working.,CLOSED,2025-05-12,2025-05-12,Question,perf_question_or_help,cause_established,,1,LUU-07,lights_uniforms_ubo,maintainer_confirmed,observed_cost,0,,UBOs only supported for ShaderMaterial/RawShaderMaterial in WebGLRenderer; maintainer notes deeper UBO integration is blocked by a known uniform-update performance problem (#30560).,"Mugen87: ""encountered a performance issue when updating uniform values"""
31093,https://github.com/mrdoob/three.js/issues/31093,Texture updates seem to execute faster calling texImage2D than using built-in functionality,CLOSED,2025-05-13,2025-05-15,,perf_defect_report,cause_established,,1,TUD-11,texture_upload_decode,reporter_asserted,observed_cost,0,,Full 3k texture updates via DataTexture (texStorage2D + texSubImage2D) profiled 1.5–3.5ms vs 0.6–1.0ms for direct texImage2D; reporter later found texStorage/texSubImage path is itself slow. Closed for lack of clean repro (Electron/angular).,"""it shows that texSubImage2D takes 1.5 to 3.5ms"" vs ""around 0.6ms to 1.0ms for a 3000 x 3000 texture""; later ""I tried to replace the glTexImage2D call with glTexStorage2D and use glTexSubImage2D when updating it. This then resulted in a similar slower texture update."""
31173,https://github.com/mrdoob/three.js/issues/31173,Understanding building / accessing a material map in an abstract way inside a Fn function without passing an argument,CLOSED,2025-05-26,2025-05-28,TSL,perf_question_or_help,cause_asserted_unverified,,1,SPC-04,shader_program_compilation,reporter_asserted,observed_cost,0,,"Passing material.map as an Fn argument prevents node pre-computation, so the TSL node graph/shader is rebuilt per material; fix is uniform texture with onObjectUpdate to share one precomputed function.","body: ""Assigning a non computed Fn into a node, increases building time X materials required to be built"""
31338,https://github.com/mrdoob/three.js/issues/31338,Limit buffer geometry updates,CLOSED,2025-06-30,2025-07-19,Enhancement,perf_feature_request,cause_established,,2,GBU-03; SPC-11,geometry_buffer_updates; shader_program_compilation,measured; measured,observed_cost; observed_cost,0,,Request for a budgeting mechanism to limit per-frame geometry buffer uploads; profiling showed shader compilation dominates and bufferSubData cost only matters at very large vertex counts. Closed without repro.,"gkjohnson: ""buffer attribute updates start to become more noticeable at 1 million + vertices"" || Mugen87: ""`setProgram()` (which also compiles the shader) takes more time than anything else in the renderer"""
31350,https://github.com/mrdoob/three.js/issues/31350,Error in PBR materials,CLOSED,2025-07-01,2025-11-19,Needs Investigation,correctness_bug,cause_asserted_unverified,,1,CAH-04,core_algorithmic_hotpath,speculative,hypothetical,0,,PBR energy-conservation/iridescence mismatch vs glTF spec; performance mentioned as a tradeoff of the separate dielectric/metal BRDF model.,"WestLangley: ""I would expect it is computationally more expensive than the three.js implementation, but that would have to be tested."""
31367,https://github.com/mrdoob/three.js/issues/31367,An error occurred when SkyMesh and ao were used simultaneously,CLOSED,2025-07-05,2025-07-11,Nodes,correctness_bug,incidental,,0,,,,,0,,WebGPU pipeline validation error when SkyMesh (no normal output) is used with MRT + GTAO; 'performance' only appears in a pasted code comment.,
31520,https://github.com/mrdoob/three.js/issues/31520,Typescript Errors since 0.162.0,CLOSED,2025-07-28,2025-07-28,,other_nonperf,incidental,,0,,,,,0,,TypeScript type errors after upgrading @types/three; redirected to three-ts-types repo. 'performance' only appears as a package name.,
31565,https://github.com/mrdoob/three.js/issues/31565,Major performance regression in Webgpu volume caustic example from v178 to v179,CLOSED,2025-08-04,2025-08-07,Regression,perf_regression_report,cause_asserted_unverified,,1,RTP-17,render_target_postprocessing,maintainer_confirmed,observed_cost,0,,WebGPU volume caustics example drops from 120fps to 30fps between r178 and r179; maintainer bisected to PR #31343 (Gaussian blur changes).,"sunag: ""Probably because of the improvements in Gaussian blur""; Mugen87: ""I had a closer look and the regression starts with #31343."""
31610,https://github.com/mrdoob/three.js/issues/31610,Does a second outputStruct make sense?,CLOSED,2025-08-09,2025-08-29,TSL,perf_feature_request,cause_asserted_unverified,,1,AAM-06,app_api_misuse,reporter_asserted,proposed_optimization,0,,"Request to return a struct from a single fragment shader for MRT output, to avoid duplicating normal calculations in a second fragment shader. Closed pending a compelling use case.","""I'm currently using two fragment shaders with the outputStruct. In the second one, however, I repeat exactly the same calculations as in the first one for the normals."" — but reporter also says ""Admittedly, this isn't a bottleneck."""
31614,https://github.com/mrdoob/three.js/issues/31614,Feature Request: Add Fire/Flame Effect Example with WebGPU/TSL,CLOSED,2025-08-10,2025-08-11,Help (please use the forum),perf_feature_request,no_mechanism,,0,,,,,0,,Request for an official volumetric fire/TSL example; redirected to forum/third-party. Performance only mentioned as a feature of the referenced library.,
31624,https://github.com/mrdoob/three.js/issues/31624,SSRPass: Resolution Scale?,CLOSED,2025-08-11,2025-08-12,Enhancement,perf_feature_request,cause_established,,1,RTP-01,render_target_postprocessing,maintainer_confirmed,proposed_optimization,0,,Request for resolution scaling in SSRPass; SSR at full resolution is too expensive on mobile. Mugen87 added resolution scale to SSRPass (SSRNode already had it).,"Mugen87: ""I have reconsidered your use case and I agree for a useful SSR you want resolution scaling in place. I've added it to `SSRPass`"""
31636,https://github.com/mrdoob/three.js/issues/31636,TSL: Store nodes in temporary variables if they are used in a loop,CLOSED,2025-08-13,2025-09-28,Bug; TSL,perf_defect_report,cause_established,,1,CAH-14,core_algorithmic_hotpath,maintainer_confirmed,observed_cost,0,,"TSL does not hoist a node computed outside a loop into a temporary variable, so its expensive computation is re-emitted inside the loop body and executed every iteration.","sunag: ""I’m working on a strategy to define the variable in a function call in case there’s an internal loop."" and ""this issue to me is a bug"""
31660,https://github.com/mrdoob/three.js/issues/31660,TSL: envNode with renderTarget does not update,CLOSED,2025-08-16,2025-08-16,,correctness_bug,incidental,,0,,,,,0,,Equirect render target assigned to envNode/envMap isn't updated because PMREM/CubeMapNode don't detect changes; fixed with needsPMREMUpdate. Perf only mentioned as an aside about baked envmap grids.,
31672,https://github.com/mrdoob/three.js/issues/31672,WebXR: Frustum culling inconsistency between renderers,OPEN,2025-08-18,,WebXR,perf_defect_report,no_mechanism,,0,,,,,0,,Frustum culling inconsistency between WebGLRenderer (union frustum via setProjectionFromUnion) and WebGPURenderer (per-camera FrustumArray) for XR ArrayCameras; perf impact of the difference explicitly unknown.,
31674,https://github.com/mrdoob/three.js/issues/31674,TSL: Slow compilation time,OPEN,2025-08-18,,TSL,perf_defect_report,cause_established,,2,WBO-02; SPC-03,webgpu_backend_overhead; shader_program_compilation,reporter_asserted; reporter_asserted,proposed_optimization; observed_cost,0,,"Large TSL shaders take ~8s to compile; investigation found excessive redundant createBindGroupLayout calls due to broken bindingsReference caching, plus node build/getNodeType overhead.","cmhhelgeson: ""The number of generated bind group layouts went down from around 120 to a maximum of 11 after camera motion."" || body: ""creating 40 TSL shaders on init, which takes ~8 seconds to compile after first render call"""
31675,https://github.com/mrdoob/three.js/issues/31675,WebGPURenderer: MeshPhysicalMaterial creation is 10x slower than in WebGLRenderer,CLOSED,2025-08-18,2025-08-29,Nodes,perf_defect_report,duplicate,,0,,,,,0,,MeshPhysicalMaterial creation is 10x slower under WebGPURenderer due to uncached repeated getNodeType chains during node material setup; PR #31691 cut 70ms->20ms per 100 materials.,
31750,https://github.com/mrdoob/three.js/issues/31750,WebGPU: UV flips Y on WebGL fallback when a texture node is reused,CLOSED,2025-08-26,2025-09-26,Bug; Nodes,correctness_bug,cause_established,,1,SPC-01,shader_program_compilation,maintainer_confirmed,hypothetical,0,,"Reusing a TextureNode across passes bakes the flipY into shader code at setup time, so a render-target texture assigned later isn't flipped. Discussion covers why per-exchange re-setup is rejected on perf grounds.","Mugen87: ""Enforcing a setup per texture exchange is not an option since that results in too much overhead."""
31815,https://github.com/mrdoob/three.js/issues/31815,Support for InstancedMesh inside BundleGroup,CLOSED,2025-09-03,2026-06-18,Enhancement; WebGPURenderer,perf_feature_request,cause_asserted_unverified,,1,IBL-06,instancing_batching_limits,reporter_asserted,proposed_optimization,0,,Request to support InstancedMesh inside BundleGroup/RenderBundle in WebGPURenderer to reduce per-draw overhead for thousands of instances.,"body: ""using InstancedMesh inside BundleGroup is not documented and not work correctly"""
31866,https://github.com/mrdoob/three.js/issues/31866,TSL: `onDispose` listeners on PMREM textures grow indefinitely,CLOSED,2025-09-09,2025-09-09,Bug; WebGPURenderer,perf_defect_report,cause_asserted_unverified,,1,MLD-03,memory_leak_disposal,reporter_asserted,observed_cost,0,,"Sampler.js recreates the onDispose closure each call so removeEventListener fails, causing dispose listener arrays on PMREM/cube textures to grow unbounded and degrade frame time over time.","shotamatsuda: ""`removeEventListener` fails because `onDispose` is recreated every call"""
31872,https://github.com/mrdoob/three.js/issues/31872,TSL: Perfomance degradation when `map` and shadow map are used on materials,CLOSED,2025-09-10,2025-09-12,Regression; WebGPURenderer,perf_regression_report,cause_established,,1,SPC-07,shader_program_compilation,maintainer_confirmed,observed_cost,0,,"Regression from PR #31803: with map + shadow map, nodes are rebuilt every frame, tanking frame rate; confirmed by revert.","Mugen87: ""I can confirm reverting https://github.com/mrdoob/three.js/pull/31803 fixes the performance issue."""
31892,https://github.com/mrdoob/three.js/issues/31892,TRAANode: Reduce ghosting during motion.,OPEN,2025-09-12,,Post-processing,perf_defect_report,ruled_out_or_no_cause,,0,,,,,2,"TRAANode blends the history buffer without depth/disocclusion rejection, so history from moving or newly-disoccluded regions is accumulated, producing ghosting/smearing || TRAANode reuses SSAA's jitter offsets (diagonal low-frequency correlation) rather than a low-discrepancy Halton sequence, repeatedly shifting the image by 1px diagonally",TRAANode ghosting/smearing due to naive history accumulation without depth/disocclusion rejection; jitter pattern copied from SSAA rather than a low-discrepancy sequence.,
31935,https://github.com/mrdoob/three.js/issues/31935,BatchedMesh support for multiDraw*Instanced rendering,OPEN,2025-09-24,,Suggestion,perf_feature_request,cause_established,,2,IBL-02; DBD-01,instancing_batching_limits; device_browser_driver,measured; upstream_bug,observed_cost; observed_cost,0,,BatchedMesh's emulation of instancing via repeated multiDrawElements entries is ~1.5-2x slower than multiDrawElementsInstanced; traced to a suspected Chromium/ANGLE multidraw bottleneck.,"body: ""The current implementation emulates instancing by repeating the multidraw[Array|Elements] API parameters. Nonetheless, this approach is slower when compared to its instantiated flavor."" || gkjohnson: ""which suggests there is some bug in the underlying graphics wrapper for WebGL used by browsers"""
31959,https://github.com/mrdoob/three.js/issues/31959,WebGPU + Draco + KHR_mesh_quantization,CLOSED,2025-09-27,2025-10-15,Bug; Loaders; WebGPURenderer,correctness_bug,cause_established,,1,LPC-06,loader_parse_cost,maintainer_confirmed,observed_cost,0,,Draco + KHR_mesh_quantization produces unpadded vertex attributes (arrayStride not multiple of 4) invalid for WebGPU; the workaround of expanding to Float32Array on the main thread is slow.,"donmccurdy: ""doesn't appear to support padding for data alignment. Unless the Draco decoder has an option I've missed, we'd have to copy the vertex data and add padding as @samevision describes above. We could do this in a Web Worker (where the decoding runs already) but it's less than ideal from a "
32001,https://github.com/mrdoob/three.js/issues/32001,LineMaterial webgl shader crashes with big line width,CLOSED,2025-10-02,2025-10-07,,perf_defect_report,cause_asserted_unverified,,1,FOR-01,fillrate_overdraw_resolution,speculative,observed_cost,0,,2M wide LineSegments2 with linewidth 500 causes context loss on some machines; maintainer attributes slowness to fragment-bound massive overdraw.,"""I suspect the demo is fragment-shader bound and there is probably not much we can do about it. I could imagine though that a lot of overdraw happens"""
32020,https://github.com/mrdoob/three.js/issues/32020,"In WebGPURenderer, why does using a different camera cause renderContext to switch?",CLOSED,2025-10-06,2025-10-22,WebGPURenderer,perf_question_or_help,cause_established,,2,WBO-05; AAM-01,webgpu_backend_overhead; app_api_misuse,maintainer_confirmed; maintainer_confirmed,observed_cost; observed_cost,0,,"Switching/cloning cameras each frame in WebGPURenderer creates a new render context per camera, incurring one-time internal entity creation cost that is higher than in WebGLRenderer.","Mugen87: ""The overhead you see is a one-time cost that is required to create internal entities per state."" and ""You've cloned your camera in every frame which is no valid use case"" || ""You've cloned your camera in every frame which is no valid use case"""
32123,https://github.com/mrdoob/three.js/issues/32123,WebGPU: Dispose event listeners on `FramebufferTexture` grow indefinitely when rendering into multiple `CanvasTarget`s,CLOSED,2025-10-26,2025-10-27,Bug; WebGPURenderer,perf_defect_report,cause_established,,1,MLD-03,memory_leak_disposal,reporter_asserted,observed_cost,0,,"Rendering into multiple differently-sized CanvasTargets makes dispose event listeners on the internal FramebufferTexture accumulate every frame, degrading performance over time.","body: ""Heap snapshots point to the code that attaches the event listeners in question"" plus ""Track renderer._frameBufferTarget.textures[0]._listeners.dispose.length to confirm the growth."""
32191,https://github.com/mrdoob/three.js/issues/32191,Inspector is not working currectly,CLOSED,2025-11-05,2025-11-06,Addons,other_nonperf,incidental,,0,,,,,0,,Inspector throws a TypeError when render() is deferred by async/await inside the animation loop; performance only mentioned as an aside ('performance monitor').,
32202,https://github.com/mrdoob/three.js/issues/32202,[Regression] `v0.181.0` Breaks Lighting on Android,CLOSED,2025-11-06,2025-11-10,Regression,correctness_bug,no_mechanism,,0,,,,,0,,"r181 PMREM change broke IBL lighting on Android; cause was insufficient float precision (mediump vs highp) in the PMREM shader path, fixed in #32225 / 0.181.1.",
32214,https://github.com/mrdoob/three.js/issues/32214,Examples: FPS indicator stops working in Render Bundle demo.,CLOSED,2025-11-07,2025-11-08,,other_nonperf,incidental,,0,,,,,0,,"FPS indicator UI breaks in the renderbundle example because toggling checkboxes calls init() repeatedly, recreating GUI and resize listeners; a demo/UI bug, not a perf mechanism.",
32273,https://github.com/mrdoob/three.js/issues/32273,Support single pass with MSAA for WebGLBackend,CLOSED,2025-11-15,2025-11-15,WebGL Backend,perf_feature_request,cause_asserted_unverified,,1,RTP-02,render_target_postprocessing,reporter_asserted,observed_cost,0,,WebGPURenderer's mandatory second framebuffer-target pass for color space/tone mapping costs 2-4ms on low-end GPUs; can be avoided by setting NoToneMapping + LinearSRGBColorSpace.,"body: ""Having an extra (redundant when not using post processing) render pass, has a pretty huge overhead for a lot devices"""
32288,https://github.com/mrdoob/three.js/issues/32288,BufferGeometry.normalizeNormals() throws TypeError when normal attribute is missing,CLOSED,2025-11-16,2025-11-16,,correctness_bug,incidental,,0,,,,,0,,Missing normal attribute causes TypeError in normalizeNormals; maintainer declined validation citing performance cost of input validation.,
32305,https://github.com/mrdoob/three.js/issues/32305,support for occlusion culling,CLOSED,2025-11-18,2025-11-18,,perf_feature_request,cause_asserted_unverified,,1,CASI-05,culling_and_spatial_index,speculative,hypothetical,0,,Request for occlusion culling; frustum-only culling means fully hidden objects are still drawn. Maintainer points to WebGPU occlusion queries.,"body: ""currently the renderer supports only the frustum culling which may result in performance bottlenecks if there are soo many objects behind the wall"""
32340,https://github.com/mrdoob/three.js/issues/32340,ShapeUtils.triangulateShape should accept Vector2Like instead of relying on Vector2.equals,CLOSED,2025-11-24,2025-11-26,,perf_feature_request,cause_asserted_unverified,,1,PFAG-05,per_frame_allocation_gc,reporter_asserted,proposed_optimization,0,,Request to let triangulateShape accept plain objects to avoid mass Vector2 allocation; closed for lack of a demonstrated performance difference.,"body: ""forcing users to instantiate potentially large numbers of `Vector2` objects just to perform triangulation"""
32370,https://github.com/mrdoob/three.js/issues/32370,InstancedMesh does not correctly export with OBJExporter,CLOSED,2025-11-26,2025-11-26,,correctness_bug,cause_asserted_unverified,,1,DCO-05,draw_call_overhead,speculative,hypothetical,0,,OBJExporter ignores InstancedMesh instances; discussion notes that exporting instances as many separate meshes costs a draw call per object vs. one flattened geometry.,"mrdoob: 'GPU wise and Scene graph wise, producing an OBJ with 5000 meshes is much worse than producing a OBJ with 1 mesh that has flattened 5000 geometries.' prefaced by 'So, I think it's better to chose flattening for now', and disputed by the reporter"
32383,https://github.com/mrdoob/three.js/issues/32383,Swizzle mask support for Vectors,CLOSED,2025-11-26,2025-11-27,Suggestion,perf_feature_request,cause_asserted_unverified,,1,PFAG-01,per_frame_allocation_gc,maintainer_confirmed,hypothetical,0,,Vector swizzle() proposal rejected because it would hide per-call object allocation in hot loops.,"Mugen87: ""`swizzle()` will hide a lot of object creation that can introduce performance issues"""
32466,https://github.com/mrdoob/three.js/issues/32466,Inspector : GPU time miscalculation.,CLOSED,2025-12-03,2026-03-25,Bug; Addons,correctness_bug,cause_established,,0,,,,,0,,"Inspector reports inflated GPU time for bloom passes; attributed to CPU/GPU timestamp synchronization between performance.now() and async WebGPU timestamp queries. Not reproducible later, closed.",
32484,https://github.com/mrdoob/three.js/issues/32484,Incorrect arguments passed to gl.bufferSubData() when using updateRanges in WebGLAttributes.js,CLOSED,2025-12-05,2025-12-05,Help (please use the forum),perf_question_or_help,ruled_out_or_no_cause,,0,,,,,1,addUpdateRange start/count must be given in typed-array element units honoring itemSize; misuse causes wrong partial buffer uploads,Reporter believed bufferSubData updateRanges args were wrong; actually API misuse — start/count must be in array elements honoring itemSize. Without ranges the whole attribute is re-uploaded every frame.,
32524,https://github.com/mrdoob/three.js/issues/32524,WebGPURenderer: on camera switch the shader of skinned mesh is recompiled unnecessarily,CLOSED,2025-12-09,2025-12-31,Bug,perf_defect_report,cause_established,,1,SPC-02,shader_program_compilation,maintainer_confirmed,observed_cost,0,,"Switching cameras causes skinned-mesh shader regeneration/recompilation because bone UBO names embed a changing node.id, causing a shader cache miss; fixed by PRs #32546/#32557.",Mugen87: 'After #32546 and #32557 the performance issue should be fixed.' and sunag: 'The bug only highlights some things that we could improve internally.'; body: 'But it is triggering a cache miss and therefore a recompile.'
32582,https://github.com/mrdoob/three.js/issues/32582,Using the same material (Line2NodeMaterial) in WebGPU results in worse performance compared to using separate materials.,CLOSED,2025-12-19,2025-12-31,Bug; Nodes,perf_defect_report,no_mechanism,,0,,,,,0,,"Sharing one Line2NodeMaterial across 800 Line2 objects in WebGPU is far slower than per-object materials; no explanation given, thread closed without diagnosis.",
32597,https://github.com/mrdoob/three.js/issues/32597,Instanced mesh fails >=508 count (WebGPURenderer - WebGL2 fallback iOS <=16.2),CLOSED,2025-12-21,2025-12-30,Bug; WebGL Backend,correctness_bug,ruled_out_or_no_cause,,0,,,,,1,"InstanceNode allocates an instance-matrix UBO assuming a 64KB block size, exceeding the device's 16KB MAX_UNIFORM_BLOCK_SIZE, so instances beyond 507 silently fail to render",InstancedMesh with >=508 instances silently failed on iOS<=16.2 WebGL2 fallback: InstanceNode assumed 64KB UBO size while the device reports 16384 bytes MAX_UNIFORM_BLOCK_SIZE. Fixed on dev.,
32642,https://github.com/mrdoob/three.js/issues/32642,ViewportDepthTextureNode buffer caching breaks depth when using multiple targets.,CLOSED,2025-12-30,2026-01-03,Bug,correctness_bug,cause_established,,1,RTP-05,render_target_postprocessing,maintainer_confirmed,observed_cost,0,,ViewportDepthTextureNode's singleton shared depth buffer breaks depth with multiple render/canvas targets; the FRAME update type (introduced in #31591 for perf) causes stale data across render calls.,"Mugen87: ""the node will extract the contents of the current framebuffer for each render call. However, #31591 recently changed this for performance reasons."""
32675,https://github.com/mrdoob/three.js/issues/32675,WebGPURenderer: Potential performance regression starting with r176.,CLOSED,2026-01-06,2026-01-10,Regression,perf_regression_report,cause_established,,1,CAH-05,core_algorithmic_hotpath,maintainer_confirmed,observed_cost,0,,"WebGPURenderer CPU load rose sharply from r176/r178 onward due to added per-render-object validation and caching checks, lowering FPS on weaker CPUs.","Mugen87: ""certain validation and caching checks were missing in r172 that had to added in later versions"""
32686,https://github.com/mrdoob/three.js/issues/32686,"Regression: logarithmicDepthBuffer issues in v181, not present in v180 -- ""cut"" sprites",CLOSED,2026-01-08,2026-01-09,Regression,correctness_bug,incidental,,0,,,,,0,,Sprites get clipped with logarithmicDepthBuffer in r181; bisected to #32109 where positionView.z now uses clipSpace and once() isn't reapplied in the fragment stage. Reporter notes logarithmicDepthBuffer itself costs performance.,
32689,https://github.com/mrdoob/three.js/issues/32689,Framebuffer caching not working for ViewportDepthTextureNode and ViewporTextureNode when rendering to multiple canvases of different size,CLOSED,2026-01-08,2026-03-02,Bug; WebGPURenderer; Nodes,perf_defect_report,cause_established,,1,RTP-05,render_target_postprocessing,reporter_asserted,observed_cost,0,,"When rendering to multiple canvas targets of different sizes, viewport texture/depth caching fails and textures are destroyed and recreated 6 times per frame.","body: ""Notice that each frame 6 buffer textures are destroyed and created."""
32735,https://github.com/mrdoob/three.js/issues/32735,Inefficient compute pipeline caching mechanism in webGPU,OPEN,2026-01-12,,Enhancement; WebGPURenderer,perf_feature_request,cause_established,,2,SPC-17; CGSS-05,shader_program_compilation; cpu_gpu_sync_stall,maintainer_confirmed; reporter_asserted,proposed_optimization; proposed_optimization,0,,"Compute pipelines are cached by ComputeNode.id rather than shader source + binding layout, so N ComputeNodes with identical logic compile N GPUComputePipelines, preventing optimal batching.","sunag: ""It makes sense to reopen. From this perspective, the problem has not been entirely resolved."" and ""Even if we improved the internal cache, this would still require recompiling the nodes"" || ""we're calling `device.queue` three times, which is not as efficient as scheduling all three nodes at once"""
32776,https://github.com/mrdoob/three.js/issues/32776,webgpu SSR issue when combined with Sprites,CLOSED,2026-01-17,2026-01-20,WebGPURenderer,correctness_bug,incidental,,0,,,,,0,,"LensflareMesh writes bad normals/metalrough/depth into the MRT attachments used by SSR, showing the sprite quad outline; workaround is an opaque pre-pass or depthWrite=false.",
32779,https://github.com/mrdoob/three.js/issues/32779,blur samples for PCF shadows,CLOSED,2026-01-18,2026-01-30,Enhancement,perf_feature_request,cause_established,,2,SM-01; SPC-01,shadow_maps; shader_program_compilation,maintainer_confirmed; reporter_asserted,hypothetical; observed_cost,0,,"Request to make PCF shadow blurSamples configurable; rejected partly because high-sample/high-radius PCF is slower than VSM for soft shadows, and shader-side looping is too slow vs JS-side unrolling.","Mugen87: ""soft shadows with VSM perform better than PCF with a high radius and many samples"" || trusktr: ""the JS-side loop unrolling does not get re-built when `shadow.blurSamples` is updated (and shader-side looping is too slow)"""
32837,https://github.com/mrdoob/three.js/issues/32837,Performance degradation for SVGRenderer,CLOSED,2026-01-23,2026-03-21,Regression; Addons,perf_regression_report,cause_asserted_unverified,,1,TS-01,transparency_sorting,reporter_asserted,observed_cost,0,,"SVGRenderer became dramatically slower in r182 (seconds -> >1 minute timeout) for complex models, attributed to the new render-list sorting introduced by #32111/#32210.","body: ""After the change around r182 (the new render-list sorting), SVG rendering of complex models became dramatically slower"""
32894,https://github.com/mrdoob/three.js/issues/32894,DEFAULT_MATRIX_WORLD_AUTO_UPDATE and updateMatrixWorld(true) do not work as expected,CLOSED,2026-01-30,2026-01-31,Documentation,perf_question_or_help,incidental,,0,,,,,0,,Misuse of DEFAULT_MATRIX_WORLD_AUTO_UPDATE=false; force=true does not bypass matrixWorldAutoUpdate. Maintainer explains matrix update flags are a perf tuning knob and that adding a more dynamic mechanism costs performance.,
32903,https://github.com/mrdoob/three.js/issues/32903,Wireframe caching in getWireframeAttribute fails to update with geometryIndex.version,CLOSED,2026-01-30,2026-01-31,,correctness_bug,cause_established,,2,GBU-04; MLD-02,geometry_buffer_updates; memory_leak_disposal,maintainer_confirmed; maintainer_confirmed,observed_cost; observed_cost,0,,Wireframe index cache compares geometryIndex.version and goes stale after geometry.copy()/clone(); maintainer declines more dynamic attribute support because the extra per-object checks measurably raise renderer CPU load.,"Mugen87: ""This tiny change on its own adds overhead which is visible in Chrome's Task Manager as additional CPU load in our performance stress tests."" || Mugen87: ""By replacing existing attributes, you effectively create memory leaks since `dispose()` only works on geometry level."""
32916,https://github.com/mrdoob/three.js/issues/32916,WebGPURenderer performance trace analysis,CLOSED,2026-02-01,2026-05-23,Suggestion,perf_defect_report,cause_established,,4,CAH-05; TS-01; LUU-01; MWU-01,core_algorithmic_hotpath; transparency_sorting; lights_uniforms_ubo; matrix_world_updates,measured; measured; maintainer_confirmed; measured,observed_cost; observed_cost; observed_cost; observed_cost,0,,"CPU profile of WebGPURenderer example identifies ChainMap lookups, NodeMaterialObserver property comparisons, sorting, cache key strings, and UBO binding overhead as top CPU consumers.","body: ""37,647         │ get (ChainMap)         │ ChainMap.js"" || body: ""3,187          │ painterSortStable      │ RenderList.js:12"" || Mugen87: ""The by far biggest (WebGL related) CPU issues are actually not listed which is the UBO binding and update overhead (see #30560)"" || body: ""13,202         │ updateMatrixWorld      │ Object3D.js"""
32939,https://github.com/mrdoob/three.js/issues/32939,Batched mesh does not work correctly with wifreframe mode,CLOSED,2026-02-03,2026-02-04,Bug,correctness_bug,no_mechanism,,0,,,,,0,,BatchedMesh wireframe renders incorrectly (also on WebGL); performance only mentioned as an aside about workarounds.,
32940,https://github.com/mrdoob/three.js/issues/32940,"For the WebGPU and WebGL rendering engines, when loading 10,000 Mesh objects (with the same data and materials), WebGPU's rendering is slower than WebGL's. What is the principle behind this?",CLOSED,2026-02-03,2026-02-03,Duplicate,perf_question_or_help,duplicate,,0,,,,,0,,"WebGPURenderer slower than WebGL with 10,000 individual meshes; closed as duplicate of #26673/#30560.",
32958,https://github.com/mrdoob/three.js/issues/32958,Perf: RenderObject.getGeometryCacheKey() creates temporary arrays every frame,CLOSED,2026-02-04,2026-02-04,,perf_defect_report,cause_asserted_unverified,,0,,,,,0,,Claim that getGeometryCacheKey allocates temp arrays/strings every frame; maintainer refuted—it is not called per frame.,
32959,https://github.com/mrdoob/three.js/issues/32959,WebGPURenderer: Add _propertiesVersion tracking to optimize NodeMaterialObserver,CLOSED,2026-02-04,2026-02-05,,perf_feature_request,cause_asserted_unverified,,1,CAH-05,core_algorithmic_hotpath,reporter_asserted,observed_cost,0,,Proposal to add _propertiesVersion setters to materials to avoid NodeMaterialObserver's ~55 per-frame property comparisons; declined as AI-driven.,"""method currently compares ~55 material properties every frame for each render object. In performance traces, this contributes ~9ms+ of CPU time in scenes with many objects."""
33052,https://github.com/mrdoob/three.js/issues/33052,Suggestion: Basic introduction to physics engine concepts in the physics manual page,CLOSED,2026-02-23,2026-02-23,Manual,other_nonperf,incidental,,0,,,,,0,,Manual documentation scope suggestion about physics concepts; performance mentioned only as a topic to document.,
33060,https://github.com/mrdoob/three.js/issues/33060,Feedback loop error with transmission + `antialias: false` + `DoubleSide` since r182,CLOSED,2026-02-24,2026-02-25,Regression,perf_regression_report,cause_established,,1,RTP-11,render_target_postprocessing,maintainer_confirmed,observed_cost,0,,"Since r182 transmission render target uses capabilities.samples; with antialias:false it becomes samples:0, causing a framebuffer/texture feedback loop and per-frame GL error flooding.","Mugen87: ""The force of MSAA has hidden a feedback loop that is present in the current transmission implementation."""
33062,https://github.com/mrdoob/three.js/issues/33062,How to Sharing depth between passes?,CLOSED,2026-02-25,2026-07-15,Enhancement; WebGPURenderer,perf_feature_request,cause_asserted_unverified,,1,RTP-05,render_target_postprocessing,speculative,hypothetical,0,,Request to share depth between PassNodes; discussion notes memory/bandwidth cost of compositing separate passes.,"Mugen87: ""I believe this is slower than the previous `RenderPass` approach since you add the base and ui texture in a shader which means you need double memory and bandwidth."""
33080,https://github.com/mrdoob/three.js/issues/33080,Some maps cause low performance,CLOSED,2026-02-27,2026-03-13,Needs Investigation,perf_defect_report,cause_asserted_unverified,,1,TUD-07,texture_upload_decode,speculative,hypothetical,0,,"User reports aoMap/normalMap causing GPU overload under WebGPU but not WebGL; no reproducible asset, closed.","comment by Makio64: ""Normal map & ao map add more operation on the gpu ( reading the texture in fragment ), but here im suspecting 2 things : overdraw + too many vertex / mesh."""
33107,https://github.com/mrdoob/three.js/issues/33107,`Renderer._renderObjectDirect()`: 4x object allocation per mesh per render GC pressure/jank,CLOSED,2026-03-02,2026-03-03,WebGPURenderer,perf_defect_report,cause_asserted_unverified,,1,PFAG-09,per_frame_allocation_gc,reporter_asserted,proposed_optimization,0,,"Report that _renderObjectDirect allocates 4 objects per mesh per frame (two closures in WebGPUBackend, two Object.keys arrays in NodeMaterialObserver), creating GC pressure.","body: ""4 objects are allocated per mesh for each render, and never used again. Two of the objects are full blown function closures, and two of them are arrays created by `Object.keys()`"""
33161,https://github.com/mrdoob/three.js/issues/33161,WebGLRenderer: Better support for blitFramebuffer,OPEN,2026-03-12,,Enhancement,perf_feature_request,cause_established,,1,RTP-05,render_target_postprocessing,measured,observed_cost,0,,copyTextureToTexture is much slower than blitFramebuffer or a fullscreen copy pass when used per-frame; request for a blit API.,"body: ""I've done some testing and found that `blitFramebuffer` is on par with a copy shader while `copyTextureToTexture` is much slower"" plus profiling screenshots and a StackBlitz test bed"
33177,https://github.com/mrdoob/three.js/issues/33177,Add optional force monoscopic rendering mode to WebXRManager,CLOSED,2026-03-14,2026-07-29,Won't fix,perf_feature_request,incidental,,0,,,,,0,,Request for forced monoscopic WebXR rendering; performance only mentioned as 'negligible impact'. Closed as won't fix.,
33188,https://github.com/mrdoob/three.js/issues/33188,OutlineNode.js will affect rendering frame rate.,CLOSED,2026-03-16,2026-03-16,,perf_defect_report,duplicate,30718,0,,,,,0,,Frame rate drop with WebGPU OutlineNode plus many Line2 objects; closed as duplicate of #30718.,
33193,https://github.com/mrdoob/three.js/issues/33193,Support for EXT_texture_norm16,CLOSED,2026-03-16,2026-04-01,Enhancement,perf_feature_request,cause_asserted_unverified,,1,TUD-15,texture_upload_decode,speculative,hypothetical,0,,Request for EXT_texture_norm16 support; mentions perf drawback of emulating interpolation with integer textures.,"body: ""integers: works, but you lose the linear interpolation in the shader and have to mimic it which might come with a drop in performance"""
33194,https://github.com/mrdoob/three.js/issues/33194,WebGPURenderer: Performance regression and high memory overhead with multiple Meshes and Multi-Materials compared to WebGLRenderer,CLOSED,2026-03-17,2026-03-17,Duplicate,perf_defect_report,duplicate,32916,0,,,,,0,,WebGPURenderer slower and more memory-hungry than WebGL with 1300 multi-material meshes; maintainer profiled it to NodeMaterialObserver.needsRefresh and bindBufferBase overhead; duplicate of #32916.,
33215,https://github.com/mrdoob/three.js/issues/33215,GPU vector text rendering via the Slug algorithm — atlas-free alternative to SDF/MSDF,CLOSED,2026-03-19,2026-03-23,,perf_feature_request,cause_asserted_unverified,,1,GBU-12,geometry_buffer_updates,reporter_asserted,proposed_optimization,0,,"Proposal for Slug-based GPU vector text; describes cost profiles of existing text approaches. Closed, encouraged as third-party addon.","body: ""Tessellates font outlines into triangle meshes. Produces crisp results but at very high polygon counts, making it impractical for scenes with significant amounts of text."""
33219,https://github.com/mrdoob/three.js/issues/33219,iPad Pro and BundleGroup,CLOSED,2026-03-20,2026-03-26,Device Issue; WebGPURenderer,perf_defect_report,ruled_out_or_no_cause,,0,,,,,1,WebKit WebGPU implementation bug affecting Apple A12 SoC devices causes the render bundle example to render a black screen on iPad Pro,WebGPU renderbundle performance example renders black on iPad Pro; traced to a WebKit/A12 SoC bug.,
33251,https://github.com/mrdoob/three.js/issues/33251,WebGPU Offscreen example including Inspector,CLOSED,2026-03-26,2026-03-27,Won't fix,perf_feature_request,no_mechanism,,0,,,,,0,,Request for a WebGPU OffscreenCanvas example with the Inspector; declined because Inspector depends on the DOM.,
33342,https://github.com/mrdoob/three.js/issues/33342,TSL: Cache function nodes per renderer,CLOSED,2026-04-06,2026-05-03,TSL,correctness_bug,cause_asserted_unverified,,1,SPC-04,shader_program_compilation,reporter_asserted,hypothetical,0,,"TSL function layout caching is module-level, causing stale nodes across renderers; avoiding layouts causes rebuild cost each use.","body: ""Avoiding function layouts causes nodes to be rebuilt every time the function is used, which is suboptimal."""
33355,https://github.com/mrdoob/three.js/issues/33355,WebGPU outline pass unnecessary overhead if no objects are selected,CLOSED,2026-04-09,2026-04-09,Post-processing,perf_defect_report,cause_established,,1,RTP-14,render_target_postprocessing,maintainer_confirmed,proposed_optimization,0,,WebGPU outline pass executes its full set of passes even when selectedObjects is empty; maintainer confirmed and filed a patch.,"Mugen87: ""Excellent observation! I'll file a PR with a patch."" in response to ""this should not be necessary."""
33367,https://github.com/mrdoob/three.js/issues/33367,"BatchedMesh can add multiple instances and assign different materials. By using instanceIndex, you can obtain the entity ID and apply more complex applications!",CLOSED,2026-04-11,2026-04-14,Help (please use the forum),perf_feature_request,cause_established,,1,IBL-08,instancing_batching_limits,maintainer_confirmed,hypothetical,0,,"Request for per-instance materials in BatchedMesh; maintainers explain instancing requires one shader, suggest atlas/array textures.","Mugen87: ""instanced rendering requires to render all instances with the same shader"" and ""defeats the purpose of what the class is intended for (draw call reduction via batching and instancing)"""
33428,https://github.com/mrdoob/three.js/issues/33428,TSL: Override UniformGroup with data from Object,CLOSED,2026-04-20,2026-04-20,,perf_feature_request,cause_established,,1,LUU-01,lights_uniforms_ubo,maintainer_confirmed,hypothetical,0,,Request for per-object UniformGroup override in TSL; maintainer says per-object uniform updates perform poorly and points to sharedUniformGroup().,"sunag: ""Updating uniforms per object, besides not performing well since it requires updating uniform buffers per object"""
33500,https://github.com/mrdoob/three.js/issues/33500,MikkTSpace memory leaking on multiple computes,CLOSED,2026-04-29,2026-04-29,Addons,perf_defect_report,cause_established,,1,MLD-08,memory_leak_disposal,reporter_asserted,observed_cost,0,,MikkTSpace addon's WASM memory buffer grows without being freed across repeated computeMikkTSpaceTangents calls; no dispose path.,"""you can see that the byteLength grows without going back to its base size"" plus before/after memory screenshots from the example branches"
33547,https://github.com/mrdoob/three.js/issues/33547,TSL: select() compiled to if statement in WGSL,CLOSED,2026-05-09,2026-05-10,TSL; Low priority,perf_defect_report,cause_asserted_unverified,,1,SPC-08,shader_program_compilation,reporter_asserted,hypothetical,0,,"TSL select() emitted as an if/else in WGSL, introducing branching instead of branchless select; resolved by using .uniformFlow().","""This avoids the performance cost of thread divergence that can happen with an if statement."" — non-maintainer, no measurement, hedged (""can happen"", ""could be worth fixing"")"
33548,https://github.com/mrdoob/three.js/issues/33548,TSL: Switch statement compiled to If else in WGSL,OPEN,2026-05-09,,TSL; Low priority,perf_question_or_help,no_mechanism,,0,,,,,0,,"TSL Switch compiles to if/else in WGSL; maintainer says it only matters if performance differs, no measurement given.",
33665,https://github.com/mrdoob/three.js/issues/33665,Renderer.compileAsync() may use stale frustum/projection state before _projectObject(),CLOSED,2026-05-28,2026-05-28,Bug,perf_defect_report,cause_asserted_unverified,,1,SPC-11,shader_program_compilation,reporter_asserted,observed_cost,0,,"compileAsync() calls _projectObject() without updating _frustum/_projScreenMatrix, so precompilation may miss objects that then build pipelines during the first real frame.","body: ""`compileAsync()` may traverse a different object set because `_projectObject()` uses stale `_frustum` / `_projScreenMatrix` state from a previous render pass."""
33673,https://github.com/mrdoob/three.js/issues/33673,forced single node program cache key for materials in the context of vector tiles,CLOSED,2026-05-28,2026-06-20,WebGPURenderer,perf_defect_report,cause_established,,2,SPC-02; GBU-01,shader_program_compilation; geometry_buffer_updates,maintainer_confirmed; maintainer_confirmed,observed_cost; proposed_optimization,0,,"Per-object node program cache keys (object UUID encoded into cache key) force material rebuilds for Line2/LineSegments2/Sprites/InstancedMesh in a vector-tile app, making render 5-6x slower.","Mugen87: ""The rebuild happens for `InstancedMesh` and all 3D object using `count` because of"" || Mugen87: ""You should never create/destroy geometry buffers per frame."""
33678,https://github.com/mrdoob/three.js/issues/33678,Performance panel is affecting scene FPS,CLOSED,2026-05-29,2026-06-09,Addons,perf_defect_report,cause_established,,1,O-04,other,reporter_asserted,observed_cost,0,,The stats/performance panel addon costs ~5 FPS because its graph is an SVG repainted every frame.,"marcofugaro (maintainer): ""the performance graph is using an SVG repainted every frame. This triggers Chrome's repaint, which is expensive""; ""goes from an average of 58fps, to an average of 53fps"""
33685,https://github.com/mrdoob/three.js/issues/33685,Three.js r184: Severe First-Frame Stutter with a Large Number of Meshes,CLOSED,2026-05-30,2026-06-01,Nodes,perf_defect_report,cause_established,,2,SPC-04; LUU-02,shader_program_compilation; lights_uniforms_ubo,maintainer_confirmed; reporter_asserted,observed_cost; proposed_optimization,0,,~15s first-frame stall with 1000 TSL node materials because each unique colorNode forces a separate shader build; also UBO update overhead per object.,"Mugen87: ""the materials require separate builds in this case because they can't share a shader"" || jellychen: ""all per-object uniform values are maintained through the same uniform buffer path, which causes a lot of unnecessary updates"""
33687,https://github.com/mrdoob/three.js/issues/33687,Three.js r184 How does Three.js share node materials?,CLOSED,2026-05-30,2026-05-30,Help (please use the forum),perf_question_or_help,cause_asserted_unverified,,0,,,,,0,,How to share node materials with differing uniforms; redirected to forum and merged into #33685.,
33797,https://github.com/mrdoob/three.js/issues/33797,WebGPURenderer CPU performance audit,CLOSED,2026-06-13,2026-06-16,WebGPURenderer,perf_defect_report,cause_asserted_unverified,,0,,,,,0,,Audit of WebGPURenderer per-frame CPU hot paths; all listed items fixed.,
33821,https://github.com/mrdoob/three.js/issues/33821,WebGPURenderer: Material initialization is extremely slow compared to WebGLRenderer,OPEN,2026-06-16,,WebGPURenderer; Nodes,perf_defect_report,cause_established,,5,SPC-04; WBO-04; DCO-03; LUU-07; RTP-02,shader_program_compilation; webgpu_backend_overhead; draw_call_overhead; lights_uniforms_ubo; render_target_postprocessing,maintainer_confirmed; measured; speculative; maintainer_confirmed; measured,observed_cost; observed_cost; proposed_optimization; observed_cost; observed_cost,0,,WebGPURenderer material/node initialization and per-render overhead is 16-36x slower than WebGLRenderer for many unique materials / many render calls.,"Mugen87: ""This line triggers as unique node builder state for each material because each node material has a unique node."" || Mugen87: ""the by far most expensive API call is `device.queue.submit()` which takes almost 70% of the execution time"", plus 500ms vs 80ms WebGPU/WebGL backend timings and attached trace || greggman (not on maintainer list): ""WebGPU though, you're building that buffer so its up to you not to repeat yourself."" || Mugen87: ""One major overhead comes from the UBO usage in WebGPURenderer"" || Mugen87: ""With color space conversion per render (~900ms)"" vs ""Without color space conversion (~500ms)"""
33838,https://github.com/mrdoob/three.js/issues/33838,"TSL: toVar inside IF triggers incorrect warning ""Declaration name '...' of 'vec3' already in use. Renamed to '...'""",OPEN,2026-06-18,,TSL,correctness_bug,cause_asserted_unverified,,1,SPC-04,shader_program_compilation,speculative,hypothetical,0,,toVar inside If triggers spurious rename warning because PointsNodeMaterial builds positionNode twice in separate sub-build scopes; sunag notes it likely also affects performance.,"sunag: ""I've detected a problem, which must also be affecting performance."" — the perf link is hedged (""must also be"") with no measurement; Mugen87 confirms double build but himself hedges (""I think this is specific to `PointsNodeMaterial`"") and makes no perf claim"
33840,https://github.com/mrdoob/three.js/issues/33840,Support index0AttributeName for All Materials,CLOSED,2026-06-19,2026-06-19,Suggestion,perf_feature_request,cause_asserted_unverified,,1,DBD-09,device_browser_driver,maintainer_confirmed,observed_cost,0,,Request to expose index0AttributeName on all materials to avoid the WebGL 'Attribute 0 is disabled' performance penalty; fixed by always binding position to location 0.,"""I think it's because the GLSL linker assign attribute locations."" — hedged with ""I think"", no measurement"
33914,https://github.com/mrdoob/three.js/issues/33914,GTAONode: banding appears at low radius,CLOSED,2026-06-30,2026-07-01,Post-processing,correctness_bug,cause_asserted_unverified,,1,RTP-06,render_target_postprocessing,speculative,hypothetical,0,,GTAO banding at low radius from sampling a full-res depth buffer at half resolution; textureGather fix would cost performance on WebGL2.,"Mugen87: ""isn't available in WebGL2. It is emluated with multiple `textureLod()` which will worsen the performance"""
